Date,COL,NG,OTH,SUN,WAT,WND
2023-01-01 00:00:00,916.0,250.0,212.0,66.0,0.0,255.0
2023-01-01 01:00:00,1051.0,392.0,220.0,10.0,0.0,243.0
2023-01-01 02:00:00,1069.0,474.0,223.0,0.0,0.0,234.0
2023-01-01 03:00:00,1066.0,381.0,222.0,0.0,0.0,196.0
2023-01-01 04:00:00,1144.0,381.0,219.0,0.0,0.0,239.0
2023-01-01 05:00:00,1084.0,328.0,209.0,0.0,0.0,249.0
2023-01-01 06:00:00,953.0,210.0,210.0,0.0,0.0,256.0
2023-01-01 07:00:00,907.0,224.0,220.0,0.0,0.0,250.0
2023-01-01 08:00:00,873.0,239.0,216.0,0.0,0.0,245.0
2023-01-01 09:00:00,941.0,214.0,187.0,0.0,0.0,210.0
2023-01-01 10:00:00,965.0,207.0,156.0,0.0,3.0,199.0
2023-01-01 11:00:00,953.0,188.0,156.0,0.0,228.0,215.0
2023-01-01 12:00:00,939.0,194.0,156.0,0.0,235.0,198.0
2023-01-01 13:00:00,937.0,219.0,149.0,0.0,183.0,179.0
2023-01-01 14:00:00,943.0,221.0,149.0,0.0,183.0,145.0
2023-01-01 15:00:00,1008.0,217.0,167.0,0.0,183.0,129.0
2023-01-01 16:00:00,1029.0,209.0,174.0,23.0,0.0,58.0
2023-01-01 17:00:00,960.0,166.0,152.0,289.0,0.0,25.0
2023-01-01 18:00:00,839.0,155.0,128.0,393.0,0.0,12.0
2023-01-01 19:00:00,696.0,138.0,113.0,603.0,0.0,22.0
2023-01-01 20:00:00,614.0,138.0,108.0,513.0,0.0,39.0
2023-01-01 21:00:00,705.0,138.0,106.0,460.0,0.0,82.0
2023-01-01 22:00:00,778.0,138.0,119.0,427.0,0.0,118.0
2023-01-01 23:00:00,860.0,138.0,130.0,312.0,0.0,108.0
2023-01-02 00:00:00,981.0,198.0,148.0,178.0,0.0,62.0
2023-01-02 01:00:00,1060.0,348.0,201.0,31.0,186.0,57.0
2023-01-02 02:00:00,1187.0,469.0,238.0,0.0,227.0,63.0
2023-01-02 03:00:00,1212.0,496.0,235.0,0.0,227.0,52.0
2023-01-02 04:00:00,1213.0,493.0,237.0,0.0,228.0,64.0
2023-01-02 05:00:00,1214.0,545.0,238.0,0.0,228.0,53.0
2023-01-02 06:00:00,1222.0,488.0,234.0,0.0,228.0,32.0
2023-01-02 07:00:00,1220.0,377.0,234.0,0.0,227.0,30.0
2023-01-02 08:00:00,1218.0,236.0,222.0,0.0,229.0,34.0
2023-01-02 09:00:00,1212.0,230.0,225.0,0.0,231.0,48.0
2023-01-02 10:00:00,1214.0,236.0,226.0,0.0,239.0,40.0
2023-01-02 11:00:00,1215.0,243.0,220.0,0.0,238.0,20.0
2023-01-02 12:00:00,1215.0,246.0,214.0,0.0,241.0,12.0
2023-01-02 13:00:00,1217.0,245.0,216.0,0.0,240.0,26.0
2023-01-02 14:00:00,1216.0,246.0,222.0,0.0,238.0,10.0
2023-01-02 15:00:00,1213.0,246.0,228.0,0.0,191.0,0.0
2023-01-02 16:00:00,1124.0,246.0,215.0,3.0,4.0,0.0
2023-01-02 17:00:00,976.0,211.0,192.0,377.0,0.0,0.0
2023-01-02 18:00:00,829.0,192.0,189.0,669.0,0.0,0.0
2023-01-02 19:00:00,679.0,243.0,192.0,800.0,0.0,0.0
2023-01-02 20:00:00,618.0,241.0,195.0,743.0,0.0,0.0
2023-01-02 21:00:00,737.0,244.0,197.0,740.0,0.0,1.0
2023-01-02 22:00:00,887.0,249.0,201.0,557.0,0.0,4.0
2023-01-02 23:00:00,1010.0,272.0,204.0,310.0,0.0,6.0
2023-01-03 00:00:00,1131.0,663.0,231.0,87.0,6.0,21.0
2023-01-03 01:00:00,1207.0,866.0,242.0,6.0,237.0,25.0
2023-01-03 02:00:00,1217.0,945.0,248.0,0.0,217.0,26.0
2023-01-03 03:00:00,1218.0,857.0,245.0,0.0,238.0,37.0
2023-01-03 04:00:00,1220.0,704.0,235.0,0.0,238.0,60.0
2023-01-03 05:00:00,1221.0,586.0,230.0,0.0,223.0,64.0
2023-01-03 06:00:00,1222.0,586.0,229.0,0.0,217.0,115.0
2023-01-03 07:00:00,1222.0,582.0,229.0,0.0,191.0,125.0
2023-01-03 08:00:00,1224.0,542.0,226.0,0.0,0.0,142.0
2023-01-03 09:00:00,1201.0,491.0,225.0,0.0,0.0,167.0
2023-01-03 10:00:00,1077.0,491.0,225.0,0.0,0.0,191.0
2023-01-03 11:00:00,1037.0,491.0,217.0,0.0,0.0,128.0
2023-01-03 12:00:00,1035.0,491.0,223.0,0.0,0.0,114.0
2023-01-03 13:00:00,1006.0,491.0,227.0,0.0,0.0,109.0
2023-01-03 14:00:00,1132.0,491.0,236.0,0.0,0.0,105.0
2023-01-03 15:00:00,1212.0,491.0,229.0,0.0,0.0,125.0
2023-01-03 16:00:00,1215.0,490.0,233.0,71.0,0.0,82.0
2023-01-03 17:00:00,1216.0,227.0,203.0,410.0,0.0,99.0
2023-01-03 18:00:00,1213.0,320.0,218.0,579.0,0.0,89.0
2023-01-03 19:00:00,1212.0,269.0,219.0,685.0,0.0,63.0
2023-01-03 20:00:00,1151.0,169.0,158.0,823.0,0.0,53.0
2023-01-03 21:00:00,1101.0,233.0,148.0,744.0,0.0,65.0
2023-01-03 22:00:00,1061.0,272.0,159.0,701.0,235.0,62.0
2023-01-03 23:00:00,1175.0,326.0,159.0,471.0,372.0,63.0
2023-01-04 00:00:00,1213.0,556.0,196.0,275.0,456.0,69.0
2023-01-04 01:00:00,1210.0,1002.0,244.0,14.0,472.0,76.0
2023-01-04 02:00:00,1211.0,910.0,222.0,0.0,374.0,73.0
2023-01-04 03:00:00,1217.0,875.0,184.0,0.0,195.0,88.0
2023-01-04 04:00:00,1215.0,943.0,180.0,0.0,189.0,117.0
2023-01-04 05:00:00,1206.0,912.0,201.0,0.0,169.0,169.0
2023-01-04 06:00:00,1212.0,802.0,176.0,0.0,0.0,207.0
2023-01-04 07:00:00,1221.0,643.0,182.0,0.0,0.0,186.0
2023-01-04 08:00:00,1187.0,409.0,177.0,0.0,0.0,187.0
2023-01-04 09:00:00,1083.0,344.0,162.0,0.0,0.0,141.0
2023-01-04 10:00:00,983.0,312.0,164.0,0.0,1.0,178.0
2023-01-04 11:00:00,953.0,331.0,164.0,0.0,0.0,143.0
2023-01-04 12:00:00,905.0,424.0,161.0,0.0,0.0,113.0
2023-01-04 13:00:00,967.0,471.0,162.0,0.0,0.0,42.0
2023-01-04 14:00:00,1091.0,480.0,180.0,0.0,1.0,30.0
2023-01-04 15:00:00,1132.0,461.0,155.0,0.0,0.0,36.0
2023-01-04 16:00:00,1208.0,486.0,163.0,17.0,0.0,65.0
2023-01-04 17:00:00,1222.0,491.0,175.0,72.0,1.0,65.0
2023-01-04 18:00:00,1219.0,494.0,160.0,149.0,1.0,58.0
2023-01-04 19:00:00,1218.0,396.0,165.0,172.0,2.0,51.0
2023-01-04 20:00:00,1216.0,392.0,166.0,236.0,5.0,67.0
2023-01-04 21:00:00,1216.0,467.0,212.0,178.0,7.0,83.0
2023-01-04 22:00:00,1217.0,435.0,187.0,89.0,194.0,100.0
2023-01-04 23:00:00,1217.0,408.0,163.0,80.0,219.0,130.0
2023-01-05 00:00:00,1216.0,508.0,187.0,39.0,245.0,110.0
2023-01-05 01:00:00,1206.0,700.0,211.0,9.0,195.0,104.0
2023-01-05 02:00:00,1209.0,690.0,232.0,0.0,193.0,85.0
2023-01-05 03:00:00,1212.0,712.0,193.0,0.0,192.0,83.0
2023-01-05 04:00:00,1214.0,737.0,238.0,0.0,8.0,121.0
2023-01-05 05:00:00,1219.0,742.0,241.0,0.0,5.0,137.0
2023-01-05 06:00:00,1224.0,750.0,199.0,0.0,5.0,192.0
2023-01-05 07:00:00,1223.0,775.0,215.0,0.0,5.0,173.0
2023-01-05 08:00:00,1168.0,806.0,197.0,0.0,5.0,108.0
2023-01-05 09:00:00,999.0,753.0,173.0,0.0,5.0,109.0
2023-01-05 10:00:00,893.0,658.0,174.0,0.0,5.0,158.0
2023-01-05 11:00:00,891.0,669.0,167.0,0.0,5.0,184.0
2023-01-05 12:00:00,828.0,670.0,165.0,0.0,5.0,129.0
2023-01-05 13:00:00,858.0,702.0,173.0,0.0,5.0,194.0
2023-01-05 14:00:00,906.0,901.0,170.0,0.0,5.0,116.0
2023-01-05 15:00:00,872.0,950.0,178.0,0.0,5.0,114.0
2023-01-05 16:00:00,913.0,962.0,189.0,27.0,6.0,30.0
2023-01-05 17:00:00,872.0,789.0,195.0,95.0,10.0,66.0
2023-01-05 18:00:00,902.0,770.0,197.0,88.0,12.0,112.0
2023-01-05 19:00:00,839.0,774.0,222.0,173.0,14.0,97.0
2023-01-05 20:00:00,804.0,770.0,227.0,296.0,15.0,99.0
2023-01-05 21:00:00,781.0,728.0,226.0,254.0,15.0,156.0
2023-01-05 22:00:00,658.0,712.0,218.0,263.0,13.0,153.0
2023-01-05 23:00:00,600.0,700.0,217.0,258.0,14.0,56.0
2023-01-06 00:00:00,716.0,708.0,225.0,45.0,15.0,61.0
2023-01-06 01:00:00,720.0,893.0,226.0,9.0,15.0,96.0
2023-01-06 02:00:00,649.0,1057.0,227.0,0.0,15.0,138.0
2023-01-06 03:00:00,653.0,1032.0,231.0,0.0,15.0,234.0
2023-01-06 04:00:00,640.0,963.0,231.0,0.0,15.0,250.0
2023-01-06 05:00:00,667.0,912.0,231.0,0.0,15.0,244.0
2023-01-06 06:00:00,815.0,693.0,228.0,0.0,15.0,222.0
2023-01-06 07:00:00,780.0,683.0,226.0,0.0,14.0,220.0
2023-01-06 08:00:00,654.0,661.0,204.0,0.0,15.0,220.0
2023-01-06 09:00:00,505.0,674.0,211.0,0.0,8.0,189.0
2023-01-06 10:00:00,405.0,687.0,215.0,0.0,8.0,200.0
2023-01-06 11:00:00,460.0,722.0,212.0,0.0,8.0,203.0
2023-01-06 12:00:00,469.0,724.0,208.0,0.0,8.0,191.0
2023-01-06 13:00:00,473.0,754.0,212.0,0.0,8.0,184.0
2023-01-06 14:00:00,474.0,896.0,224.0,0.0,8.0,147.0
2023-01-06 15:00:00,567.0,964.0,232.0,0.0,8.0,129.0
2023-01-06 16:00:00,690.0,961.0,241.0,114.0,8.0,100.0
2023-01-06 17:00:00,598.0,863.0,211.0,533.0,7.0,60.0
2023-01-06 18:00:00,458.0,604.0,153.0,810.0,7.0,91.0
2023-01-06 19:00:00,396.0,489.0,149.0,859.0,6.0,102.0
2023-01-06 20:00:00,421.0,483.0,149.0,865.0,7.0,59.0
2023-01-06 21:00:00,400.0,455.0,149.0,860.0,7.0,38.0
2023-01-06 22:00:00,396.0,453.0,150.0,826.0,7.0,24.0
2023-01-06 23:00:00,397.0,490.0,149.0,727.0,8.0,8.0
2023-01-07 00:00:00,500.0,513.0,163.0,401.0,175.0,12.0
2023-01-07 01:00:00,564.0,731.0,214.0,47.0,199.0,17.0
2023-01-07 02:00:00,575.0,1043.0,229.0,0.0,198.0,4.0
2023-01-07 03:00:00,539.0,1252.0,182.0,0.0,198.0,0.0
2023-01-07 04:00:00,528.0,1247.0,177.0,0.0,198.0,0.0
2023-01-07 05:00:00,423.0,1471.0,169.0,0.0,11.0,0.0
2023-01-07 06:00:00,392.0,1181.0,228.0,0.0,8.0,0.0
2023-01-07 07:00:00,453.0,1098.0,237.0,0.0,8.0,0.0
2023-01-07 08:00:00,482.0,969.0,230.0,0.0,8.0,0.0
2023-01-07 09:00:00,565.0,882.0,222.0,0.0,15.0,0.0
2023-01-07 10:00:00,563.0,780.0,216.0,0.0,15.0,0.0
2023-01-07 11:00:00,533.0,977.0,212.0,0.0,15.0,0.0
2023-01-07 12:00:00,476.0,988.0,216.0,0.0,15.0,0.0
2023-01-07 13:00:00,474.0,986.0,218.0,0.0,15.0,0.0
2023-01-07 14:00:00,464.0,987.0,221.0,0.0,15.0,0.0
2023-01-07 15:00:00,465.0,985.0,217.0,0.0,15.0,0.0
2023-01-07 16:00:00,424.0,389.0,201.0,86.0,15.0,0.0
2023-01-07 17:00:00,451.0,330.0,142.0,311.0,15.0,0.0
2023-01-07 18:00:00,453.0,421.0,145.0,484.0,15.0,0.0
2023-01-07 19:00:00,447.0,442.0,171.0,460.0,15.0,0.0
2023-01-07 20:00:00,446.0,348.0,121.0,553.0,15.0,0.0
2023-01-07 21:00:00,446.0,347.0,122.0,460.0,15.0,0.0
2023-01-07 22:00:00,442.0,376.0,134.0,439.0,15.0,0.0
2023-01-07 23:00:00,441.0,518.0,159.0,243.0,15.0,0.0
2023-01-08 00:00:00,452.0,743.0,172.0,137.0,197.0,0.0
2023-01-08 01:00:00,421.0,1056.0,207.0,22.0,202.0,0.0
2023-01-08 02:00:00,454.0,1389.0,226.0,0.0,201.0,7.0
2023-01-08 03:00:00,448.0,1478.0,226.0,0.0,202.0,29.0
2023-01-08 04:00:00,448.0,1470.0,218.0,0.0,201.0,21.0
2023-01-08 05:00:00,449.0,1483.0,220.0,0.0,197.0,29.0
2023-01-08 06:00:00,445.0,1425.0,216.0,0.0,12.0,47.0
2023-01-08 07:00:00,442.0,1411.0,200.0,0.0,15.0,35.0
2023-01-08 08:00:00,451.0,1202.0,188.0,0.0,11.0,39.0
2023-01-08 09:00:00,504.0,1234.0,230.0,0.0,0.0,39.0
2023-01-08 10:00:00,645.0,998.0,233.0,0.0,0.0,60.0
2023-01-08 11:00:00,776.0,992.0,213.0,0.0,0.0,147.0
2023-01-08 12:00:00,775.0,991.0,212.0,0.0,0.0,167.0
2023-01-08 13:00:00,660.0,989.0,221.0,0.0,0.0,166.0
2023-01-08 14:00:00,510.0,922.0,221.0,0.0,15.0,183.0
2023-01-08 15:00:00,448.0,952.0,227.0,0.0,15.0,167.0
2023-01-08 16:00:00,445.0,528.0,213.0,32.0,15.0,162.0
2023-01-08 17:00:00,418.0,443.0,204.0,167.0,15.0,192.0
2023-01-08 18:00:00,485.0,433.0,161.0,394.0,15.0,212.0
2023-01-08 19:00:00,410.0,325.0,128.0,507.0,15.0,191.0
2023-01-08 20:00:00,399.0,307.0,141.0,571.0,15.0,182.0
2023-01-08 21:00:00,398.0,140.0,124.0,638.0,15.0,170.0
2023-01-08 22:00:00,397.0,163.0,125.0,694.0,15.0,189.0
2023-01-08 23:00:00,400.0,177.0,126.0,646.0,15.0,202.0
2023-01-09 00:00:00,499.0,440.0,169.0,220.0,15.0,168.0
2023-01-09 01:00:00,541.0,460.0,233.0,25.0,15.0,155.0
2023-01-09 02:00:00,672.0,479.0,241.0,0.0,16.0,191.0
2023-01-09 03:00:00,783.0,972.0,243.0,0.0,200.0,210.0
2023-01-09 04:00:00,689.0,973.0,241.0,0.0,200.0,187.0
2023-01-09 05:00:00,724.0,973.0,234.0,0.0,200.0,74.0
2023-01-09 06:00:00,640.0,954.0,225.0,0.0,199.0,53.0
2023-01-09 07:00:00,596.0,796.0,222.0,0.0,199.0,55.0
2023-01-09 08:00:00,544.0,562.0,198.0,0.0,19.0,99.0
2023-01-09 09:00:00,468.0,654.0,212.0,0.0,15.0,91.0
2023-01-09 10:00:00,406.0,672.0,214.0,0.0,15.0,68.0
2023-01-09 11:00:00,396.0,694.0,217.0,0.0,15.0,49.0
2023-01-09 12:00:00,396.0,677.0,211.0,0.0,15.0,34.0
2023-01-09 13:00:00,406.0,692.0,217.0,0.0,15.0,68.0
2023-01-09 14:00:00,464.0,651.0,213.0,0.0,15.0,108.0
2023-01-09 15:00:00,466.0,709.0,229.0,0.0,18.0,95.0
2023-01-09 16:00:00,472.0,716.0,212.0,12.0,206.0,145.0
2023-01-09 17:00:00,554.0,716.0,220.0,59.0,200.0,222.0
2023-01-09 18:00:00,611.0,695.0,214.0,130.0,201.0,236.0
2023-01-09 19:00:00,590.0,684.0,213.0,192.0,192.0,252.0
2023-01-09 20:00:00,556.0,648.0,181.0,313.0,12.0,271.0
2023-01-09 21:00:00,452.0,698.0,192.0,271.0,15.0,279.0
2023-01-09 22:00:00,404.0,877.0,228.0,190.0,15.0,286.0
2023-01-09 23:00:00,443.0,988.0,230.0,126.0,209.0,272.0
2023-01-10 00:00:00,445.0,1359.0,232.0,35.0,244.0,246.0
2023-01-10 01:00:00,449.0,1357.0,243.0,3.0,245.0,276.0
2023-01-10 02:00:00,466.0,1387.0,247.0,0.0,243.0,276.0
2023-01-10 03:00:00,411.0,1295.0,215.0,0.0,215.0,284.0
2023-01-10 04:00:00,462.0,1297.0,240.0,0.0,242.0,274.0
2023-01-10 05:00:00,469.0,1221.0,240.0,0.0,224.0,256.0
2023-01-10 06:00:00,432.0,1222.0,231.0,0.0,202.0,154.0
2023-01-10 07:00:00,424.0,946.0,230.0,0.0,15.0,159.0
2023-01-10 08:00:00,402.0,659.0,227.0,0.0,15.0,214.0
2023-01-10 09:00:00,443.0,672.0,154.0,0.0,15.0,248.0
2023-01-10 10:00:00,445.0,647.0,141.0,0.0,15.0,271.0
2023-01-10 11:00:00,452.0,597.0,140.0,0.0,15.0,268.0
2023-01-10 12:00:00,456.0,522.0,139.0,0.0,15.0,239.0
2023-01-10 13:00:00,446.0,588.0,142.0,0.0,15.0,272.0
2023-01-10 14:00:00,460.0,719.0,178.0,0.0,15.0,253.0
2023-01-10 15:00:00,573.0,721.0,212.0,0.0,15.0,198.0
2023-01-10 16:00:00,714.0,702.0,220.0,45.0,15.0,162.0
2023-01-10 17:00:00,653.0,758.0,179.0,64.0,16.0,155.0
2023-01-10 18:00:00,533.0,641.0,133.0,153.0,18.0,220.0
2023-01-10 19:00:00,457.0,665.0,126.0,273.0,18.0,208.0
2023-01-10 20:00:00,414.0,655.0,123.0,560.0,16.0,283.0
2023-01-10 21:00:00,430.0,696.0,124.0,457.0,16.0,290.0
2023-01-10 22:00:00,434.0,657.0,126.0,457.0,17.0,290.0
2023-01-10 23:00:00,428.0,638.0,138.0,356.0,205.0,282.0
2023-01-11 00:00:00,430.0,751.0,151.0,165.0,200.0,241.0
2023-01-11 01:00:00,432.0,797.0,171.0,58.0,357.0,249.0
2023-01-11 02:00:00,485.0,853.0,204.0,0.0,390.0,281.0
2023-01-11 03:00:00,636.0,927.0,167.0,0.0,389.0,291.0
2023-01-11 04:00:00,793.0,1128.0,143.0,0.0,388.0,292.0
2023-01-11 05:00:00,882.0,1102.0,161.0,0.0,387.0,290.0
2023-01-11 06:00:00,742.0,809.0,185.0,0.0,388.0,266.0
2023-01-11 07:00:00,655.0,453.0,229.0,0.0,386.0,246.0
2023-01-11 08:00:00,511.0,435.0,190.0,0.0,202.0,236.0
2023-01-11 09:00:00,431.0,512.0,219.0,0.0,23.0,224.0
2023-01-11 10:00:00,401.0,751.0,212.0,0.0,16.0,195.0
2023-01-11 11:00:00,398.0,889.0,208.0,0.0,16.0,236.0
2023-01-11 12:00:00,398.0,936.0,221.0,0.0,16.0,218.0
2023-01-11 13:00:00,400.0,896.0,227.0,0.0,16.0,178.0
2023-01-11 14:00:00,454.0,988.0,228.0,0.0,16.0,156.0
2023-01-11 15:00:00,471.0,988.0,230.0,0.0,17.0,138.0
2023-01-11 16:00:00,484.0,987.0,233.0,82.0,17.0,141.0
2023-01-11 17:00:00,438.0,938.0,177.0,320.0,17.0,90.0
2023-01-11 18:00:00,400.0,859.0,141.0,540.0,17.0,100.0
2023-01-11 19:00:00,400.0,583.0,111.0,730.0,17.0,70.0
2023-01-11 20:00:00,395.0,406.0,97.0,659.0,17.0,42.0
2023-01-11 21:00:00,399.0,401.0,100.0,649.0,17.0,33.0
2023-01-11 22:00:00,390.0,404.0,111.0,610.0,17.0,10.0
2023-01-11 23:00:00,411.0,464.0,131.0,319.0,17.0,0.0
2023-01-12 00:00:00,544.0,496.0,192.0,161.0,247.0,0.0
2023-01-12 01:00:00,665.0,556.0,212.0,43.0,486.0,1.0
2023-01-12 02:00:00,618.0,758.0,154.0,0.0,497.0,6.0
2023-01-12 03:00:00,627.0,805.0,157.0,0.0,495.0,9.0
2023-01-12 04:00:00,630.0,838.0,174.0,0.0,494.0,13.0
2023-01-12 05:00:00,691.0,691.0,227.0,0.0,494.0,13.0
2023-01-12 06:00:00,683.0,835.0,231.0,0.0,495.0,15.0
2023-01-12 07:00:00,643.0,757.0,233.0,0.0,497.0,9.0
2023-01-12 08:00:00,638.0,462.0,223.0,0.0,495.0,9.0
2023-01-12 09:00:00,700.0,465.0,231.0,0.0,220.0,24.0
2023-01-12 10:00:00,610.0,416.0,231.0,0.0,200.0,5.0
2023-01-12 11:00:00,485.0,432.0,230.0,0.0,200.0,4.0
2023-01-12 12:00:00,505.0,465.0,230.0,0.0,200.0,1.0
2023-01-12 13:00:00,502.0,600.0,231.0,0.0,202.0,8.0
2023-01-12 14:00:00,515.0,729.0,239.0,0.0,201.0,8.0
2023-01-12 15:00:00,467.0,729.0,237.0,0.0,200.0,1.0
2023-01-12 16:00:00,461.0,724.0,239.0,129.0,198.0,0.0
2023-01-12 17:00:00,404.0,543.0,211.0,462.0,183.0,0.0
2023-01-12 18:00:00,403.0,404.0,141.0,673.0,10.0,0.0
2023-01-12 19:00:00,404.0,377.0,120.0,703.0,12.0,0.0
2023-01-12 20:00:00,407.0,374.0,112.0,787.0,14.0,0.0
2023-01-12 21:00:00,402.0,373.0,108.0,684.0,14.0,1.0
2023-01-12 22:00:00,394.0,373.0,109.0,477.0,12.0,1.0
2023-01-12 23:00:00,389.0,375.0,127.0,447.0,194.0,1.0
2023-01-13 00:00:00,395.0,418.0,200.0,278.0,209.0,2.0
2023-01-13 01:00:00,448.0,666.0,238.0,41.0,362.0,14.0
2023-01-13 02:00:00,465.0,974.0,245.0,0.0,390.0,7.0
2023-01-13 03:00:00,467.0,973.0,247.0,0.0,388.0,8.0
2023-01-13 04:00:00,473.0,974.0,246.0,0.0,389.0,1.0
2023-01-13 05:00:00,473.0,973.0,243.0,0.0,388.0,0.0
2023-01-13 06:00:00,484.0,974.0,241.0,0.0,375.0,0.0
2023-01-13 07:00:00,505.0,933.0,244.0,0.0,207.0,0.0
2023-01-13 08:00:00,466.0,565.0,221.0,0.0,203.0,0.0
2023-01-13 09:00:00,494.0,473.0,195.0,0.0,204.0,0.0
2023-01-13 10:00:00,571.0,474.0,168.0,0.0,13.0,0.0
2023-01-13 11:00:00,498.0,476.0,169.0,0.0,13.0,0.0
2023-01-13 12:00:00,390.0,476.0,182.0,0.0,13.0,0.0
2023-01-13 13:00:00,433.0,476.0,233.0,0.0,13.0,0.0
2023-01-13 14:00:00,516.0,476.0,237.0,0.0,13.0,1.0
2023-01-13 15:00:00,577.0,477.0,239.0,0.0,196.0,10.0
2023-01-13 16:00:00,594.0,461.0,237.0,57.0,227.0,22.0
2023-01-13 17:00:00,596.0,404.0,202.0,249.0,205.0,12.0
2023-01-13 18:00:00,526.0,346.0,143.0,443.0,205.0,10.0
2023-01-13 19:00:00,478.0,330.0,111.0,641.0,202.0,21.0
2023-01-13 20:00:00,548.0,389.0,107.0,618.0,6.0,29.0
2023-01-13 21:00:00,587.0,454.0,106.0,521.0,0.0,52.0
2023-01-13 22:00:00,589.0,619.0,110.0,417.0,19.0,65.0
2023-01-13 23:00:00,600.0,572.0,127.0,343.0,20.0,60.0
2023-01-14 00:00:00,601.0,623.0,155.0,173.0,26.0,56.0
2023-01-14 01:00:00,606.0,1036.0,191.0,29.0,20.0,31.0
2023-01-14 02:00:00,606.0,1229.0,229.0,0.0,15.0,33.0
2023-01-14 03:00:00,606.0,1124.0,194.0,0.0,15.0,92.0
2023-01-14 04:00:00,603.0,1063.0,170.0,0.0,15.0,117.0
2023-01-14 05:00:00,521.0,974.0,206.0,0.0,15.0,110.0
2023-01-14 06:00:00,488.0,873.0,229.0,0.0,15.0,62.0
2023-01-14 07:00:00,564.0,791.0,250.0,0.0,15.0,71.0
2023-01-14 08:00:00,574.0,602.0,212.0,0.0,15.0,70.0
2023-01-14 09:00:00,529.0,333.0,207.0,0.0,15.0,46.0
2023-01-14 10:00:00,598.0,364.0,187.0,0.0,16.0,43.0
2023-01-14 11:00:00,587.0,360.0,141.0,0.0,15.0,35.0
2023-01-14 12:00:00,445.0,365.0,143.0,0.0,14.0,19.0
2023-01-14 13:00:00,451.0,371.0,142.0,0.0,13.0,35.0
2023-01-14 14:00:00,572.0,370.0,157.0,0.0,13.0,65.0
2023-01-14 15:00:00,613.0,369.0,146.0,0.0,13.0,50.0
2023-01-14 16:00:00,612.0,478.0,159.0,23.0,16.0,29.0
2023-01-14 17:00:00,611.0,524.0,192.0,102.0,0.0,50.0
2023-01-14 18:00:00,604.0,523.0,187.0,165.0,0.0,153.0
2023-01-14 19:00:00,574.0,521.0,186.0,195.0,0.0,146.0
2023-01-14 20:00:00,544.0,527.0,194.0,141.0,0.0,164.0
2023-01-14 21:00:00,497.0,533.0,204.0,128.0,16.0,214.0
2023-01-14 22:00:00,518.0,562.0,203.0,121.0,21.0,143.0
2023-01-14 23:00:00,489.0,662.0,211.0,63.0,21.0,256.0
2023-01-15 00:00:00,466.0,786.0,205.0,43.0,21.0,260.0
2023-01-15 01:00:00,438.0,812.0,173.0,13.0,16.0,224.0
2023-01-15 02:00:00,460.0,1051.0,182.0,0.0,18.0,197.0
2023-01-15 03:00:00,445.0,1236.0,173.0,0.0,18.0,232.0
2023-01-15 04:00:00,443.0,1223.0,170.0,0.0,18.0,249.0
2023-01-15 05:00:00,426.0,1258.0,224.0,0.0,18.0,236.0
2023-01-15 06:00:00,449.0,931.0,232.0,0.0,18.0,201.0
2023-01-15 07:00:00,417.0,718.0,218.0,0.0,18.0,177.0
2023-01-15 08:00:00,434.0,590.0,162.0,0.0,17.0,217.0
2023-01-15 09:00:00,488.0,554.0,153.0,0.0,18.0,249.0
2023-01-15 10:00:00,415.0,527.0,153.0,0.0,18.0,203.0
2023-01-15 11:00:00,314.0,497.0,150.0,0.0,18.0,179.0
2023-01-15 12:00:00,265.0,522.0,149.0,0.0,18.0,192.0
2023-01-15 13:00:00,262.0,521.0,144.0,0.0,18.0,226.0
2023-01-15 14:00:00,261.0,539.0,155.0,0.0,18.0,225.0
2023-01-15 15:00:00,264.0,519.0,149.0,0.0,18.0,230.0
2023-01-15 16:00:00,302.0,487.0,134.0,68.0,18.0,237.0
2023-01-15 17:00:00,321.0,521.0,176.0,253.0,18.0,241.0
2023-01-15 18:00:00,354.0,521.0,174.0,395.0,21.0,223.0
2023-01-15 19:00:00,470.0,492.0,138.0,658.0,0.0,211.0
2023-01-15 20:00:00,490.0,481.0,105.0,649.0,0.0,224.0
2023-01-15 21:00:00,442.0,502.0,131.0,492.0,0.0,247.0
2023-01-15 22:00:00,516.0,519.0,184.0,343.0,0.0,234.0
2023-01-15 23:00:00,534.0,543.0,191.0,217.0,17.0,245.0
2023-01-16 00:00:00,602.0,781.0,207.0,94.0,207.0,215.0
2023-01-16 01:00:00,536.0,1060.0,229.0,11.0,208.0,192.0
2023-01-16 02:00:00,507.0,1100.0,232.0,0.0,208.0,216.0
2023-01-16 03:00:00,507.0,1130.0,193.0,0.0,209.0,202.0
2023-01-16 04:00:00,504.0,1154.0,207.0,0.0,206.0,186.0
2023-01-16 05:00:00,506.0,1024.0,230.0,0.0,17.0,164.0
2023-01-16 06:00:00,507.0,603.0,198.0,0.0,18.0,207.0
2023-01-16 07:00:00,578.0,565.0,165.0,0.0,18.0,184.0
2023-01-16 08:00:00,585.0,494.0,168.0,0.0,18.0,110.0
2023-01-16 09:00:00,444.0,462.0,164.0,0.0,18.0,90.0
2023-01-16 10:00:00,308.0,435.0,160.0,0.0,18.0,132.0
2023-01-16 11:00:00,285.0,439.0,159.0,0.0,18.0,74.0
2023-01-16 12:00:00,286.0,442.0,148.0,0.0,18.0,54.0
2023-01-16 13:00:00,286.0,518.0,155.0,0.0,18.0,19.0
2023-01-16 14:00:00,283.0,698.0,199.0,0.0,18.0,7.0
2023-01-16 15:00:00,360.0,764.0,215.0,0.0,20.0,0.0
2023-01-16 16:00:00,424.0,766.0,230.0,52.0,12.0,1.0
2023-01-16 17:00:00,376.0,752.0,193.0,360.0,4.0,13.0
2023-01-16 18:00:00,332.0,518.0,133.0,622.0,21.0,21.0
2023-01-16 19:00:00,331.0,375.0,123.0,715.0,22.0,24.0
2023-01-16 20:00:00,285.0,378.0,124.0,567.0,0.0,23.0
2023-01-16 21:00:00,324.0,392.0,121.0,714.0,0.0,35.0
2023-01-16 22:00:00,327.0,426.0,135.0,542.0,0.0,99.0
2023-01-16 23:00:00,312.0,450.0,140.0,593.0,0.0,161.0
2023-01-17 00:00:00,446.0,498.0,178.0,317.0,25.0,162.0
2023-01-17 01:00:00,550.0,700.0,211.0,56.0,254.0,191.0
2023-01-17 02:00:00,544.0,1068.0,234.0,0.0,213.0,232.0
2023-01-17 03:00:00,520.0,1118.0,235.0,0.0,211.0,182.0
2023-01-17 04:00:00,519.0,1092.0,239.0,0.0,211.0,269.0
2023-01-17 05:00:00,572.0,1034.0,233.0,0.0,211.0,256.0
2023-01-17 06:00:00,529.0,1021.0,215.0,0.0,197.0,253.0
2023-01-17 07:00:00,549.0,950.0,211.0,0.0,14.0,267.0
2023-01-17 08:00:00,595.0,564.0,163.0,0.0,13.0,256.0
2023-01-17 09:00:00,480.0,463.0,152.0,0.0,20.0,178.0
2023-01-17 10:00:00,321.0,449.0,147.0,0.0,20.0,132.0
2023-01-17 11:00:00,207.0,470.0,146.0,0.0,20.0,41.0
2023-01-17 12:00:00,199.0,517.0,187.0,0.0,20.0,20.0
2023-01-17 13:00:00,201.0,547.0,208.0,0.0,20.0,20.0
2023-01-17 14:00:00,407.0,805.0,219.0,0.0,20.0,25.0
2023-01-17 15:00:00,561.0,1028.0,234.0,0.0,21.0,20.0
2023-01-17 16:00:00,601.0,1058.0,241.0,92.0,22.0,20.0
2023-01-17 17:00:00,604.0,923.0,164.0,536.0,27.0,23.0
2023-01-17 18:00:00,594.0,651.0,138.0,699.0,0.0,21.0
2023-01-17 19:00:00,597.0,350.0,143.0,636.0,0.0,25.0
2023-01-17 20:00:00,570.0,330.0,144.0,631.0,0.0,24.0
2023-01-17 21:00:00,559.0,327.0,144.0,590.0,0.0,25.0
2023-01-17 22:00:00,559.0,328.0,139.0,675.0,0.0,36.0
2023-01-17 23:00:00,483.0,332.0,138.0,625.0,0.0,44.0
2023-01-18 00:00:00,599.0,610.0,165.0,416.0,24.0,56.0
2023-01-18 01:00:00,600.0,1043.0,222.0,70.0,215.0,36.0
2023-01-18 02:00:00,601.0,1267.0,243.0,0.0,216.0,30.0
2023-01-18 03:00:00,601.0,1270.0,242.0,0.0,216.0,19.0
2023-01-18 04:00:00,602.0,1271.0,242.0,0.0,218.0,20.0
2023-01-18 05:00:00,602.0,1269.0,242.0,0.0,407.0,26.0
2023-01-18 06:00:00,602.0,1268.0,241.0,0.0,389.0,48.0
2023-01-18 07:00:00,602.0,1263.0,239.0,0.0,31.0,31.0
2023-01-18 08:00:00,566.0,1189.0,236.0,0.0,31.0,24.0
2023-01-18 09:00:00,423.0,1035.0,236.0,0.0,30.0,5.0
2023-01-18 10:00:00,455.0,1024.0,235.0,0.0,30.0,2.0
2023-01-18 11:00:00,421.0,1023.0,227.0,0.0,30.0,4.0
2023-01-18 12:00:00,397.0,1031.0,225.0,0.0,30.0,31.0
2023-01-18 13:00:00,435.0,1038.0,222.0,0.0,30.0,20.0
2023-01-18 14:00:00,446.0,1152.0,233.0,0.0,30.0,15.0
2023-01-18 15:00:00,600.0,1289.0,237.0,0.0,30.0,13.0
2023-01-18 16:00:00,599.0,1136.0,244.0,135.0,31.0,18.0
2023-01-18 17:00:00,529.0,799.0,205.0,573.0,34.0,9.0
2023-01-18 18:00:00,408.0,399.0,140.0,852.0,0.0,0.0
2023-01-18 19:00:00,274.0,398.0,127.0,912.0,0.0,0.0
2023-01-18 20:00:00,231.0,440.0,122.0,923.0,0.0,0.0
2023-01-18 21:00:00,245.0,372.0,117.0,924.0,31.0,0.0
2023-01-18 22:00:00,199.0,441.0,117.0,880.0,38.0,0.0
2023-01-18 23:00:00,199.0,389.0,137.0,767.0,36.0,0.0
2023-01-19 00:00:00,281.0,460.0,155.0,424.0,37.0,0.0
2023-01-19 01:00:00,505.0,755.0,196.0,80.0,226.0,0.0
2023-01-19 02:00:00,579.0,1172.0,245.0,0.0,223.0,0.0
2023-01-19 03:00:00,602.0,1063.0,234.0,0.0,224.0,1.0
2023-01-19 04:00:00,600.0,1166.0,228.0,0.0,224.0,2.0
2023-01-19 05:00:00,601.0,1218.0,237.0,0.0,225.0,4.0
2023-01-19 06:00:00,603.0,1056.0,236.0,0.0,225.0,16.0
2023-01-19 07:00:00,602.0,1161.0,238.0,0.0,43.0,10.0
2023-01-19 08:00:00,600.0,1060.0,241.0,0.0,39.0,27.0
2023-01-19 09:00:00,602.0,1052.0,234.0,0.0,39.0,89.0
2023-01-19 10:00:00,603.0,949.0,229.0,0.0,39.0,100.0
2023-01-19 11:00:00,582.0,823.0,210.0,0.0,39.0,133.0
2023-01-19 12:00:00,548.0,768.0,220.0,0.0,39.0,146.0
2023-01-19 13:00:00,599.0,897.0,221.0,0.0,39.0,143.0
2023-01-19 14:00:00,600.0,981.0,223.0,0.0,39.0,127.0
2023-01-19 15:00:00,601.0,985.0,230.0,0.0,228.0,151.0
2023-01-19 16:00:00,602.0,877.0,232.0,127.0,266.0,162.0
2023-01-19 17:00:00,582.0,509.0,200.0,548.0,42.0,152.0
2023-01-19 18:00:00,482.0,342.0,137.0,833.0,36.0,139.0
2023-01-19 19:00:00,404.0,333.0,123.0,886.0,33.0,150.0
2023-01-19 20:00:00,334.0,334.0,117.0,694.0,38.0,123.0
2023-01-19 21:00:00,392.0,334.0,117.0,642.0,38.0,99.0
2023-01-19 22:00:00,441.0,337.0,131.0,443.0,39.0,137.0
2023-01-19 23:00:00,576.0,340.0,133.0,417.0,41.0,150.0
2023-01-20 00:00:00,601.0,572.0,189.0,298.0,52.0,88.0
2023-01-20 01:00:00,601.0,978.0,229.0,64.0,244.0,49.0
2023-01-20 02:00:00,600.0,1242.0,242.0,0.0,230.0,45.0
2023-01-20 03:00:00,602.0,1192.0,239.0,0.0,227.0,24.0
2023-01-20 04:00:00,602.0,1130.0,239.0,0.0,228.0,19.0
2023-01-20 05:00:00,600.0,1171.0,239.0,0.0,227.0,17.0
2023-01-20 06:00:00,601.0,1366.0,239.0,0.0,59.0,18.0
2023-01-20 07:00:00,601.0,1245.0,239.0,0.0,40.0,33.0
2023-01-20 08:00:00,601.0,1174.0,236.0,0.0,40.0,90.0
2023-01-20 09:00:00,614.0,1079.0,226.0,0.0,33.0,92.0
2023-01-20 10:00:00,614.0,715.0,225.0,0.0,33.0,82.0
2023-01-20 11:00:00,613.0,639.0,219.0,0.0,33.0,91.0
2023-01-20 12:00:00,613.0,544.0,219.0,0.0,33.0,80.0
2023-01-20 13:00:00,613.0,711.0,220.0,0.0,33.0,63.0
2023-01-20 14:00:00,614.0,977.0,222.0,0.0,33.0,67.0
2023-01-20 15:00:00,614.0,1009.0,242.0,0.0,209.0,67.0
2023-01-20 16:00:00,614.0,1131.0,236.0,140.0,262.0,73.0
2023-01-20 17:00:00,617.0,840.0,216.0,606.0,36.0,54.0
2023-01-20 18:00:00,557.0,567.0,135.0,884.0,33.0,61.0
2023-01-20 19:00:00,481.0,533.0,126.0,948.0,0.0,88.0
2023-01-20 20:00:00,338.0,540.0,121.0,949.0,0.0,97.0
2023-01-20 21:00:00,214.0,547.0,112.0,943.0,0.0,71.0
2023-01-20 22:00:00,207.0,559.0,109.0,914.0,0.0,56.0
2023-01-20 23:00:00,204.0,560.0,110.0,832.0,0.0,43.0
2023-01-21 00:00:00,271.0,599.0,145.0,537.0,34.0,25.0
2023-01-21 01:00:00,420.0,857.0,207.0,108.0,225.0,23.0
2023-01-21 02:00:00,571.0,1030.0,243.0,0.0,224.0,20.0
2023-01-21 03:00:00,613.0,1082.0,249.0,0.0,223.0,19.0
2023-01-21 04:00:00,614.0,1082.0,249.0,0.0,224.0,10.0
2023-01-21 05:00:00,609.0,1079.0,246.0,0.0,223.0,30.0
2023-01-21 06:00:00,591.0,1055.0,242.0,0.0,223.0,13.0
2023-01-21 07:00:00,612.0,1091.0,239.0,0.0,35.0,9.0
2023-01-21 08:00:00,614.0,967.0,232.0,0.0,41.0,9.0
2023-01-21 09:00:00,601.0,919.0,224.0,0.0,40.0,5.0
2023-01-21 10:00:00,602.0,819.0,219.0,0.0,40.0,3.0
2023-01-21 11:00:00,604.0,809.0,215.0,0.0,40.0,0.0
2023-01-21 12:00:00,607.0,797.0,215.0,0.0,40.0,0.0
2023-01-21 13:00:00,600.0,805.0,218.0,0.0,40.0,0.0
2023-01-21 14:00:00,601.0,810.0,222.0,0.0,40.0,0.0
2023-01-21 15:00:00,601.0,804.0,224.0,0.0,40.0,0.0
2023-01-21 16:00:00,580.0,779.0,210.0,147.0,41.0,0.0
2023-01-21 17:00:00,462.0,636.0,160.0,610.0,0.0,0.0
2023-01-21 18:00:00,313.0,626.0,120.0,888.0,0.0,0.0
2023-01-21 19:00:00,208.0,563.0,107.0,947.0,0.0,0.0
2023-01-21 20:00:00,199.0,337.0,101.0,949.0,0.0,0.0
2023-01-21 21:00:00,197.0,301.0,101.0,942.0,0.0,1.0
2023-01-21 22:00:00,197.0,300.0,101.0,912.0,0.0,6.0
2023-01-21 23:00:00,198.0,301.0,101.0,832.0,0.0,9.0
2023-01-22 00:00:00,198.0,365.0,110.0,543.0,0.0,5.0
2023-01-22 01:00:00,385.0,667.0,174.0,113.0,36.0,0.0
2023-01-22 02:00:00,566.0,889.0,222.0,0.0,39.0,0.0
2023-01-22 03:00:00,603.0,878.0,231.0,0.0,39.0,1.0
2023-01-22 04:00:00,604.0,891.0,233.0,0.0,39.0,7.0
2023-01-22 05:00:00,603.0,743.0,230.0,0.0,206.0,20.0
2023-01-22 06:00:00,602.0,590.0,228.0,0.0,225.0,30.0
2023-01-22 07:00:00,602.0,621.0,227.0,0.0,224.0,8.0
2023-01-22 08:00:00,602.0,577.0,222.0,0.0,41.0,3.0
2023-01-22 09:00:00,602.0,603.0,222.0,0.0,39.0,16.0
2023-01-22 10:00:00,601.0,408.0,217.0,0.0,39.0,56.0
2023-01-22 11:00:00,602.0,411.0,215.0,0.0,39.0,44.0
2023-01-22 12:00:00,602.0,402.0,215.0,0.0,39.0,27.0
2023-01-22 13:00:00,601.0,390.0,215.0,0.0,39.0,32.0
2023-01-22 14:00:00,602.0,404.0,215.0,0.0,39.0,27.0
2023-01-22 15:00:00,602.0,419.0,221.0,0.0,39.0,35.0
2023-01-22 16:00:00,582.0,392.0,202.0,135.0,36.0,52.0
2023-01-22 17:00:00,449.0,335.0,135.0,613.0,0.0,52.0
2023-01-22 18:00:00,342.0,302.0,107.0,895.0,0.0,22.0
2023-01-22 19:00:00,238.0,300.0,105.0,942.0,0.0,12.0
2023-01-22 20:00:00,200.0,299.0,99.0,946.0,0.0,11.0
2023-01-22 21:00:00,199.0,300.0,98.0,936.0,0.0,9.0
2023-01-22 22:00:00,199.0,299.0,97.0,923.0,0.0,14.0
2023-01-22 23:00:00,198.0,303.0,98.0,832.0,0.0,23.0
2023-01-23 00:00:00,199.0,471.0,113.0,460.0,0.0,32.0
2023-01-23 01:00:00,391.0,956.0,160.0,99.0,8.0,101.0
2023-01-23 02:00:00,547.0,1113.0,209.0,0.0,215.0,146.0
2023-01-23 03:00:00,600.0,1067.0,226.0,0.0,224.0,201.0
2023-01-23 04:00:00,520.0,1028.0,226.0,0.0,38.0,222.0
2023-01-23 05:00:00,462.0,1164.0,226.0,0.0,39.0,202.0
2023-01-23 06:00:00,412.0,1145.0,224.0,0.0,39.0,180.0
2023-01-23 07:00:00,421.0,1011.0,230.0,0.0,39.0,189.0
2023-01-23 08:00:00,427.0,967.0,224.0,0.0,39.0,162.0
2023-01-23 09:00:00,480.0,885.0,214.0,0.0,39.0,163.0
2023-01-23 10:00:00,479.0,687.0,215.0,0.0,39.0,171.0
2023-01-23 11:00:00,478.0,720.0,215.0,0.0,38.0,157.0
2023-01-23 12:00:00,477.0,810.0,215.0,0.0,38.0,120.0
2023-01-23 13:00:00,477.0,805.0,220.0,0.0,38.0,88.0
2023-01-23 14:00:00,477.0,805.0,225.0,0.0,195.0,85.0
2023-01-23 15:00:00,510.0,1062.0,238.0,0.0,227.0,132.0
2023-01-23 16:00:00,502.0,1045.0,240.0,142.0,223.0,166.0
2023-01-23 17:00:00,416.0,770.0,18.0,609.0,39.0,124.0
2023-01-23 18:00:00,395.0,347.0,0.0,898.0,0.0,91.0
2023-01-23 19:00:00,382.0,297.0,0.0,872.0,0.0,118.0
2023-01-23 20:00:00,372.0,289.0,0.0,900.0,0.0,114.0
2023-01-23 21:00:00,255.0,290.0,0.0,962.0,0.0,80.0
2023-01-23 22:00:00,201.0,290.0,0.0,932.0,0.0,77.0
2023-01-23 23:00:00,201.0,291.0,16.0,837.0,0.0,63.0
2023-01-24 00:00:00,315.0,409.0,33.0,558.0,32.0,57.0
2023-01-24 01:00:00,479.0,973.0,30.0,121.0,40.0,30.0
2023-01-24 02:00:00,610.0,1085.0,32.0,0.0,221.0,6.0
2023-01-24 03:00:00,626.0,1143.0,118.0,0.0,225.0,2.0
2023-01-24 04:00:00,623.0,1162.0,209.0,0.0,227.0,1.0
2023-01-24 05:00:00,610.0,1141.0,222.0,0.0,225.0,0.0
2023-01-24 06:00:00,603.0,1181.0,231.0,0.0,225.0,4.0
2023-01-24 07:00:00,603.0,1146.0,246.0,0.0,224.0,0.0
2023-01-24 08:00:00,604.0,1026.0,241.0,0.0,41.0,0.0
2023-01-24 09:00:00,593.0,832.0,226.0,0.0,39.0,0.0
2023-01-24 10:00:00,601.0,797.0,225.0,0.0,40.0,1.0
2023-01-24 11:00:00,602.0,791.0,221.0,0.0,40.0,4.0
2023-01-24 12:00:00,601.0,775.0,221.0,0.0,43.0,1.0
2023-01-24 13:00:00,601.0,822.0,222.0,0.0,226.0,0.0
2023-01-24 14:00:00,601.0,960.0,229.0,0.0,227.0,0.0
2023-01-24 15:00:00,601.0,962.0,233.0,1.0,227.0,0.0
2023-01-24 16:00:00,596.0,1011.0,232.0,156.0,225.0,0.0
2023-01-24 17:00:00,483.0,862.0,194.0,637.0,43.0,0.0
2023-01-24 18:00:00,335.0,451.0,153.0,911.0,0.0,0.0
2023-01-24 19:00:00,273.0,413.0,141.0,963.0,0.0,0.0
2023-01-24 20:00:00,233.0,375.0,141.0,957.0,0.0,0.0
2023-01-24 21:00:00,200.0,388.0,141.0,951.0,0.0,0.0
2023-01-24 22:00:00,198.0,387.0,142.0,925.0,0.0,0.0
2023-01-24 23:00:00,198.0,392.0,148.0,843.0,0.0,5.0
2023-01-25 00:00:00,275.0,407.0,156.0,573.0,36.0,4.0
2023-01-25 01:00:00,475.0,751.0,206.0,130.0,221.0,0.0
2023-01-25 02:00:00,566.0,1015.0,239.0,1.0,224.0,0.0
2023-01-25 03:00:00,601.0,1212.0,236.0,1.0,223.0,0.0
2023-01-25 04:00:00,601.0,1185.0,237.0,2.0,224.0,0.0
2023-01-25 05:00:00,602.0,1183.0,236.0,1.0,224.0,0.0
2023-01-25 06:00:00,602.0,1163.0,237.0,0.0,224.0,0.0
2023-01-25 07:00:00,603.0,1066.0,241.0,0.0,224.0,2.0
2023-01-25 08:00:00,603.0,1047.0,231.0,0.0,223.0,4.0
2023-01-25 09:00:00,603.0,924.0,233.0,0.0,43.0,0.0
2023-01-25 10:00:00,603.0,835.0,227.0,0.0,37.0,1.0
2023-01-25 11:00:00,601.0,788.0,225.0,0.0,37.0,1.0
2023-01-25 12:00:00,602.0,786.0,226.0,0.0,37.0,0.0
2023-01-25 13:00:00,602.0,799.0,227.0,1.0,44.0,0.0
2023-01-25 14:00:00,602.0,899.0,238.0,1.0,248.0,0.0
2023-01-25 15:00:00,601.0,953.0,251.0,2.0,277.0,0.0
2023-01-25 16:00:00,603.0,1014.0,251.0,155.0,274.0,0.0
2023-01-25 17:00:00,604.0,949.0,220.0,630.0,38.0,0.0
2023-01-25 18:00:00,569.0,522.0,140.0,894.0,0.0,0.0
2023-01-25 19:00:00,602.0,383.0,132.0,948.0,0.0,0.0
2023-01-25 20:00:00,565.0,348.0,121.0,948.0,0.0,2.0
2023-01-25 21:00:00,591.0,338.0,118.0,942.0,0.0,3.0
2023-01-25 22:00:00,486.0,332.0,118.0,918.0,0.0,3.0
2023-01-25 23:00:00,352.0,335.0,124.0,842.0,0.0,1.0
2023-01-26 00:00:00,395.0,362.0,153.0,590.0,13.0,1.0
2023-01-26 01:00:00,587.0,695.0,215.0,132.0,210.0,0.0
2023-01-26 02:00:00,600.0,1020.0,248.0,0.0,221.0,2.0
2023-01-26 03:00:00,601.0,1182.0,249.0,1.0,221.0,2.0
2023-01-26 04:00:00,601.0,1182.0,250.0,3.0,222.0,2.0
2023-01-26 05:00:00,601.0,1176.0,250.0,0.0,222.0,2.0
2023-01-26 06:00:00,602.0,1073.0,250.0,0.0,221.0,2.0
2023-01-26 07:00:00,602.0,1023.0,247.0,0.0,220.0,4.0
2023-01-26 08:00:00,602.0,729.0,240.0,0.0,221.0,10.0
2023-01-26 09:00:00,602.0,571.0,226.0,0.0,221.0,12.0
2023-01-26 10:00:00,602.0,575.0,228.0,0.0,38.0,29.0
2023-01-26 11:00:00,602.0,607.0,222.0,0.0,36.0,43.0
2023-01-26 12:00:00,602.0,627.0,221.0,0.0,36.0,49.0
2023-01-26 13:00:00,602.0,599.0,224.0,0.0,36.0,33.0
2023-01-26 14:00:00,603.0,680.0,228.0,0.0,36.0,20.0
2023-01-26 15:00:00,602.0,698.0,243.0,1.0,208.0,21.0
2023-01-26 16:00:00,602.0,680.0,249.0,160.0,221.0,10.0
2023-01-26 17:00:00,602.0,544.0,189.0,634.0,42.0,12.0
2023-01-26 18:00:00,558.0,410.0,123.0,896.0,36.0,14.0
2023-01-26 19:00:00,435.0,404.0,118.0,910.0,36.0,13.0
2023-01-26 20:00:00,365.0,404.0,109.0,954.0,36.0,11.0
2023-01-26 21:00:00,264.0,404.0,107.0,961.0,36.0,5.0
2023-01-26 22:00:00,200.0,403.0,111.0,934.0,36.0,3.0
2023-01-26 23:00:00,199.0,404.0,115.0,852.0,36.0,0.0
2023-01-27 00:00:00,211.0,406.0,154.0,590.0,36.0,2.0
2023-01-27 01:00:00,363.0,457.0,204.0,141.0,206.0,4.0
2023-01-27 02:00:00,475.0,798.0,248.0,1.0,223.0,0.0
2023-01-27 03:00:00,591.0,948.0,249.0,0.0,223.0,0.0
2023-01-27 04:00:00,601.0,889.0,249.0,2.0,218.0,0.0
2023-01-27 05:00:00,601.0,862.0,248.0,1.0,34.0,0.0
2023-01-27 06:00:00,602.0,616.0,247.0,0.0,36.0,0.0
2023-01-27 07:00:00,603.0,618.0,245.0,0.0,36.0,1.0
2023-01-27 08:00:00,603.0,492.0,229.0,0.0,36.0,10.0
2023-01-27 09:00:00,618.0,306.0,230.0,0.0,28.0,7.0
2023-01-27 10:00:00,618.0,304.0,226.0,0.0,0.0,17.0
2023-01-27 11:00:00,616.0,305.0,224.0,0.0,0.0,39.0
2023-01-27 12:00:00,615.0,307.0,220.0,0.0,0.0,41.0
2023-01-27 13:00:00,613.0,307.0,221.0,0.0,0.0,41.0
2023-01-27 14:00:00,603.0,336.0,232.0,0.0,21.0,52.0
2023-01-27 15:00:00,612.0,364.0,247.0,1.0,29.0,68.0
2023-01-27 16:00:00,590.0,436.0,246.0,173.0,29.0,123.0
2023-01-27 17:00:00,461.0,346.0,192.0,658.0,30.0,120.0
2023-01-27 18:00:00,320.0,295.0,123.0,917.0,0.0,126.0
2023-01-27 19:00:00,218.0,292.0,112.0,963.0,0.0,175.0
2023-01-27 20:00:00,211.0,293.0,104.0,962.0,0.0,214.0
2023-01-27 21:00:00,211.0,293.0,101.0,956.0,0.0,186.0
2023-01-27 22:00:00,210.0,292.0,101.0,927.0,0.0,183.0
2023-01-27 23:00:00,210.0,299.0,108.0,857.0,0.0,176.0
2023-01-28 00:00:00,210.0,344.0,149.0,606.0,0.0,189.0
2023-01-28 01:00:00,288.0,642.0,204.0,147.0,22.0,110.0
2023-01-28 02:00:00,421.0,912.0,247.0,1.0,29.0,79.0
2023-01-28 03:00:00,553.0,970.0,248.0,1.0,29.0,54.0
2023-01-28 04:00:00,614.0,979.0,248.0,1.0,29.0,31.0
2023-01-28 05:00:00,614.0,1007.0,238.0,0.0,29.0,29.0
2023-01-28 06:00:00,610.0,1127.0,242.0,0.0,29.0,27.0
2023-01-28 07:00:00,580.0,1166.0,241.0,0.0,29.0,21.0
2023-01-28 08:00:00,444.0,932.0,231.0,0.0,29.0,20.0
2023-01-28 09:00:00,350.0,470.0,225.0,0.0,29.0,20.0
2023-01-28 10:00:00,356.0,474.0,220.0,0.0,29.0,20.0
2023-01-28 11:00:00,314.0,483.0,210.0,0.0,29.0,8.0
2023-01-28 12:00:00,267.0,471.0,210.0,0.0,29.0,15.0
2023-01-28 13:00:00,316.0,452.0,221.0,0.0,29.0,20.0
2023-01-28 14:00:00,288.0,482.0,225.0,0.0,29.0,7.0
2023-01-28 15:00:00,286.0,493.0,226.0,2.0,29.0,4.0
2023-01-28 16:00:00,286.0,462.0,208.0,173.0,29.0,2.0
2023-01-28 17:00:00,288.0,320.0,133.0,654.0,29.0,4.0
2023-01-28 18:00:00,265.0,312.0,113.0,905.0,29.0,2.0
2023-01-28 19:00:00,212.0,309.0,106.0,955.0,29.0,0.0
2023-01-28 20:00:00,210.0,310.0,100.0,953.0,29.0,0.0
2023-01-28 21:00:00,210.0,310.0,98.0,949.0,30.0,0.0
2023-01-28 22:00:00,209.0,310.0,102.0,927.0,0.0,0.0
2023-01-28 23:00:00,209.0,315.0,101.0,856.0,0.0,1.0
2023-01-29 00:00:00,217.0,308.0,122.0,608.0,32.0,1.0
2023-01-29 01:00:00,325.0,410.0,192.0,153.0,28.0,4.0
2023-01-29 02:00:00,464.0,669.0,241.0,1.0,31.0,8.0
2023-01-29 03:00:00,587.0,950.0,247.0,1.0,218.0,9.0
2023-01-29 04:00:00,612.0,1000.0,246.0,2.0,219.0,46.0
2023-01-29 05:00:00,612.0,1005.0,241.0,0.0,218.0,142.0
2023-01-29 06:00:00,604.0,982.0,232.0,0.0,219.0,198.0
2023-01-29 07:00:00,605.0,881.0,227.0,0.0,41.0,193.0
2023-01-29 08:00:00,547.0,543.0,215.0,0.0,29.0,205.0
2023-01-29 09:00:00,558.0,492.0,213.0,0.0,36.0,225.0
2023-01-29 10:00:00,561.0,483.0,215.0,0.0,36.0,227.0
2023-01-29 11:00:00,556.0,491.0,212.0,0.0,36.0,170.0
2023-01-29 12:00:00,511.0,492.0,205.0,0.0,36.0,195.0
2023-01-29 13:00:00,503.0,482.0,205.0,0.0,36.0,181.0
2023-01-29 14:00:00,543.0,532.0,207.0,0.0,36.0,150.0
2023-01-29 15:00:00,560.0,540.0,211.0,2.0,36.0,147.0
2023-01-29 16:00:00,557.0,514.0,193.0,166.0,36.0,131.0
2023-01-29 17:00:00,470.0,402.0,134.0,633.0,37.0,122.0
2023-01-29 18:00:00,334.0,380.0,100.0,902.0,0.0,63.0
2023-01-29 19:00:00,215.0,357.0,100.0,975.0,0.0,40.0
2023-01-29 20:00:00,199.0,357.0,100.0,975.0,0.0,45.0
2023-01-29 21:00:00,198.0,356.0,100.0,921.0,0.0,77.0
2023-01-29 22:00:00,199.0,333.0,103.0,711.0,0.0,111.0
2023-01-29 23:00:00,202.0,350.0,104.0,472.0,27.0,33.0
2023-01-30 00:00:00,378.0,487.0,166.0,196.0,36.0,26.0
2023-01-30 01:00:00,509.0,1019.0,223.0,49.0,36.0,41.0
2023-01-30 02:00:00,558.0,1488.0,237.0,0.0,222.0,79.0
2023-01-30 03:00:00,580.0,1487.0,237.0,2.0,223.0,107.0
2023-01-30 04:00:00,580.0,1487.0,236.0,2.0,223.0,145.0
2023-01-30 05:00:00,571.0,1485.0,237.0,0.0,222.0,175.0
2023-01-30 06:00:00,508.0,1394.0,238.0,0.0,222.0,170.0
2023-01-30 07:00:00,511.0,1394.0,233.0,0.0,219.0,155.0
2023-01-30 08:00:00,512.0,1394.0,220.0,0.0,45.0,136.0
2023-01-30 09:00:00,582.0,1212.0,210.0,0.0,36.0,150.0
2023-01-30 10:00:00,583.0,1223.0,210.0,0.0,36.0,163.0
2023-01-30 11:00:00,579.0,1188.0,210.0,0.0,36.0,157.0
2023-01-30 12:00:00,585.0,1291.0,210.0,0.0,36.0,150.0
2023-01-30 13:00:00,589.0,1317.0,215.0,0.0,36.0,60.0
2023-01-30 14:00:00,593.0,1421.0,227.0,0.0,36.0,47.0
2023-01-30 15:00:00,598.0,1418.0,246.0,1.0,36.0,86.0
2023-01-30 16:00:00,601.0,1569.0,245.0,16.0,36.0,72.0
2023-01-30 17:00:00,600.0,1571.0,231.0,58.0,36.0,53.0
2023-01-30 18:00:00,586.0,1421.0,221.0,91.0,36.0,83.0
2023-01-30 19:00:00,549.0,1089.0,214.0,222.0,36.0,72.0
2023-01-30 20:00:00,591.0,928.0,210.0,359.0,36.0,89.0
2023-01-30 21:00:00,509.0,816.0,224.0,529.0,37.0,58.0
2023-01-30 22:00:00,435.0,842.0,203.0,636.0,0.0,76.0
2023-01-30 23:00:00,498.0,987.0,205.0,632.0,0.0,56.0
2023-01-31 00:00:00,488.0,1205.0,226.0,506.0,17.0,88.0
2023-01-31 01:00:00,598.0,1672.0,250.0,144.0,36.0,103.0
2023-01-31 02:00:00,596.0,1656.0,251.0,1.0,214.0,106.0
2023-01-31 03:00:00,597.0,1660.0,251.0,2.0,221.0,116.0
2023-01-31 04:00:00,585.0,1664.0,251.0,0.0,222.0,140.0
2023-01-31 05:00:00,583.0,1665.0,251.0,0.0,222.0,108.0
2023-01-31 06:00:00,584.0,1664.0,247.0,0.0,221.0,78.0
2023-01-31 07:00:00,584.0,1655.0,235.0,0.0,220.0,79.0
2023-01-31 08:00:00,584.0,1530.0,231.0,0.0,37.0,90.0
2023-01-31 09:00:00,579.0,1041.0,230.0,0.0,36.0,115.0
2023-01-31 10:00:00,580.0,797.0,231.0,0.0,36.0,109.0
2023-01-31 11:00:00,581.0,788.0,230.0,0.0,36.0,111.0
2023-01-31 12:00:00,574.0,787.0,220.0,0.0,36.0,65.0
2023-01-31 13:00:00,580.0,810.0,228.0,0.0,37.0,58.0
2023-01-31 14:00:00,581.0,1034.0,237.0,0.0,223.0,51.0
2023-01-31 15:00:00,582.0,1089.0,235.0,2.0,223.0,43.0
2023-01-31 16:00:00,597.0,1098.0,241.0,193.0,221.0,28.0
2023-01-31 17:00:00,493.0,1131.0,214.0,690.0,37.0,20.0
2023-01-31 18:00:00,347.0,849.0,192.0,949.0,0.0,27.0
2023-01-31 19:00:00,249.0,873.0,187.0,1001.0,0.0,36.0
2023-01-31 20:00:00,207.0,774.0,176.0,988.0,0.0,29.0
2023-01-31 21:00:00,200.0,734.0,176.0,988.0,0.0,30.0
2023-01-31 22:00:00,199.0,726.0,176.0,988.0,0.0,30.0
2023-01-31 23:00:00,198.0,728.0,191.0,916.0,0.0,24.0
2023-02-01 00:00:00,201.0,753.0,177.0,668.0,38.0,23.0
2023-02-01 01:00:00,389.0,874.0,186.0,183.0,225.0,27.0
2023-02-01 02:00:00,581.0,1090.0,196.0,1.0,228.0,25.0
2023-02-01 03:00:00,581.0,1179.0,233.0,0.0,406.0,10.0
2023-02-01 04:00:00,581.0,1072.0,190.0,0.0,411.0,5.0
2023-02-01 05:00:00,581.0,1056.0,197.0,0.0,409.0,3.0
2023-02-01 06:00:00,584.0,1055.0,181.0,0.0,407.0,2.0
2023-02-01 07:00:00,583.0,1051.0,183.0,0.0,403.0,0.0
2023-02-01 08:00:00,584.0,986.0,180.0,0.0,220.0,0.0
2023-02-01 09:00:00,601.0,884.0,222.0,0.0,42.0,0.0
2023-02-01 10:00:00,601.0,861.0,230.0,0.0,36.0,0.0
2023-02-01 11:00:00,603.0,859.0,230.0,0.0,36.0,0.0
2023-02-01 12:00:00,602.0,854.0,230.0,0.0,36.0,0.0
2023-02-01 13:00:00,601.0,924.0,230.0,0.0,36.0,0.0
2023-02-01 14:00:00,601.0,1047.0,236.0,0.0,36.0,0.0
2023-02-01 15:00:00,602.0,1193.0,246.0,3.0,36.0,0.0
2023-02-01 16:00:00,602.0,1049.0,244.0,200.0,37.0,0.0
2023-02-01 17:00:00,598.0,922.0,219.0,694.0,0.0,0.0
2023-02-01 18:00:00,541.0,701.0,145.0,946.0,0.0,0.0
2023-02-01 19:00:00,438.0,655.0,123.0,993.0,0.0,0.0
2023-02-01 20:00:00,283.0,647.0,118.0,979.0,0.0,0.0
2023-02-01 21:00:00,203.0,646.0,117.0,976.0,0.0,0.0
2023-02-01 22:00:00,199.0,645.0,115.0,965.0,0.0,0.0
2023-02-01 23:00:00,199.0,661.0,119.0,888.0,0.0,0.0
2023-02-02 00:00:00,199.0,700.0,143.0,646.0,28.0,3.0
2023-02-02 01:00:00,353.0,768.0,198.0,180.0,229.0,4.0
2023-02-02 02:00:00,516.0,873.0,249.0,1.0,226.0,2.0
2023-02-02 03:00:00,600.0,1155.0,249.0,0.0,226.0,2.0
2023-02-02 04:00:00,601.0,1158.0,245.0,0.0,226.0,0.0
2023-02-02 05:00:00,602.0,1107.0,243.0,0.0,225.0,0.0
2023-02-02 06:00:00,602.0,1098.0,242.0,0.0,223.0,0.0
2023-02-02 07:00:00,601.0,1005.0,239.0,0.0,223.0,0.0
2023-02-02 08:00:00,602.0,987.0,234.0,0.0,224.0,0.0
2023-02-02 09:00:00,603.0,757.0,230.0,0.0,275.0,0.0
2023-02-02 10:00:00,603.0,761.0,220.0,0.0,38.0,0.0
2023-02-02 11:00:00,602.0,764.0,222.0,0.0,37.0,0.0
2023-02-02 12:00:00,602.0,761.0,222.0,0.0,37.0,0.0
2023-02-02 13:00:00,602.0,762.0,223.0,0.0,37.0,0.0
2023-02-02 14:00:00,602.0,762.0,228.0,0.0,39.0,0.0
2023-02-02 15:00:00,602.0,765.0,236.0,3.0,40.0,0.0
2023-02-02 16:00:00,602.0,630.0,224.0,204.0,40.0,1.0
2023-02-02 17:00:00,597.0,684.0,162.0,684.0,36.0,0.0
2023-02-02 18:00:00,520.0,667.0,139.0,862.0,0.0,0.0
2023-02-02 19:00:00,363.0,522.0,136.0,985.0,0.0,0.0
2023-02-02 20:00:00,243.0,487.0,135.0,933.0,0.0,1.0
2023-02-02 21:00:00,201.0,485.0,137.0,882.0,0.0,2.0
2023-02-02 22:00:00,200.0,485.0,135.0,817.0,0.0,1.0
2023-02-02 23:00:00,199.0,487.0,139.0,595.0,37.0,1.0
2023-02-03 00:00:00,324.0,537.0,146.0,370.0,40.0,0.0
2023-02-03 01:00:00,490.0,692.0,202.0,146.0,40.0,0.0
2023-02-03 02:00:00,600.0,929.0,240.0,1.0,40.0,0.0
2023-02-03 03:00:00,600.0,859.0,240.0,0.0,39.0,0.0
2023-02-03 04:00:00,601.0,796.0,191.0,0.0,36.0,0.0
2023-02-03 05:00:00,602.0,587.0,181.0,0.0,34.0,0.0
2023-02-03 06:00:00,602.0,409.0,181.0,0.0,36.0,0.0
2023-02-03 07:00:00,602.0,436.0,189.0,0.0,225.0,0.0
2023-02-03 08:00:00,602.0,379.0,175.0,0.0,218.0,0.0
2023-02-03 09:00:00,617.0,364.0,217.0,0.0,23.0,2.0
2023-02-03 10:00:00,598.0,310.0,218.0,0.0,29.0,3.0
2023-02-03 11:00:00,534.0,309.0,213.0,0.0,31.0,2.0
2023-02-03 12:00:00,502.0,312.0,213.0,0.0,29.0,11.0
2023-02-03 13:00:00,521.0,356.0,214.0,0.0,29.0,3.0
2023-02-03 14:00:00,536.0,485.0,217.0,0.0,29.0,0.0
2023-02-03 15:00:00,502.0,530.0,231.0,1.0,29.0,3.0
2023-02-03 16:00:00,528.0,851.0,244.0,74.0,29.0,0.0
2023-02-03 17:00:00,473.0,869.0,236.0,308.0,28.0,1.0
2023-02-03 18:00:00,457.0,868.0,238.0,484.0,27.0,27.0
2023-02-03 19:00:00,354.0,704.0,217.0,644.0,28.0,35.0
2023-02-03 20:00:00,226.0,428.0,160.0,714.0,30.0,27.0
2023-02-03 21:00:00,210.0,348.0,159.0,711.0,30.0,21.0
2023-02-03 22:00:00,209.0,351.0,157.0,693.0,30.0,52.0
2023-02-03 23:00:00,210.0,439.0,165.0,664.0,30.0,74.0
2023-02-04 00:00:00,215.0,642.0,189.0,477.0,30.0,66.0
2023-02-04 01:00:00,333.0,1041.0,243.0,107.0,30.0,43.0
2023-02-04 02:00:00,385.0,1007.0,243.0,2.0,214.0,35.0
2023-02-04 03:00:00,501.0,1002.0,248.0,0.0,253.0,41.0
2023-02-04 04:00:00,573.0,1003.0,250.0,0.0,236.0,89.0
2023-02-04 05:00:00,495.0,1005.0,246.0,0.0,31.0,83.0
2023-02-04 06:00:00,383.0,1006.0,244.0,0.0,30.0,49.0
2023-02-04 07:00:00,327.0,1005.0,240.0,0.0,30.0,61.0
2023-02-04 08:00:00,270.0,1006.0,230.0,0.0,29.0,41.0
2023-02-04 09:00:00,231.0,1005.0,220.0,0.0,29.0,74.0
2023-02-04 10:00:00,326.0,1004.0,219.0,0.0,28.0,76.0
2023-02-04 11:00:00,330.0,1005.0,217.0,0.0,28.0,62.0
2023-02-04 12:00:00,326.0,1005.0,226.0,0.0,28.0,61.0
2023-02-04 13:00:00,329.0,1005.0,225.0,0.0,28.0,106.0
2023-02-04 14:00:00,302.0,1005.0,221.0,0.0,28.0,32.0
2023-02-04 15:00:00,291.0,1006.0,230.0,4.0,28.0,9.0
2023-02-04 16:00:00,249.0,675.0,198.0,207.0,30.0,2.0
2023-02-04 17:00:00,209.0,348.0,160.0,618.0,0.0,3.0
2023-02-04 18:00:00,207.0,313.0,116.0,865.0,0.0,0.0
2023-02-04 19:00:00,207.0,311.0,110.0,944.0,0.0,0.0
2023-02-04 20:00:00,206.0,311.0,106.0,915.0,0.0,0.0
2023-02-04 21:00:00,209.0,309.0,106.0,936.0,0.0,0.0
2023-02-04 22:00:00,207.0,312.0,105.0,877.0,0.0,5.0
2023-02-04 23:00:00,206.0,312.0,105.0,665.0,0.0,5.0
2023-02-05 00:00:00,207.0,366.0,141.0,540.0,17.0,4.0
2023-02-05 01:00:00,234.0,800.0,202.0,177.0,27.0,1.0
2023-02-05 02:00:00,316.0,1096.0,229.0,4.0,214.0,0.0
2023-02-05 03:00:00,258.0,1097.0,235.0,0.0,459.0,1.0
2023-02-05 04:00:00,236.0,1098.0,235.0,0.0,362.0,3.0
2023-02-05 05:00:00,251.0,1099.0,230.0,0.0,216.0,2.0
2023-02-05 06:00:00,213.0,1062.0,231.0,0.0,217.0,61.0
2023-02-05 07:00:00,246.0,1004.0,228.0,0.0,217.0,66.0
2023-02-05 08:00:00,210.0,1004.0,217.0,0.0,28.0,76.0
2023-02-05 09:00:00,216.0,1006.0,216.0,0.0,27.0,165.0
2023-02-05 10:00:00,201.0,1007.0,211.0,0.0,27.0,139.0
2023-02-05 11:00:00,203.0,1004.0,210.0,0.0,27.0,193.0
2023-02-05 12:00:00,205.0,1005.0,205.0,0.0,27.0,157.0
2023-02-05 13:00:00,198.0,1006.0,207.0,0.0,27.0,225.0
2023-02-05 14:00:00,200.0,1007.0,217.0,0.0,27.0,255.0
2023-02-05 15:00:00,199.0,1004.0,202.0,4.0,27.0,263.0
2023-02-05 16:00:00,198.0,720.0,158.0,135.0,17.0,273.0
2023-02-05 17:00:00,199.0,312.0,102.0,647.0,0.0,256.0
2023-02-05 18:00:00,202.0,310.0,102.0,914.0,0.0,268.0
2023-02-05 19:00:00,201.0,310.0,101.0,827.0,0.0,260.0
2023-02-05 20:00:00,200.0,309.0,101.0,801.0,0.0,247.0
2023-02-05 21:00:00,200.0,311.0,100.0,915.0,0.0,179.0
2023-02-05 22:00:00,208.0,313.0,100.0,939.0,0.0,52.0
2023-02-05 23:00:00,209.0,311.0,101.0,900.0,0.0,34.0
2023-02-06 00:00:00,209.0,309.0,119.0,678.0,0.0,29.0
2023-02-06 01:00:00,228.0,423.0,175.0,190.0,72.0,24.0
2023-02-06 02:00:00,277.0,921.0,220.0,2.0,216.0,23.0
2023-02-06 03:00:00,257.0,1004.0,225.0,0.0,217.0,23.0
2023-02-06 04:00:00,221.0,1003.0,229.0,0.0,215.0,22.0
2023-02-06 05:00:00,213.0,1002.0,225.0,0.0,214.0,22.0
2023-02-06 06:00:00,199.0,769.0,223.0,0.0,213.0,15.0
2023-02-06 07:00:00,200.0,486.0,192.0,5.0,216.0,25.0
2023-02-06 08:00:00,200.0,313.0,158.0,4.0,214.0,26.0
2023-02-06 09:00:00,201.0,350.0,186.0,0.0,214.0,21.0
2023-02-06 10:00:00,197.0,328.0,162.0,0.0,213.0,18.0
2023-02-06 11:00:00,202.0,310.0,138.0,0.0,24.0,15.0
2023-02-06 12:00:00,199.0,310.0,137.0,0.0,28.0,15.0
2023-02-06 13:00:00,199.0,354.0,162.0,0.0,29.0,15.0
2023-02-06 14:00:00,199.0,591.0,212.0,0.0,28.0,16.0
2023-02-06 15:00:00,208.0,1043.0,237.0,4.0,29.0,14.0
2023-02-06 16:00:00,235.0,941.0,215.0,234.0,30.0,9.0
2023-02-06 17:00:00,200.0,732.0,142.0,719.0,31.0,4.0
2023-02-06 18:00:00,213.0,719.0,132.0,927.0,32.0,5.0
2023-02-06 19:00:00,205.0,695.0,122.0,1014.0,0.0,8.0
2023-02-06 20:00:00,207.0,361.0,122.0,997.0,0.0,7.0
2023-02-06 21:00:00,206.0,351.0,123.0,974.0,0.0,20.0
2023-02-06 22:00:00,205.0,351.0,125.0,979.0,0.0,13.0
2023-02-06 23:00:00,206.0,351.0,126.0,927.0,0.0,25.0
2023-02-07 00:00:00,204.0,377.0,141.0,709.0,58.0,81.0
2023-02-07 01:00:00,220.0,731.0,184.0,222.0,232.0,100.0
2023-02-07 02:00:00,255.0,1323.0,239.0,3.0,221.0,99.0
2023-02-07 03:00:00,282.0,1436.0,239.0,0.0,244.0,101.0
2023-02-07 04:00:00,282.0,1432.0,239.0,0.0,324.0,104.0
2023-02-07 05:00:00,284.0,1348.0,233.0,0.0,203.0,99.0
2023-02-07 06:00:00,216.0,1299.0,231.0,0.0,30.0,69.0
2023-02-07 07:00:00,212.0,1272.0,237.0,0.0,30.0,78.0
2023-02-07 08:00:00,212.0,1101.0,230.0,0.0,30.0,73.0
2023-02-07 09:00:00,209.0,1101.0,228.0,0.0,30.0,62.0
2023-02-07 10:00:00,211.0,1007.0,225.0,0.0,30.0,58.0
2023-02-07 11:00:00,210.0,1004.0,220.0,0.0,30.0,29.0
2023-02-07 12:00:00,210.0,1006.0,225.0,0.0,30.0,35.0
2023-02-07 13:00:00,212.0,1007.0,219.0,0.0,30.0,27.0
2023-02-07 14:00:00,247.0,637.0,221.0,0.0,30.0,33.0
2023-02-07 15:00:00,322.0,596.0,228.0,0.0,28.0,50.0
2023-02-07 16:00:00,248.0,1022.0,222.0,244.0,37.0,16.0
2023-02-07 17:00:00,200.0,645.0,149.0,738.0,92.0,8.0
2023-02-07 18:00:00,199.0,352.0,135.0,971.0,0.0,10.0
2023-02-07 19:00:00,199.0,353.0,122.0,1011.0,0.0,10.0
2023-02-07 20:00:00,199.0,352.0,117.0,991.0,0.0,12.0
2023-02-07 21:00:00,198.0,351.0,117.0,989.0,0.0,18.0
2023-02-07 22:00:00,197.0,349.0,115.0,986.0,0.0,29.0
2023-02-07 23:00:00,196.0,360.0,119.0,915.0,0.0,23.0
2023-02-08 00:00:00,198.0,494.0,134.0,664.0,38.0,17.0
2023-02-08 01:00:00,218.0,1015.0,181.0,215.0,38.0,23.0
2023-02-08 02:00:00,351.0,1329.0,232.0,3.0,204.0,15.0
2023-02-08 03:00:00,471.0,1424.0,234.0,0.0,329.0,7.0
2023-02-08 04:00:00,453.0,1430.0,234.0,0.0,255.0,0.0
2023-02-08 05:00:00,416.0,1389.0,239.0,0.0,220.0,0.0
2023-02-08 06:00:00,367.0,1391.0,236.0,0.0,223.0,0.0
2023-02-08 07:00:00,298.0,1392.0,236.0,0.0,223.0,0.0
2023-02-08 08:00:00,256.0,1294.0,225.0,0.0,222.0,0.0
2023-02-08 09:00:00,208.0,1107.0,217.0,0.0,222.0,0.0
2023-02-08 10:00:00,202.0,1008.0,216.0,0.0,223.0,3.0
2023-02-08 11:00:00,198.0,1005.0,216.0,0.0,224.0,7.0
2023-02-08 12:00:00,198.0,1005.0,216.0,0.0,224.0,1.0
2023-02-08 13:00:00,215.0,1005.0,218.0,0.0,224.0,0.0
2023-02-08 14:00:00,252.0,1003.0,235.0,0.0,224.0,4.0
2023-02-08 15:00:00,256.0,1097.0,235.0,5.0,226.0,17.0
2023-02-08 16:00:00,224.0,1005.0,228.0,239.0,272.0,17.0
2023-02-08 17:00:00,199.0,671.0,147.0,726.0,0.0,23.0
2023-02-08 18:00:00,198.0,406.0,128.0,949.0,0.0,40.0
2023-02-08 19:00:00,198.0,407.0,115.0,996.0,0.0,21.0
2023-02-08 20:00:00,198.0,511.0,111.0,989.0,0.0,14.0
2023-02-08 21:00:00,198.0,512.0,110.0,984.0,0.0,11.0
2023-02-08 22:00:00,197.0,511.0,108.0,965.0,0.0,16.0
2023-02-08 23:00:00,196.0,511.0,114.0,895.0,0.0,13.0
2023-02-09 00:00:00,196.0,554.0,147.0,694.0,36.0,16.0
2023-02-09 01:00:00,207.0,979.0,197.0,232.0,36.0,13.0
2023-02-09 02:00:00,243.0,1293.0,240.0,4.0,38.0,7.0
2023-02-09 03:00:00,245.0,1292.0,246.0,0.0,38.0,90.0
2023-02-09 04:00:00,249.0,1288.0,248.0,0.0,38.0,234.0
2023-02-09 05:00:00,249.0,1199.0,239.0,0.0,38.0,215.0
2023-02-09 06:00:00,248.0,1203.0,238.0,0.0,38.0,155.0
2023-02-09 07:00:00,289.0,1202.0,238.0,0.0,36.0,147.0
2023-02-09 08:00:00,291.0,1100.0,231.0,0.0,38.0,81.0
2023-02-09 09:00:00,343.0,1007.0,220.0,0.0,27.0,47.0
2023-02-09 10:00:00,285.0,1004.0,214.0,0.0,27.0,29.0
2023-02-09 11:00:00,260.0,1005.0,214.0,0.0,27.0,37.0
2023-02-09 12:00:00,276.0,1006.0,215.0,0.0,28.0,53.0
2023-02-09 13:00:00,277.0,1006.0,222.0,0.0,245.0,59.0
2023-02-09 14:00:00,300.0,1008.0,232.0,0.0,267.0,52.0
2023-02-09 15:00:00,308.0,1106.0,246.0,6.0,265.0,30.0
2023-02-09 16:00:00,272.0,1007.0,234.0,259.0,267.0,7.0
2023-02-09 17:00:00,205.0,729.0,148.0,748.0,30.0,8.0
2023-02-09 18:00:00,200.0,408.0,126.0,978.0,0.0,15.0
2023-02-09 19:00:00,197.0,408.0,116.0,1013.0,0.0,16.0
2023-02-09 20:00:00,200.0,408.0,115.0,988.0,0.0,16.0
2023-02-09 21:00:00,206.0,411.0,115.0,987.0,0.0,23.0
2023-02-09 22:00:00,203.0,408.0,116.0,994.0,0.0,30.0
2023-02-09 23:00:00,202.0,394.0,124.0,924.0,0.0,29.0
2023-02-10 00:00:00,204.0,416.0,151.0,723.0,34.0,28.0
2023-02-10 01:00:00,217.0,806.0,206.0,252.0,224.0,31.0
2023-02-10 02:00:00,240.0,1435.0,244.0,4.0,222.0,11.0
2023-02-10 03:00:00,276.0,1437.0,239.0,0.0,221.0,8.0
2023-02-10 04:00:00,347.0,1437.0,239.0,0.0,221.0,6.0
2023-02-10 05:00:00,368.0,1434.0,236.0,0.0,220.0,2.0
2023-02-10 06:00:00,300.0,1399.0,235.0,0.0,220.0,1.0
2023-02-10 07:00:00,338.0,1398.0,234.0,0.0,220.0,0.0
2023-02-10 08:00:00,268.0,1206.0,233.0,0.0,220.0,0.0
2023-02-10 09:00:00,290.0,1010.0,224.0,0.0,220.0,0.0
2023-02-10 10:00:00,249.0,1005.0,220.0,0.0,220.0,1.0
2023-02-10 11:00:00,209.0,1006.0,220.0,0.0,218.0,0.0
2023-02-10 12:00:00,227.0,1097.0,220.0,0.0,28.0,0.0
2023-02-10 13:00:00,276.0,1101.0,229.0,0.0,31.0,0.0
2023-02-10 14:00:00,300.0,1186.0,231.0,0.0,31.0,0.0
2023-02-10 15:00:00,308.0,1203.0,234.0,7.0,31.0,0.0
2023-02-10 16:00:00,273.0,1056.0,219.0,277.0,31.0,0.0
2023-02-10 17:00:00,208.0,528.0,170.0,769.0,3.0,3.0
2023-02-10 18:00:00,207.0,314.0,135.0,973.0,0.0,0.0
2023-02-10 19:00:00,203.0,312.0,114.0,1016.0,0.0,0.0
2023-02-10 20:00:00,205.0,313.0,112.0,995.0,0.0,0.0
2023-02-10 21:00:00,204.0,313.0,112.0,994.0,0.0,1.0
2023-02-10 22:00:00,207.0,311.0,112.0,989.0,0.0,0.0
2023-02-10 23:00:00,204.0,317.0,116.0,870.0,20.0,0.0
2023-02-11 00:00:00,207.0,381.0,148.0,696.0,35.0,0.0
2023-02-11 01:00:00,239.0,751.0,212.0,227.0,35.0,0.0
2023-02-11 02:00:00,304.0,933.0,235.0,5.0,215.0,0.0
2023-02-11 03:00:00,325.0,934.0,230.0,0.0,219.0,0.0
2023-02-11 04:00:00,281.0,934.0,232.0,0.0,220.0,0.0
2023-02-11 05:00:00,262.0,951.0,229.0,0.0,37.0,0.0
2023-02-11 06:00:00,261.0,989.0,222.0,0.0,31.0,0.0
2023-02-11 07:00:00,301.0,942.0,228.0,0.0,31.0,0.0
2023-02-11 08:00:00,307.0,977.0,231.0,0.0,31.0,0.0
2023-02-11 09:00:00,282.0,1001.0,221.0,0.0,38.0,1.0
2023-02-11 10:00:00,296.0,1004.0,220.0,0.0,38.0,4.0
2023-02-11 11:00:00,245.0,1005.0,216.0,0.0,38.0,13.0
2023-02-11 12:00:00,200.0,1006.0,207.0,0.0,38.0,12.0
2023-02-11 13:00:00,199.0,1002.0,208.0,0.0,38.0,7.0
2023-02-11 14:00:00,243.0,1005.0,217.0,0.0,38.0,8.0
2023-02-11 15:00:00,258.0,1005.0,216.0,2.0,38.0,9.0
2023-02-11 16:00:00,249.0,721.0,198.0,166.0,38.0,10.0
2023-02-11 17:00:00,199.0,523.0,136.0,569.0,39.0,13.0
2023-02-11 18:00:00,198.0,362.0,115.0,753.0,0.0,9.0
2023-02-11 19:00:00,197.0,315.0,116.0,787.0,0.0,8.0
2023-02-11 20:00:00,198.0,315.0,125.0,803.0,0.0,1.0
2023-02-11 21:00:00,197.0,311.0,102.0,917.0,0.0,1.0
2023-02-11 22:00:00,197.0,322.0,100.0,870.0,0.0,5.0
2023-02-11 23:00:00,196.0,309.0,104.0,901.0,0.0,11.0
2023-02-12 00:00:00,196.0,377.0,117.0,706.0,0.0,39.0
2023-02-12 01:00:00,225.0,724.0,175.0,256.0,38.0,100.0
2023-02-12 02:00:00,244.0,1174.0,223.0,6.0,212.0,13.0
2023-02-12 03:00:00,246.0,1298.0,231.0,0.0,223.0,0.0
2023-02-12 04:00:00,246.0,1299.0,231.0,0.0,224.0,0.0
2023-02-12 05:00:00,321.0,1299.0,226.0,0.0,224.0,0.0
2023-02-12 06:00:00,280.0,1300.0,226.0,0.0,224.0,0.0
2023-02-12 07:00:00,297.0,1298.0,233.0,0.0,223.0,1.0
2023-02-12 08:00:00,330.0,1202.0,226.0,0.0,222.0,0.0
2023-02-12 09:00:00,308.0,1006.0,214.0,0.0,32.0,9.0
2023-02-12 10:00:00,277.0,1007.0,214.0,0.0,31.0,14.0
2023-02-12 11:00:00,233.0,1007.0,213.0,0.0,31.0,8.0
2023-02-12 12:00:00,210.0,1008.0,207.0,0.0,31.0,5.0
2023-02-12 13:00:00,232.0,1006.0,214.0,0.0,31.0,7.0
2023-02-12 14:00:00,259.0,1007.0,214.0,0.0,31.0,5.0
2023-02-12 15:00:00,212.0,1006.0,223.0,4.0,31.0,3.0
2023-02-12 16:00:00,207.0,1001.0,208.0,188.0,31.0,15.0
2023-02-12 17:00:00,209.0,689.0,198.0,299.0,31.0,25.0
2023-02-12 18:00:00,235.0,492.0,189.0,433.0,31.0,45.0
2023-02-12 19:00:00,200.0,462.0,158.0,685.0,0.0,100.0
2023-02-12 20:00:00,203.0,340.0,100.0,752.0,0.0,112.0
2023-02-12 21:00:00,203.0,311.0,102.0,547.0,0.0,103.0
2023-02-12 22:00:00,204.0,310.0,100.0,496.0,0.0,83.0
2023-02-12 23:00:00,205.0,349.0,103.0,409.0,0.0,88.0
2023-02-13 00:00:00,238.0,516.0,153.0,251.0,0.0,93.0
2023-02-13 01:00:00,294.0,1145.0,212.0,60.0,0.0,98.0
2023-02-13 02:00:00,293.0,1294.0,225.0,2.0,34.0,61.0
2023-02-13 03:00:00,253.0,1288.0,225.0,0.0,210.0,59.0
2023-02-13 04:00:00,299.0,1299.0,224.0,0.0,222.0,90.0
2023-02-13 05:00:00,305.0,1297.0,223.0,0.0,219.0,80.0
2023-02-13 06:00:00,308.0,1293.0,225.0,0.0,219.0,48.0
2023-02-13 07:00:00,299.0,1201.0,231.0,0.0,219.0,37.0
2023-02-13 08:00:00,239.0,933.0,230.0,0.0,221.0,33.0
2023-02-13 09:00:00,235.0,738.0,209.0,0.0,274.0,43.0
2023-02-13 10:00:00,204.0,687.0,161.0,0.0,225.0,37.0
2023-02-13 11:00:00,199.0,680.0,152.0,0.0,225.0,11.0
2023-02-13 12:00:00,199.0,749.0,204.0,0.0,224.0,2.0
2023-02-13 13:00:00,203.0,780.0,215.0,0.0,224.0,2.0
2023-02-13 14:00:00,247.0,802.0,228.0,0.0,225.0,1.0
2023-02-13 15:00:00,296.0,1011.0,234.0,4.0,224.0,2.0
2023-02-13 16:00:00,285.0,981.0,234.0,253.0,219.0,0.0
2023-02-13 17:00:00,203.0,812.0,175.0,677.0,39.0,0.0
2023-02-13 18:00:00,199.0,754.0,152.0,909.0,0.0,0.0
2023-02-13 19:00:00,198.0,532.0,138.0,956.0,0.0,0.0
2023-02-13 20:00:00,198.0,536.0,135.0,922.0,0.0,1.0
2023-02-13 21:00:00,197.0,534.0,136.0,921.0,0.0,6.0
2023-02-13 22:00:00,197.0,534.0,133.0,980.0,0.0,25.0
2023-02-13 23:00:00,196.0,535.0,136.0,726.0,0.0,42.0
2023-02-14 00:00:00,197.0,533.0,156.0,615.0,18.0,79.0
2023-02-14 01:00:00,206.0,695.0,190.0,252.0,38.0,140.0
2023-02-14 02:00:00,225.0,909.0,246.0,7.0,222.0,198.0
2023-02-14 03:00:00,210.0,1048.0,248.0,0.0,223.0,260.0
2023-02-14 04:00:00,200.0,1048.0,247.0,0.0,224.0,286.0
2023-02-14 05:00:00,199.0,1049.0,242.0,0.0,225.0,284.0
2023-02-14 06:00:00,199.0,915.0,241.0,0.0,223.0,283.0
2023-02-14 07:00:00,199.0,721.0,217.0,0.0,40.0,275.0
2023-02-14 08:00:00,198.0,699.0,160.0,0.0,38.0,270.0
2023-02-14 09:00:00,197.0,684.0,158.0,0.0,38.0,235.0
2023-02-14 10:00:00,197.0,593.0,152.0,0.0,38.0,142.0
2023-02-14 11:00:00,198.0,534.0,146.0,0.0,38.0,191.0
2023-02-14 12:00:00,198.0,539.0,146.0,0.0,38.0,173.0
2023-02-14 13:00:00,197.0,680.0,165.0,0.0,38.0,105.0
2023-02-14 14:00:00,196.0,831.0,214.0,0.0,38.0,79.0
2023-02-14 15:00:00,227.0,879.0,240.0,7.0,38.0,66.0
2023-02-14 16:00:00,328.0,937.0,238.0,194.0,38.0,52.0
2023-02-14 17:00:00,225.0,951.0,231.0,532.0,35.0,110.0
2023-02-14 18:00:00,245.0,1077.0,216.0,583.0,0.0,77.0
2023-02-14 19:00:00,247.0,849.0,208.0,535.0,0.0,40.0
2023-02-14 20:00:00,248.0,845.0,207.0,559.0,0.0,76.0
2023-02-14 21:00:00,247.0,845.0,205.0,573.0,0.0,99.0
2023-02-14 22:00:00,247.0,845.0,205.0,582.0,0.0,82.0
2023-02-14 23:00:00,247.0,859.0,205.0,611.0,0.0,48.0
2023-02-15 00:00:00,246.0,1089.0,224.0,640.0,0.0,61.0
2023-02-15 01:00:00,244.0,1205.0,244.0,223.0,212.0,48.0
2023-02-15 02:00:00,268.0,1227.0,248.0,5.0,225.0,43.0
2023-02-15 03:00:00,381.0,1352.0,248.0,0.0,223.0,179.0
2023-02-15 04:00:00,377.0,1350.0,248.0,0.0,224.0,186.0
2023-02-15 05:00:00,323.0,1304.0,247.0,0.0,223.0,212.0
2023-02-15 06:00:00,275.0,1260.0,247.0,2.0,223.0,250.0
2023-02-15 07:00:00,319.0,1251.0,247.0,2.0,228.0,233.0
2023-02-15 08:00:00,347.0,1129.0,244.0,0.0,41.0,213.0
2023-02-15 09:00:00,316.0,1162.0,229.0,0.0,38.0,222.0
2023-02-15 10:00:00,252.0,1109.0,228.0,0.0,38.0,210.0
2023-02-15 11:00:00,248.0,1095.0,226.0,0.0,38.0,213.0
2023-02-15 12:00:00,248.0,1099.0,227.0,0.0,38.0,229.0
2023-02-15 13:00:00,244.0,1102.0,228.0,0.0,38.0,244.0
2023-02-15 14:00:00,291.0,1099.0,235.0,0.0,38.0,244.0
2023-02-15 15:00:00,255.0,1144.0,245.0,10.0,38.0,252.0
2023-02-15 16:00:00,269.0,1134.0,246.0,293.0,38.0,224.0
2023-02-15 17:00:00,210.0,838.0,231.0,781.0,39.0,184.0
2023-02-15 18:00:00,198.0,668.0,163.0,992.0,0.0,214.0
2023-02-15 19:00:00,198.0,673.0,140.0,1027.0,0.0,224.0
2023-02-15 20:00:00,198.0,667.0,137.0,1011.0,0.0,236.0
2023-02-15 21:00:00,197.0,666.0,135.0,976.0,0.0,229.0
2023-02-15 22:00:00,197.0,667.0,131.0,993.0,0.0,244.0
2023-02-15 23:00:00,198.0,666.0,136.0,974.0,0.0,255.0
2023-02-16 00:00:00,198.0,728.0,152.0,762.0,0.0,268.0
2023-02-16 01:00:00,210.0,956.0,215.0,301.0,30.0,258.0
2023-02-16 02:00:00,245.0,1193.0,251.0,11.0,218.0,195.0
2023-02-16 03:00:00,249.0,1226.0,252.0,0.0,401.0,111.0
2023-02-16 04:00:00,248.0,1227.0,252.0,0.0,410.0,110.0
2023-02-16 05:00:00,248.0,1173.0,252.0,0.0,409.0,102.0
2023-02-16 06:00:00,267.0,1175.0,250.0,0.0,408.0,102.0
2023-02-16 07:00:00,299.0,1183.0,247.0,0.0,231.0,85.0
2023-02-16 08:00:00,299.0,1186.0,246.0,0.0,223.0,36.0
2023-02-16 09:00:00,299.0,1183.0,229.0,0.0,223.0,15.0
2023-02-16 10:00:00,299.0,1139.0,226.0,0.0,223.0,0.0
2023-02-16 11:00:00,298.0,1095.0,224.0,0.0,224.0,0.0
2023-02-16 12:00:00,299.0,1092.0,225.0,0.0,224.0,0.0
2023-02-16 13:00:00,300.0,1115.0,228.0,0.0,235.0,0.0
2023-02-16 14:00:00,311.0,1179.0,234.0,0.0,274.0,0.0
2023-02-16 15:00:00,389.0,1244.0,246.0,12.0,274.0,1.0
2023-02-16 16:00:00,331.0,1108.0,244.0,330.0,272.0,1.0
2023-02-16 17:00:00,234.0,883.0,227.0,732.0,39.0,0.0
2023-02-16 18:00:00,232.0,807.0,210.0,949.0,38.0,0.0
2023-02-16 19:00:00,225.0,759.0,136.0,978.0,38.0,0.0
2023-02-16 20:00:00,198.0,687.0,121.0,984.0,38.0,1.0
2023-02-16 21:00:00,219.0,724.0,123.0,966.0,38.0,2.0
2023-02-16 22:00:00,200.0,744.0,120.0,920.0,38.0,1.0
2023-02-16 23:00:00,232.0,779.0,130.0,772.0,38.0,1.0
2023-02-17 00:00:00,228.0,766.0,176.0,610.0,38.0,1.0
2023-02-17 01:00:00,252.0,1004.0,209.0,202.0,38.0,0.0
2023-02-17 02:00:00,351.0,1233.0,249.0,7.0,230.0,1.0
2023-02-17 03:00:00,418.0,1315.0,248.0,0.0,235.0,1.0
2023-02-17 04:00:00,533.0,1353.0,248.0,0.0,224.0,0.0
2023-02-17 05:00:00,532.0,1328.0,242.0,0.0,224.0,0.0
2023-02-17 06:00:00,529.0,1350.0,242.0,0.0,223.0,0.0
2023-02-17 07:00:00,529.0,1421.0,241.0,0.0,43.0,0.0
2023-02-17 08:00:00,487.0,1468.0,240.0,0.0,38.0,0.0
2023-02-17 09:00:00,545.0,1461.0,227.0,0.0,27.0,0.0
2023-02-17 10:00:00,457.0,1137.0,225.0,0.0,27.0,1.0
2023-02-17 11:00:00,394.0,997.0,223.0,0.0,27.0,1.0
2023-02-17 12:00:00,297.0,986.0,224.0,0.0,27.0,11.0
2023-02-17 13:00:00,316.0,1038.0,226.0,0.0,27.0,7.0
2023-02-17 14:00:00,381.0,1295.0,232.0,0.0,27.0,7.0
2023-02-17 15:00:00,517.0,1353.0,241.0,9.0,27.0,6.0
2023-02-17 16:00:00,496.0,1224.0,240.0,203.0,27.0,3.0
2023-02-17 17:00:00,342.0,1052.0,226.0,600.0,27.0,4.0
2023-02-17 18:00:00,220.0,926.0,210.0,714.0,27.0,5.0
2023-02-17 19:00:00,205.0,678.0,166.0,817.0,27.0,8.0
2023-02-17 20:00:00,200.0,709.0,159.0,836.0,27.0,9.0
2023-02-17 21:00:00,199.0,683.0,158.0,821.0,27.0,8.0
2023-02-17 22:00:00,201.0,678.0,161.0,676.0,27.0,7.0
2023-02-17 23:00:00,203.0,671.0,162.0,526.0,27.0,6.0
2023-02-18 00:00:00,204.0,673.0,163.0,354.0,27.0,10.0
2023-02-18 01:00:00,206.0,841.0,176.0,139.0,28.0,14.0
2023-02-18 02:00:00,253.0,1181.0,229.0,10.0,27.0,33.0
2023-02-18 03:00:00,367.0,1348.0,248.0,0.0,27.0,28.0
2023-02-18 04:00:00,377.0,1354.0,249.0,0.0,27.0,14.0
2023-02-18 05:00:00,366.0,1355.0,248.0,0.0,28.0,6.0
2023-02-18 06:00:00,290.0,1355.0,247.0,0.0,27.0,1.0
2023-02-18 07:00:00,391.0,1355.0,241.0,0.0,27.0,0.0
2023-02-18 08:00:00,506.0,1345.0,237.0,0.0,27.0,0.0
2023-02-18 09:00:00,392.0,1071.0,229.0,0.0,27.0,0.0
2023-02-18 10:00:00,245.0,1015.0,224.0,0.0,27.0,0.0
2023-02-18 11:00:00,209.0,1015.0,219.0,0.0,27.0,0.0
2023-02-18 12:00:00,211.0,1023.0,217.0,0.0,27.0,0.0
2023-02-18 13:00:00,210.0,1013.0,218.0,0.0,27.0,12.0
2023-02-18 14:00:00,209.0,1013.0,222.0,0.0,27.0,13.0
2023-02-18 15:00:00,210.0,1006.0,222.0,12.0,29.0,24.0
2023-02-18 16:00:00,210.0,687.0,172.0,324.0,32.0,68.0
2023-02-18 17:00:00,202.0,557.0,136.0,783.0,0.0,116.0
2023-02-18 18:00:00,205.0,534.0,121.0,964.0,0.0,142.0
2023-02-18 19:00:00,202.0,409.0,114.0,1008.0,0.0,129.0
2023-02-18 20:00:00,204.0,387.0,108.0,984.0,0.0,123.0
2023-02-18 21:00:00,200.0,387.0,110.0,971.0,0.0,106.0
2023-02-18 22:00:00,202.0,384.0,108.0,877.0,0.0,144.0
2023-02-18 23:00:00,201.0,398.0,107.0,737.0,0.0,230.0
2023-02-19 00:00:00,203.0,458.0,118.0,367.0,0.0,245.0
2023-02-19 01:00:00,217.0,678.0,177.0,145.0,29.0,237.0
2023-02-19 02:00:00,219.0,818.0,228.0,6.0,34.0,241.0
2023-02-19 03:00:00,220.0,805.0,230.0,0.0,216.0,247.0
2023-02-19 04:00:00,246.0,808.0,226.0,0.0,217.0,221.0
2023-02-19 05:00:00,251.0,832.0,226.0,0.0,217.0,241.0
2023-02-19 06:00:00,250.0,808.0,227.0,0.0,217.0,213.0
2023-02-19 07:00:00,243.0,804.0,229.0,0.0,215.0,161.0
2023-02-19 08:00:00,237.0,805.0,229.0,0.0,215.0,151.0
2023-02-19 09:00:00,200.0,772.0,224.0,0.0,275.0,138.0
2023-02-19 10:00:00,200.0,759.0,224.0,0.0,277.0,120.0
2023-02-19 11:00:00,199.0,752.0,218.0,0.0,277.0,52.0
2023-02-19 12:00:00,199.0,746.0,214.0,0.0,277.0,37.0
2023-02-19 13:00:00,199.0,752.0,214.0,0.0,276.0,49.0
2023-02-19 14:00:00,199.0,804.0,217.0,0.0,276.0,36.0
2023-02-19 15:00:00,226.0,807.0,203.0,9.0,276.0,36.0
2023-02-19 16:00:00,223.0,675.0,157.0,265.0,215.0,19.0
2023-02-19 17:00:00,198.0,532.0,112.0,741.0,0.0,0.0
2023-02-19 18:00:00,198.0,410.0,118.0,888.0,0.0,0.0
2023-02-19 19:00:00,198.0,389.0,149.0,1012.0,0.0,0.0
2023-02-19 20:00:00,197.0,390.0,107.0,1019.0,0.0,1.0
2023-02-19 21:00:00,197.0,389.0,99.0,1018.0,0.0,3.0
2023-02-19 22:00:00,196.0,389.0,100.0,1010.0,0.0,2.0
2023-02-19 23:00:00,196.0,415.0,100.0,945.0,0.0,3.0
2023-02-20 00:00:00,196.0,435.0,103.0,772.0,0.0,3.0
2023-02-20 01:00:00,198.0,597.0,133.0,330.0,38.0,1.0
2023-02-20 02:00:00,231.0,805.0,216.0,14.0,223.0,0.0
2023-02-20 03:00:00,237.0,805.0,224.0,0.0,224.0,0.0
2023-02-20 04:00:00,218.0,804.0,227.0,0.0,223.0,0.0
2023-02-20 05:00:00,200.0,798.0,227.0,0.0,225.0,0.0
2023-02-20 06:00:00,221.0,803.0,228.0,0.0,223.0,0.0
2023-02-20 07:00:00,199.0,764.0,216.0,0.0,223.0,0.0
2023-02-20 08:00:00,200.0,660.0,162.0,0.0,223.0,1.0
2023-02-20 09:00:00,199.0,751.0,146.0,0.0,223.0,17.0
2023-02-20 10:00:00,199.0,689.0,143.0,0.0,223.0,3.0
2023-02-20 11:00:00,198.0,701.0,140.0,0.0,224.0,10.0
2023-02-20 12:00:00,197.0,706.0,139.0,0.0,224.0,24.0
2023-02-20 13:00:00,198.0,740.0,144.0,0.0,224.0,20.0
2023-02-20 14:00:00,215.0,800.0,205.0,0.0,222.0,4.0
2023-02-20 15:00:00,293.0,809.0,221.0,19.0,39.0,5.0
2023-02-20 16:00:00,226.0,716.0,198.0,354.0,32.0,4.0
2023-02-20 17:00:00,199.0,473.0,163.0,808.0,34.0,10.0
2023-02-20 18:00:00,198.0,389.0,136.0,986.0,33.0,17.0
2023-02-20 19:00:00,197.0,389.0,119.0,1028.0,37.0,34.0
2023-02-20 20:00:00,197.0,389.0,115.0,1016.0,0.0,36.0
2023-02-20 21:00:00,197.0,387.0,111.0,1014.0,0.0,71.0
2023-02-20 22:00:00,197.0,404.0,109.0,1003.0,0.0,32.0
2023-02-20 23:00:00,196.0,415.0,110.0,942.0,39.0,0.0
2023-02-21 00:00:00,197.0,470.0,119.0,774.0,47.0,0.0
2023-02-21 01:00:00,214.0,644.0,165.0,261.0,226.0,9.0
2023-02-21 02:00:00,342.0,934.0,230.0,10.0,223.0,5.0
2023-02-21 03:00:00,452.0,1058.0,231.0,0.0,223.0,7.0
2023-02-21 04:00:00,466.0,1063.0,231.0,0.0,219.0,6.0
2023-02-21 05:00:00,447.0,1063.0,231.0,0.0,218.0,6.0
2023-02-21 06:00:00,341.0,1141.0,230.0,0.0,219.0,5.0
2023-02-21 07:00:00,258.0,972.0,237.0,0.0,218.0,6.0
2023-02-21 08:00:00,201.0,950.0,223.0,0.0,218.0,3.0
2023-02-21 09:00:00,200.0,1060.0,206.0,0.0,37.0,15.0
2023-02-21 10:00:00,199.0,1001.0,206.0,0.0,35.0,28.0
2023-02-21 11:00:00,198.0,976.0,181.0,0.0,35.0,37.0
2023-02-21 12:00:00,199.0,746.0,133.0,0.0,35.0,94.0
2023-02-21 13:00:00,198.0,938.0,148.0,0.0,35.0,147.0
2023-02-21 14:00:00,197.0,1080.0,207.0,0.0,34.0,207.0
2023-02-21 15:00:00,228.0,1107.0,230.0,21.0,35.0,256.0
2023-02-21 16:00:00,213.0,813.0,198.0,351.0,37.0,247.0
2023-02-21 17:00:00,199.0,670.0,155.0,786.0,38.0,260.0
2023-02-21 18:00:00,198.0,698.0,128.0,946.0,0.0,271.0
2023-02-21 19:00:00,198.0,670.0,119.0,835.0,0.0,281.0
2023-02-21 20:00:00,198.0,668.0,117.0,705.0,0.0,277.0
2023-02-21 21:00:00,197.0,670.0,109.0,557.0,0.0,279.0
2023-02-21 22:00:00,196.0,670.0,110.0,698.0,0.0,273.0
2023-02-21 23:00:00,196.0,671.0,119.0,675.0,30.0,278.0
2023-02-22 00:00:00,198.0,812.0,161.0,476.0,36.0,283.0
2023-02-22 01:00:00,201.0,878.0,185.0,103.0,41.0,260.0
2023-02-22 02:00:00,222.0,1139.0,239.0,6.0,236.0,226.0
2023-02-22 03:00:00,244.0,1335.0,241.0,0.0,222.0,222.0
2023-02-22 04:00:00,204.0,1345.0,239.0,0.0,220.0,248.0
2023-02-22 05:00:00,240.0,1349.0,239.0,0.0,220.0,254.0
2023-02-22 06:00:00,246.0,1282.0,236.0,0.0,36.0,256.0
2023-02-22 07:00:00,240.0,1083.0,235.0,0.0,37.0,225.0
2023-02-22 08:00:00,217.0,1082.0,226.0,0.0,37.0,224.0
2023-02-22 09:00:00,243.0,1102.0,224.0,0.0,37.0,91.0
2023-02-22 10:00:00,246.0,1105.0,214.0,0.0,38.0,78.0
2023-02-22 11:00:00,248.0,1069.0,212.0,0.0,39.0,54.0
2023-02-22 12:00:00,246.0,1035.0,210.0,0.0,39.0,111.0
2023-02-22 13:00:00,248.0,1079.0,220.0,0.0,39.0,113.0
2023-02-22 14:00:00,247.0,1222.0,233.0,0.0,37.0,166.0
2023-02-22 15:00:00,237.0,1429.0,240.0,18.0,35.0,129.0
2023-02-22 16:00:00,240.0,1350.0,234.0,277.0,32.0,73.0
2023-02-22 17:00:00,227.0,1159.0,199.0,665.0,30.0,20.0
2023-02-22 18:00:00,199.0,888.0,140.0,1023.0,32.0,16.0
2023-02-22 19:00:00,198.0,778.0,138.0,926.0,33.0,11.0
2023-02-22 20:00:00,197.0,846.0,137.0,974.0,32.0,5.0
2023-02-22 21:00:00,197.0,906.0,137.0,920.0,37.0,7.0
2023-02-22 22:00:00,197.0,767.0,129.0,832.0,49.0,20.0
2023-02-22 23:00:00,202.0,824.0,138.0,808.0,37.0,37.0
2023-02-23 00:00:00,218.0,922.0,169.0,720.0,32.0,43.0
2023-02-23 01:00:00,214.0,1167.0,200.0,230.0,32.0,42.0
2023-02-23 02:00:00,241.0,1358.0,236.0,15.0,217.0,91.0
2023-02-23 03:00:00,336.0,1399.0,242.0,0.0,216.0,118.0
2023-02-23 04:00:00,338.0,1438.0,245.0,0.0,217.0,163.0
2023-02-23 05:00:00,293.0,1417.0,238.0,0.0,217.0,153.0
2023-02-23 06:00:00,250.0,1416.0,235.0,0.0,216.0,153.0
2023-02-23 07:00:00,249.0,1420.0,241.0,0.0,34.0,165.0
2023-02-23 08:00:00,261.0,1404.0,236.0,0.0,32.0,126.0
2023-02-23 09:00:00,367.0,1404.0,234.0,0.0,25.0,85.0
2023-02-23 10:00:00,341.0,1368.0,226.0,0.0,25.0,82.0
2023-02-23 11:00:00,303.0,1380.0,225.0,0.0,25.0,107.0
2023-02-23 12:00:00,309.0,1406.0,227.0,0.0,25.0,47.0
2023-02-23 13:00:00,326.0,1406.0,228.0,0.0,25.0,98.0
2023-02-23 14:00:00,437.0,1406.0,239.0,0.0,25.0,126.0
2023-02-23 15:00:00,464.0,1407.0,240.0,19.0,25.0,167.0
2023-02-23 16:00:00,384.0,1388.0,233.0,156.0,27.0,142.0
2023-02-23 17:00:00,271.0,1158.0,231.0,520.0,28.0,146.0
2023-02-23 18:00:00,260.0,1056.0,224.0,697.0,28.0,164.0
2023-02-23 19:00:00,242.0,892.0,178.0,497.0,28.0,132.0
2023-02-23 20:00:00,236.0,830.0,164.0,563.0,0.0,234.0
2023-02-23 21:00:00,199.0,761.0,145.0,746.0,0.0,264.0
2023-02-23 22:00:00,218.0,967.0,146.0,548.0,26.0,219.0
2023-02-23 23:00:00,245.0,1146.0,156.0,517.0,28.0,236.0
2023-02-24 00:00:00,247.0,1189.0,175.0,268.0,28.0,136.0
2023-02-24 01:00:00,285.0,1310.0,188.0,110.0,27.0,163.0
2023-02-24 02:00:00,406.0,1499.0,250.0,8.0,28.0,238.0
2023-02-24 03:00:00,504.0,1570.0,247.0,0.0,212.0,153.0
2023-02-24 04:00:00,502.0,1574.0,246.0,0.0,213.0,124.0
2023-02-24 05:00:00,497.0,1576.0,246.0,0.0,213.0,99.0
2023-02-24 06:00:00,385.0,1593.0,245.0,0.0,211.0,53.0
2023-02-24 07:00:00,415.0,1535.0,245.0,0.0,24.0,17.0
2023-02-24 08:00:00,314.0,1469.0,244.0,0.0,23.0,33.0
2023-02-24 09:00:00,405.0,1299.0,242.0,0.0,23.0,75.0
2023-02-24 10:00:00,405.0,1119.0,228.0,0.0,23.0,210.0
2023-02-24 11:00:00,385.0,1186.0,223.0,0.0,23.0,181.0
2023-02-24 12:00:00,406.0,1269.0,224.0,0.0,23.0,90.0
2023-02-24 13:00:00,472.0,1307.0,230.0,0.0,23.0,73.0
2023-02-24 14:00:00,528.0,1384.0,236.0,0.0,23.0,79.0
2023-02-24 15:00:00,528.0,1360.0,244.0,8.0,23.0,148.0
2023-02-24 16:00:00,587.0,1300.0,244.0,85.0,22.0,212.0
2023-02-24 17:00:00,555.0,1315.0,244.0,198.0,22.0,190.0
2023-02-24 18:00:00,452.0,1400.0,243.0,161.0,22.0,93.0
2023-02-24 19:00:00,458.0,1506.0,240.0,174.0,22.0,92.0
2023-02-24 20:00:00,510.0,1372.0,239.0,230.0,22.0,158.0
2023-02-24 21:00:00,484.0,1393.0,238.0,321.0,22.0,164.0
2023-02-24 22:00:00,575.0,1389.0,239.0,267.0,21.0,190.0
2023-02-24 23:00:00,611.0,1399.0,239.0,236.0,219.0,191.0
2023-02-25 00:00:00,611.0,1344.0,244.0,139.0,264.0,140.0
2023-02-25 01:00:00,612.0,1431.0,250.0,38.0,265.0,56.0
2023-02-25 02:00:00,613.0,1587.0,251.0,1.0,397.0,12.0
2023-02-25 03:00:00,613.0,1519.0,251.0,0.0,396.0,16.0
2023-02-25 04:00:00,612.0,1534.0,248.0,0.0,215.0,46.0
2023-02-25 05:00:00,613.0,1476.0,240.0,0.0,212.0,13.0
2023-02-25 06:00:00,613.0,1421.0,236.0,0.0,211.0,2.0
2023-02-25 07:00:00,613.0,1404.0,240.0,0.0,209.0,4.0
2023-02-25 08:00:00,614.0,1352.0,239.0,0.0,30.0,5.0
2023-02-25 09:00:00,614.0,1357.0,229.0,0.0,22.0,7.0
2023-02-25 10:00:00,614.0,1358.0,228.0,0.0,22.0,6.0
2023-02-25 11:00:00,614.0,1356.0,227.0,0.0,22.0,0.0
2023-02-25 12:00:00,614.0,1357.0,217.0,0.0,22.0,0.0
2023-02-25 13:00:00,614.0,1355.0,218.0,0.0,22.0,0.0
2023-02-25 14:00:00,613.0,1355.0,225.0,0.0,22.0,0.0
2023-02-25 15:00:00,613.0,1358.0,244.0,18.0,22.0,0.0
2023-02-25 16:00:00,613.0,1257.0,241.0,154.0,22.0,0.0
2023-02-25 17:00:00,614.0,1067.0,233.0,160.0,22.0,0.0
2023-02-25 18:00:00,611.0,1237.0,234.0,219.0,22.0,0.0
2023-02-25 19:00:00,602.0,1305.0,233.0,339.0,22.0,0.0
2023-02-25 20:00:00,567.0,1369.0,224.0,416.0,23.0,0.0
2023-02-25 21:00:00,598.0,1315.0,177.0,621.0,23.0,0.0
2023-02-25 22:00:00,485.0,1306.0,165.0,760.0,23.0,0.0
2023-02-25 23:00:00,430.0,1331.0,172.0,551.0,23.0,0.0
2023-02-26 00:00:00,428.0,1444.0,236.0,262.0,23.0,0.0
2023-02-26 01:00:00,507.0,1505.0,247.0,71.0,23.0,0.0
2023-02-26 02:00:00,608.0,1683.0,250.0,10.0,189.0,1.0
2023-02-26 03:00:00,611.0,1832.0,250.0,0.0,212.0,3.0
2023-02-26 04:00:00,611.0,1820.0,250.0,0.0,213.0,2.0
2023-02-26 05:00:00,612.0,1540.0,250.0,0.0,212.0,2.0
2023-02-26 06:00:00,612.0,1459.0,250.0,0.0,212.0,3.0
2023-02-26 07:00:00,613.0,1422.0,249.0,0.0,212.0,0.0
2023-02-26 08:00:00,614.0,1370.0,246.0,0.0,21.0,0.0
2023-02-26 09:00:00,604.0,1346.0,238.0,0.0,30.0,4.0
2023-02-26 10:00:00,602.0,1187.0,234.0,0.0,30.0,8.0
2023-02-26 11:00:00,601.0,1066.0,231.0,0.0,30.0,225.0
2023-02-26 12:00:00,564.0,1073.0,226.0,0.0,30.0,257.0
2023-02-26 13:00:00,488.0,1027.0,194.0,0.0,30.0,215.0
2023-02-26 14:00:00,471.0,1015.0,221.0,0.0,30.0,156.0
2023-02-26 15:00:00,492.0,1034.0,221.0,35.0,30.0,208.0
2023-02-26 16:00:00,396.0,695.0,155.0,390.0,30.0,243.0
2023-02-26 17:00:00,296.0,334.0,115.0,805.0,30.0,269.0
2023-02-26 18:00:00,207.0,180.0,108.0,990.0,0.0,261.0
2023-02-26 19:00:00,199.0,162.0,113.0,1007.0,0.0,263.0
2023-02-26 20:00:00,198.0,159.0,112.0,946.0,0.0,257.0
2023-02-26 21:00:00,197.0,162.0,116.0,893.0,0.0,256.0
2023-02-26 22:00:00,197.0,276.0,118.0,886.0,0.0,259.0
2023-02-26 23:00:00,197.0,277.0,114.0,956.0,0.0,265.0
2023-02-27 00:00:00,197.0,425.0,130.0,773.0,0.0,266.0
2023-02-27 01:00:00,256.0,674.0,164.0,387.0,26.0,263.0
2023-02-27 02:00:00,409.0,932.0,205.0,18.0,213.0,256.0
2023-02-27 03:00:00,565.0,1137.0,238.0,0.0,217.0,251.0
2023-02-27 04:00:00,599.0,1160.0,241.0,0.0,216.0,260.0
2023-02-27 05:00:00,600.0,1247.0,241.0,0.0,216.0,257.0
2023-02-27 06:00:00,599.0,1342.0,241.0,0.0,214.0,250.0
2023-02-27 07:00:00,554.0,1253.0,239.0,0.0,213.0,246.0
2023-02-27 08:00:00,572.0,956.0,237.0,0.0,215.0,242.0
2023-02-27 09:00:00,426.0,1065.0,219.0,0.0,32.0,247.0
2023-02-27 10:00:00,370.0,1048.0,218.0,0.0,29.0,237.0
2023-02-27 11:00:00,368.0,1025.0,208.0,0.0,29.0,229.0
2023-02-27 12:00:00,369.0,1040.0,208.0,0.0,29.0,237.0
2023-02-27 13:00:00,368.0,1194.0,209.0,0.0,30.0,233.0
2023-02-27 14:00:00,365.0,1281.0,227.0,0.0,216.0,239.0
2023-02-27 15:00:00,366.0,1247.0,250.0,38.0,215.0,242.0
2023-02-27 16:00:00,366.0,1076.0,240.0,288.0,214.0,212.0
2023-02-27 17:00:00,368.0,812.0,199.0,561.0,29.0,197.0
2023-02-27 18:00:00,375.0,660.0,180.0,788.0,29.0,217.0
2023-02-27 19:00:00,363.0,559.0,164.0,859.0,29.0,214.0
2023-02-27 20:00:00,356.0,646.0,163.0,886.0,29.0,225.0
2023-02-27 21:00:00,356.0,622.0,159.0,862.0,28.0,245.0
2023-02-27 22:00:00,356.0,690.0,160.0,728.0,30.0,256.0
2023-02-27 23:00:00,364.0,685.0,162.0,826.0,30.0,259.0
2023-02-28 00:00:00,486.0,770.0,173.0,644.0,30.0,256.0
2023-02-28 01:00:00,588.0,1081.0,203.0,121.0,30.0,256.0
2023-02-28 02:00:00,511.0,1464.0,249.0,16.0,30.0,232.0
2023-02-28 03:00:00,502.0,1548.0,238.0,0.0,214.0,219.0
2023-02-28 04:00:00,482.0,1549.0,236.0,0.0,215.0,229.0
2023-02-28 05:00:00,481.0,1507.0,241.0,0.0,215.0,207.0
2023-02-28 06:00:00,482.0,1502.0,246.0,0.0,213.0,242.0
2023-02-28 07:00:00,481.0,1397.0,240.0,0.0,27.0,255.0
2023-02-28 08:00:00,475.0,1165.0,239.0,0.0,29.0,253.0
2023-02-28 09:00:00,422.0,1057.0,228.0,0.0,29.0,254.0
2023-02-28 10:00:00,416.0,998.0,223.0,0.0,29.0,243.0
2023-02-28 11:00:00,335.0,956.0,218.0,0.0,29.0,113.0
2023-02-28 12:00:00,320.0,928.0,218.0,0.0,29.0,65.0
2023-02-28 13:00:00,365.0,975.0,220.0,0.0,29.0,64.0
2023-02-28 14:00:00,336.0,1033.0,224.0,0.0,31.0,88.0
2023-02-28 15:00:00,440.0,1111.0,251.0,28.0,33.0,140.0
2023-02-28 16:00:00,465.0,1066.0,246.0,373.0,34.0,110.0
2023-02-28 17:00:00,319.0,657.0,181.0,786.0,35.0,145.0
2023-02-28 18:00:00,205.0,610.0,146.0,894.0,0.0,146.0
2023-02-28 19:00:00,198.0,610.0,146.0,943.0,0.0,85.0
2023-02-28 20:00:00,197.0,611.0,148.0,967.0,0.0,125.0
2023-02-28 21:00:00,196.0,611.0,156.0,896.0,0.0,156.0
2023-02-28 22:00:00,196.0,609.0,164.0,783.0,0.0,166.0
2023-02-28 23:00:00,197.0,636.0,147.0,862.0,0.0,196.0
2023-03-01 00:00:00,208.0,739.0,161.0,550.0,32.0,228.0
2023-03-01 01:00:00,334.0,1033.0,237.0,192.0,31.0,233.0
2023-03-01 02:00:00,490.0,1132.0,252.0,9.0,30.0,215.0
2023-03-01 03:00:00,577.0,1170.0,251.0,0.0,213.0,228.0
2023-03-01 04:00:00,570.0,1253.0,252.0,0.0,213.0,214.0
2023-03-01 05:00:00,590.0,1269.0,251.0,0.0,212.0,177.0
2023-03-01 06:00:00,496.0,1186.0,241.0,0.0,213.0,190.0
2023-03-01 07:00:00,404.0,1229.0,225.0,0.0,213.0,184.0
2023-03-01 08:00:00,454.0,1140.0,225.0,0.0,28.0,217.0
2023-03-01 09:00:00,328.0,1151.0,227.0,0.0,26.0,143.0
2023-03-01 10:00:00,296.0,1154.0,219.0,0.0,26.0,133.0
2023-03-01 11:00:00,332.0,1155.0,212.0,0.0,27.0,196.0
2023-03-01 12:00:00,321.0,1173.0,216.0,0.0,27.0,152.0
2023-03-01 13:00:00,298.0,1265.0,217.0,0.0,27.0,195.0
2023-03-01 14:00:00,407.0,1269.0,229.0,0.0,27.0,111.0
2023-03-01 15:00:00,493.0,1312.0,245.0,7.0,27.0,126.0
2023-03-01 16:00:00,468.0,1311.0,239.0,67.0,27.0,200.0
2023-03-01 17:00:00,323.0,1278.0,220.0,153.0,27.0,131.0
2023-03-01 18:00:00,299.0,986.0,198.0,251.0,26.0,82.0
2023-03-01 19:00:00,272.0,724.0,134.0,491.0,26.0,40.0
2023-03-01 20:00:00,253.0,581.0,118.0,577.0,27.0,18.0
2023-03-01 21:00:00,199.0,556.0,126.0,487.0,30.0,10.0
2023-03-01 22:00:00,195.0,592.0,129.0,389.0,34.0,10.0
2023-03-01 23:00:00,196.0,808.0,138.0,617.0,35.0,10.0
2023-03-02 00:00:00,223.0,904.0,159.0,617.0,35.0,8.0
2023-03-02 01:00:00,237.0,1066.0,214.0,302.0,35.0,30.0
2023-03-02 02:00:00,372.0,1321.0,251.0,31.0,221.0,22.0
2023-03-02 03:00:00,537.0,1331.0,251.0,0.0,220.0,65.0
2023-03-02 04:00:00,599.0,1306.0,251.0,0.0,220.0,110.0
2023-03-02 05:00:00,600.0,1275.0,247.0,0.0,219.0,208.0
2023-03-02 06:00:00,591.0,1279.0,242.0,0.0,220.0,225.0
2023-03-02 07:00:00,605.0,1253.0,243.0,0.0,220.0,196.0
2023-03-02 08:00:00,565.0,1095.0,241.0,0.0,220.0,141.0
2023-03-02 09:00:00,417.0,1106.0,233.0,0.0,274.0,130.0
2023-03-02 10:00:00,396.0,1106.0,217.0,0.0,275.0,136.0
2023-03-02 11:00:00,352.0,1104.0,220.0,0.0,275.0,105.0
2023-03-02 12:00:00,366.0,1107.0,218.0,0.0,276.0,143.0
2023-03-02 13:00:00,441.0,1106.0,223.0,0.0,273.0,114.0
2023-03-02 14:00:00,551.0,1105.0,235.0,0.0,269.0,142.0
2023-03-02 15:00:00,587.0,1105.0,246.0,54.0,272.0,148.0
2023-03-02 16:00:00,503.0,1007.0,230.0,482.0,46.0,74.0
2023-03-02 17:00:00,343.0,822.0,167.0,913.0,0.0,57.0
2023-03-02 18:00:00,249.0,866.0,186.0,1074.0,0.0,25.0
2023-03-02 19:00:00,245.0,629.0,135.0,1085.0,0.0,17.0
2023-03-02 20:00:00,228.0,617.0,125.0,1068.0,0.0,17.0
2023-03-02 21:00:00,199.0,613.0,125.0,1072.0,0.0,9.0
2023-03-02 22:00:00,198.0,613.0,122.0,1081.0,0.0,1.0
2023-03-02 23:00:00,197.0,616.0,120.0,1025.0,0.0,3.0
2023-03-03 00:00:00,198.0,612.0,139.0,869.0,0.0,0.0
2023-03-03 01:00:00,209.0,718.0,161.0,450.0,36.0,0.0
2023-03-03 02:00:00,338.0,971.0,214.0,33.0,227.0,0.0
2023-03-03 03:00:00,500.0,1104.0,248.0,0.0,223.0,1.0
2023-03-03 04:00:00,599.0,1103.0,245.0,0.0,223.0,1.0
2023-03-03 05:00:00,603.0,1104.0,248.0,0.0,220.0,1.0
2023-03-03 06:00:00,603.0,1104.0,246.0,0.0,216.0,3.0
2023-03-03 07:00:00,602.0,1030.0,232.0,0.0,32.0,3.0
2023-03-03 08:00:00,559.0,1054.0,222.0,0.0,36.0,6.0
2023-03-03 09:00:00,609.0,1131.0,224.0,0.0,29.0,18.0
2023-03-03 10:00:00,587.0,1106.0,221.0,0.0,29.0,8.0
2023-03-03 11:00:00,505.0,1106.0,221.0,0.0,29.0,19.0
2023-03-03 12:00:00,442.0,1089.0,220.0,0.0,29.0,38.0
2023-03-03 13:00:00,488.0,1034.0,216.0,0.0,29.0,50.0
2023-03-03 14:00:00,586.0,1100.0,227.0,0.0,29.0,43.0
2023-03-03 15:00:00,581.0,1071.0,233.0,61.0,31.0,45.0
2023-03-03 16:00:00,441.0,432.0,191.0,479.0,31.0,42.0
2023-03-03 17:00:00,342.0,456.0,137.0,910.0,0.0,47.0
2023-03-03 18:00:00,219.0,456.0,115.0,1051.0,0.0,49.0
2023-03-03 19:00:00,206.0,456.0,112.0,1082.0,0.0,76.0
2023-03-03 20:00:00,207.0,456.0,110.0,1067.0,0.0,60.0
2023-03-03 21:00:00,208.0,457.0,111.0,1066.0,0.0,2.0
2023-03-03 22:00:00,206.0,458.0,111.0,1075.0,0.0,22.0
2023-03-03 23:00:00,207.0,458.0,111.0,1015.0,0.0,17.0
2023-03-04 00:00:00,208.0,462.0,128.0,853.0,0.0,14.0
2023-03-04 01:00:00,251.0,568.0,180.0,448.0,29.0,2.0
2023-03-04 02:00:00,370.0,853.0,233.0,36.0,218.0,1.0
2023-03-04 03:00:00,456.0,1150.0,236.0,0.0,215.0,2.0
2023-03-04 04:00:00,478.0,1150.0,237.0,0.0,215.0,1.0
2023-03-04 05:00:00,477.0,1058.0,236.0,0.0,215.0,0.0
2023-03-04 06:00:00,475.0,1047.0,236.0,0.0,215.0,0.0
2023-03-04 07:00:00,468.0,1050.0,236.0,0.0,215.0,5.0
2023-03-04 08:00:00,366.0,997.0,239.0,0.0,215.0,2.0
2023-03-04 09:00:00,353.0,704.0,219.0,0.0,222.0,21.0
2023-03-04 10:00:00,301.0,528.0,211.0,0.0,222.0,44.0
2023-03-04 11:00:00,298.0,546.0,212.0,0.0,221.0,55.0
2023-03-04 12:00:00,298.0,580.0,205.0,0.0,221.0,71.0
2023-03-04 13:00:00,260.0,667.0,205.0,0.0,222.0,69.0
2023-03-04 14:00:00,275.0,737.0,211.0,0.0,223.0,86.0
2023-03-04 15:00:00,292.0,752.0,214.0,53.0,222.0,146.0
2023-03-04 16:00:00,214.0,552.0,154.0,454.0,42.0,135.0
2023-03-04 17:00:00,198.0,350.0,114.0,759.0,33.0,105.0
2023-03-04 18:00:00,197.0,212.0,111.0,819.0,32.0,49.0
2023-03-04 19:00:00,210.0,245.0,122.0,702.0,33.0,82.0
2023-03-04 20:00:00,203.0,213.0,100.0,921.0,0.0,161.0
2023-03-04 21:00:00,197.0,210.0,104.0,992.0,0.0,124.0
2023-03-04 22:00:00,197.0,211.0,111.0,949.0,0.0,160.0
2023-03-04 23:00:00,198.0,242.0,107.0,979.0,0.0,255.0
2023-03-05 00:00:00,197.0,321.0,106.0,679.0,0.0,265.0
2023-03-05 01:00:00,219.0,656.0,141.0,257.0,0.0,201.0
2023-03-05 02:00:00,259.0,935.0,218.0,18.0,228.0,182.0
2023-03-05 03:00:00,275.0,1032.0,223.0,0.0,233.0,222.0
2023-03-05 04:00:00,276.0,1032.0,223.0,0.0,233.0,262.0
2023-03-05 05:00:00,276.0,1033.0,224.0,0.0,234.0,264.0
2023-03-05 06:00:00,277.0,1029.0,215.0,0.0,233.0,248.0
2023-03-05 07:00:00,295.0,1048.0,225.0,0.0,217.0,259.0
2023-03-05 08:00:00,298.0,1049.0,225.0,0.0,33.0,240.0
2023-03-05 09:00:00,331.0,1050.0,200.0,0.0,31.0,172.0
2023-03-05 10:00:00,266.0,1050.0,209.0,0.0,31.0,167.0
2023-03-05 11:00:00,276.0,1048.0,206.0,0.0,31.0,187.0
2023-03-05 12:00:00,294.0,1049.0,204.0,0.0,31.0,163.0
2023-03-05 13:00:00,277.0,1050.0,207.0,0.0,31.0,147.0
2023-03-05 14:00:00,314.0,1050.0,211.0,0.0,31.0,97.0
2023-03-05 15:00:00,321.0,989.0,212.0,26.0,31.0,78.0
2023-03-05 16:00:00,282.0,714.0,180.0,310.0,49.0,103.0
2023-03-05 17:00:00,247.0,540.0,149.0,628.0,0.0,173.0
2023-03-05 18:00:00,199.0,360.0,109.0,872.0,0.0,234.0
2023-03-05 19:00:00,198.0,353.0,101.0,877.0,0.0,270.0
2023-03-05 20:00:00,198.0,354.0,102.0,902.0,0.0,276.0
2023-03-05 21:00:00,197.0,355.0,102.0,852.0,0.0,272.0
2023-03-05 22:00:00,197.0,357.0,102.0,746.0,0.0,261.0
2023-03-05 23:00:00,197.0,366.0,102.0,647.0,0.0,247.0
2023-03-06 00:00:00,197.0,374.0,103.0,317.0,41.0,254.0
2023-03-06 01:00:00,224.0,620.0,152.0,157.0,222.0,226.0
2023-03-06 02:00:00,246.0,980.0,209.0,17.0,219.0,212.0
2023-03-06 03:00:00,246.0,1351.0,212.0,0.0,218.0,212.0
2023-03-06 04:00:00,246.0,1358.0,213.0,0.0,218.0,234.0
2023-03-06 05:00:00,246.0,1357.0,212.0,0.0,217.0,240.0
2023-03-06 06:00:00,246.0,1360.0,210.0,0.0,218.0,212.0
2023-03-06 07:00:00,247.0,1357.0,218.0,0.0,217.0,188.0
2023-03-06 08:00:00,247.0,1341.0,209.0,0.0,217.0,204.0
2023-03-06 09:00:00,247.0,1077.0,214.0,0.0,36.0,172.0
2023-03-06 10:00:00,247.0,947.0,213.0,0.0,34.0,123.0
2023-03-06 11:00:00,248.0,741.0,212.0,0.0,34.0,137.0
2023-03-06 12:00:00,248.0,795.0,212.0,0.0,34.0,70.0
2023-03-06 13:00:00,247.0,795.0,214.0,0.0,34.0,54.0
2023-03-06 14:00:00,247.0,800.0,229.0,0.0,34.0,52.0
2023-03-06 15:00:00,245.0,893.0,236.0,47.0,34.0,68.0
2023-03-06 16:00:00,235.0,1039.0,225.0,416.0,31.0,71.0
2023-03-06 17:00:00,199.0,706.0,148.0,775.0,29.0,68.0
2023-03-06 18:00:00,198.0,631.0,131.0,897.0,0.0,64.0
2023-03-06 19:00:00,197.0,631.0,125.0,945.0,0.0,74.0
2023-03-06 20:00:00,198.0,630.0,125.0,979.0,0.0,58.0
2023-03-06 21:00:00,197.0,629.0,124.0,930.0,0.0,63.0
2023-03-06 22:00:00,197.0,635.0,124.0,968.0,0.0,66.0
2023-03-06 23:00:00,198.0,661.0,119.0,894.0,0.0,59.0
2023-03-07 00:00:00,209.0,853.0,141.0,768.0,0.0,58.0
2023-03-07 01:00:00,263.0,1132.0,216.0,373.0,26.0,47.0
2023-03-07 02:00:00,254.0,1146.0,236.0,40.0,36.0,35.0
2023-03-07 03:00:00,308.0,1141.0,253.0,0.0,220.0,23.0
2023-03-07 04:00:00,328.0,1141.0,245.0,0.0,218.0,18.0
2023-03-07 05:00:00,340.0,1049.0,242.0,0.0,217.0,7.0
2023-03-07 06:00:00,304.0,1048.0,236.0,0.0,218.0,2.0
2023-03-07 07:00:00,299.0,1048.0,240.0,0.0,218.0,4.0
2023-03-07 08:00:00,296.0,1050.0,239.0,0.0,216.0,4.0
2023-03-07 09:00:00,243.0,1050.0,223.0,0.0,34.0,6.0
2023-03-07 10:00:00,245.0,1048.0,215.0,0.0,32.0,13.0
2023-03-07 11:00:00,246.0,1049.0,213.0,0.0,32.0,19.0
2023-03-07 12:00:00,246.0,1051.0,212.0,0.0,32.0,18.0
2023-03-07 13:00:00,247.0,1053.0,213.0,0.0,32.0,8.0
2023-03-07 14:00:00,258.0,1052.0,227.0,0.0,32.0,17.0
2023-03-07 15:00:00,369.0,1051.0,241.0,60.0,32.0,13.0
2023-03-07 16:00:00,299.0,1046.0,222.0,448.0,32.0,5.0
2023-03-07 17:00:00,211.0,635.0,142.0,885.0,26.0,7.0
2023-03-07 18:00:00,199.0,456.0,114.0,1045.0,0.0,8.0
2023-03-07 19:00:00,198.0,453.0,111.0,1061.0,0.0,7.0
2023-03-07 20:00:00,197.0,455.0,111.0,1047.0,0.0,7.0
2023-03-07 21:00:00,197.0,454.0,111.0,1044.0,0.0,9.0
2023-03-07 22:00:00,196.0,455.0,109.0,1053.0,0.0,13.0
2023-03-07 23:00:00,196.0,453.0,106.0,973.0,0.0,16.0
2023-03-08 00:00:00,196.0,460.0,131.0,757.0,0.0,12.0
2023-03-08 01:00:00,204.0,512.0,159.0,425.0,47.0,13.0
2023-03-08 02:00:00,245.0,840.0,223.0,49.0,416.0,17.0
2023-03-08 03:00:00,259.0,866.0,235.0,0.0,403.0,16.0
2023-03-08 04:00:00,262.0,860.0,237.0,0.0,403.0,16.0
2023-03-08 05:00:00,255.0,884.0,236.0,0.0,402.0,15.0
2023-03-08 06:00:00,221.0,886.0,231.0,0.0,407.0,9.0
2023-03-08 07:00:00,321.0,885.0,237.0,0.0,403.0,4.0
2023-03-08 08:00:00,267.0,888.0,238.0,0.0,404.0,6.0
2023-03-08 09:00:00,263.0,709.0,226.0,0.0,220.0,6.0
2023-03-08 10:00:00,285.0,635.0,219.0,0.0,270.0,8.0
2023-03-08 11:00:00,297.0,637.0,217.0,0.0,270.0,11.0
2023-03-08 12:00:00,297.0,644.0,216.0,0.0,269.0,12.0
2023-03-08 13:00:00,297.0,721.0,226.0,0.0,271.0,11.0
2023-03-08 14:00:00,292.0,890.0,237.0,0.0,221.0,18.0
2023-03-08 15:00:00,253.0,892.0,238.0,45.0,218.0,45.0
2023-03-08 16:00:00,240.0,761.0,217.0,363.0,216.0,56.0
2023-03-08 17:00:00,278.0,689.0,173.0,531.0,34.0,80.0
2023-03-08 18:00:00,205.0,555.0,137.0,721.0,29.0,108.0
2023-03-08 19:00:00,198.0,658.0,120.0,653.0,0.0,123.0
2023-03-08 20:00:00,197.0,675.0,119.0,553.0,0.0,192.0
2023-03-08 21:00:00,198.0,676.0,112.0,567.0,0.0,236.0
2023-03-08 22:00:00,198.0,675.0,102.0,699.0,0.0,269.0
2023-03-08 23:00:00,198.0,674.0,110.0,805.0,0.0,274.0
2023-03-09 00:00:00,197.0,673.0,133.0,560.0,0.0,276.0
2023-03-09 01:00:00,209.0,709.0,171.0,382.0,1.0,263.0
2023-03-09 02:00:00,245.0,864.0,233.0,58.0,424.0,125.0
2023-03-09 03:00:00,245.0,1134.0,243.0,0.0,429.0,104.0
2023-03-09 04:00:00,246.0,1236.0,244.0,0.0,428.0,114.0
2023-03-09 05:00:00,247.0,1063.0,244.0,0.0,425.0,90.0
2023-03-09 06:00:00,247.0,1047.0,243.0,0.0,404.0,104.0
2023-03-09 07:00:00,289.0,1045.0,243.0,0.0,402.0,135.0
2023-03-09 08:00:00,296.0,1052.0,242.0,0.0,219.0,111.0
2023-03-09 09:00:00,297.0,1051.0,230.0,0.0,36.0,51.0
2023-03-09 10:00:00,297.0,1051.0,218.0,0.0,32.0,14.0
2023-03-09 11:00:00,297.0,1052.0,217.0,0.0,32.0,6.0
2023-03-09 12:00:00,298.0,1051.0,217.0,0.0,32.0,15.0
2023-03-09 13:00:00,297.0,1050.0,221.0,0.0,32.0,13.0
2023-03-09 14:00:00,296.0,1055.0,238.0,0.0,32.0,1.0
2023-03-09 15:00:00,254.0,1058.0,240.0,61.0,32.0,1.0
2023-03-09 16:00:00,248.0,1025.0,231.0,271.0,32.0,0.0
2023-03-09 17:00:00,230.0,653.0,191.0,775.0,42.0,0.0
2023-03-09 18:00:00,199.0,355.0,131.0,919.0,42.0,0.0
2023-03-09 19:00:00,199.0,357.0,121.0,1040.0,42.0,0.0
2023-03-09 20:00:00,198.0,353.0,115.0,1045.0,48.0,0.0
2023-03-09 21:00:00,197.0,355.0,116.0,1062.0,0.0,0.0
2023-03-09 22:00:00,197.0,355.0,100.0,1066.0,0.0,2.0
2023-03-09 23:00:00,198.0,372.0,116.0,820.0,53.0,16.0
2023-03-10 00:00:00,209.0,421.0,125.0,561.0,63.0,22.0
2023-03-10 01:00:00,238.0,667.0,202.0,244.0,250.0,54.0
2023-03-10 02:00:00,262.0,841.0,246.0,35.0,516.0,137.0
2023-03-10 03:00:00,266.0,1005.0,247.0,0.0,538.0,175.0
2023-03-10 04:00:00,249.0,1144.0,248.0,0.0,528.0,246.0
2023-03-10 05:00:00,248.0,1149.0,247.0,0.0,474.0,266.0
2023-03-10 06:00:00,247.0,1147.0,246.0,0.0,407.0,267.0
2023-03-10 07:00:00,262.0,1136.0,232.0,0.0,217.0,268.0
2023-03-10 08:00:00,249.0,1112.0,227.0,0.0,34.0,262.0
2023-03-10 09:00:00,251.0,1021.0,210.0,0.0,23.0,261.0
2023-03-10 10:00:00,252.0,951.0,207.0,0.0,23.0,263.0
2023-03-10 11:00:00,236.0,918.0,205.0,0.0,23.0,258.0
2023-03-10 12:00:00,250.0,927.0,203.0,0.0,23.0,230.0
2023-03-10 13:00:00,219.0,872.0,201.0,0.0,23.0,239.0
2023-03-10 14:00:00,244.0,948.0,220.0,0.0,22.0,240.0
2023-03-10 15:00:00,249.0,1085.0,240.0,14.0,22.0,239.0
2023-03-10 16:00:00,254.0,1096.0,231.0,116.0,22.0,239.0
2023-03-10 17:00:00,234.0,953.0,190.0,238.0,34.0,274.0
2023-03-10 18:00:00,202.0,942.0,173.0,439.0,33.0,270.0
2023-03-10 19:00:00,198.0,802.0,158.0,506.0,23.0,263.0
2023-03-10 20:00:00,198.0,572.0,136.0,698.0,22.0,273.0
2023-03-10 21:00:00,197.0,406.0,140.0,454.0,26.0,277.0
2023-03-10 22:00:00,198.0,421.0,145.0,489.0,26.0,280.0
2023-03-10 23:00:00,198.0,461.0,155.0,233.0,26.0,284.0
2023-03-11 00:00:00,216.0,559.0,201.0,120.0,222.0,284.0
2023-03-11 01:00:00,249.0,876.0,235.0,76.0,428.0,272.0
2023-03-11 02:00:00,225.0,1076.0,237.0,20.0,457.0,275.0
2023-03-11 03:00:00,249.0,1099.0,245.0,0.0,437.0,274.0
2023-03-11 04:00:00,248.0,1048.0,246.0,0.0,463.0,270.0
2023-03-11 05:00:00,249.0,1047.0,246.0,0.0,473.0,268.0
2023-03-11 06:00:00,251.0,914.0,245.0,0.0,429.0,262.0
2023-03-11 07:00:00,234.0,774.0,242.0,0.0,400.0,177.0
2023-03-11 08:00:00,200.0,621.0,225.0,0.0,399.0,238.0
2023-03-11 09:00:00,199.0,471.0,220.0,0.0,210.0,220.0
2023-03-11 10:00:00,197.0,501.0,216.0,0.0,213.0,97.0
2023-03-11 11:00:00,197.0,475.0,213.0,0.0,212.0,188.0
2023-03-11 12:00:00,197.0,430.0,206.0,0.0,213.0,84.0
2023-03-11 13:00:00,197.0,463.0,203.0,0.0,213.0,62.0
2023-03-11 14:00:00,219.0,519.0,204.0,0.0,206.0,64.0
2023-03-11 15:00:00,208.0,539.0,196.0,73.0,21.0,28.0
2023-03-11 16:00:00,198.0,526.0,190.0,358.0,18.0,22.0
2023-03-11 17:00:00,197.0,406.0,132.0,602.0,18.0,23.0
2023-03-11 18:00:00,197.0,360.0,119.0,877.0,17.0,32.0
2023-03-11 19:00:00,200.0,463.0,126.0,807.0,18.0,17.0
2023-03-11 20:00:00,197.0,377.0,119.0,855.0,18.0,16.0
2023-03-11 21:00:00,195.0,356.0,120.0,888.0,17.0,15.0
2023-03-11 22:00:00,196.0,357.0,110.0,1003.0,18.0,12.0
2023-03-11 23:00:00,197.0,357.0,111.0,616.0,18.0,13.0
2023-03-12 00:00:00,198.0,372.0,121.0,811.0,18.0,16.0
2023-03-12 01:00:00,213.0,476.0,159.0,249.0,23.0,14.0
2023-03-12 02:00:00,230.0,920.0,224.0,30.0,435.0,17.0
2023-03-12 03:00:00,245.0,1084.0,229.0,0.0,503.0,16.0
2023-03-12 04:00:00,246.0,1129.0,228.0,0.0,500.0,23.0
2023-03-12 05:00:00,246.0,1072.0,228.0,0.0,499.0,24.0
2023-03-12 06:00:00,247.0,1053.0,222.0,0.0,502.0,23.0
2023-03-12 07:00:00,247.0,1052.0,228.0,0.0,498.0,25.0
2023-03-12 08:00:00,251.0,1062.0,228.0,0.0,496.0,23.0
2023-03-12 09:00:00,294.0,1102.0,222.0,0.0,503.0,26.0
2023-03-12 10:00:00,297.0,1175.0,214.0,0.0,502.0,39.0
2023-03-12 11:00:00,299.0,1193.0,213.0,0.0,417.0,68.0
2023-03-12 12:00:00,299.0,1168.0,206.0,0.0,249.0,91.0
2023-03-12 13:00:00,298.0,1138.0,211.0,0.0,243.0,109.0
2023-03-12 14:00:00,296.0,1162.0,205.0,0.0,256.0,95.0
2023-03-12 15:00:00,293.0,1166.0,197.0,98.0,246.0,111.0
2023-03-12 16:00:00,214.0,664.0,128.0,557.0,24.0,122.0
2023-03-12 17:00:00,198.0,380.0,99.0,908.0,0.0,77.0
2023-03-12 18:00:00,197.0,362.0,100.0,1047.0,0.0,71.0
2023-03-12 19:00:00,197.0,356.0,100.0,1060.0,0.0,40.0
2023-03-12 20:00:00,197.0,357.0,100.0,907.0,0.0,16.0
2023-03-12 21:00:00,197.0,357.0,100.0,958.0,0.0,28.0
2023-03-12 22:00:00,197.0,360.0,100.0,1015.0,0.0,28.0
2023-03-12 23:00:00,198.0,354.0,100.0,881.0,0.0,79.0
2023-03-13 00:00:00,198.0,376.0,104.0,830.0,29.0,30.0
2023-03-13 01:00:00,214.0,675.0,130.0,451.0,220.0,40.0
2023-03-13 02:00:00,289.0,1051.0,205.0,53.0,505.0,28.0
2023-03-13 03:00:00,296.0,1060.0,223.0,0.0,508.0,16.0
2023-03-13 04:00:00,296.0,1114.0,223.0,0.0,511.0,23.0
2023-03-13 05:00:00,297.0,1182.0,221.0,0.0,510.0,21.0
2023-03-13 06:00:00,297.0,1193.0,224.0,0.0,510.0,21.0
2023-03-13 07:00:00,296.0,1190.0,215.0,0.0,509.0,20.0
2023-03-13 08:00:00,287.0,1158.0,213.0,0.0,228.0,19.0
2023-03-13 09:00:00,205.0,1112.0,205.0,0.0,219.0,15.0
2023-03-13 10:00:00,212.0,1064.0,202.0,0.0,37.0,8.0
2023-03-13 11:00:00,245.0,1059.0,204.0,0.0,33.0,6.0
2023-03-13 12:00:00,246.0,1120.0,213.0,0.0,33.0,27.0
2023-03-13 13:00:00,261.0,1070.0,226.0,0.0,33.0,60.0
2023-03-13 14:00:00,350.0,1078.0,214.0,0.0,269.0,86.0
2023-03-13 15:00:00,284.0,1112.0,221.0,88.0,270.0,61.0
2023-03-13 16:00:00,215.0,974.0,215.0,437.0,134.0,33.0
2023-03-13 17:00:00,204.0,750.0,180.0,942.0,30.0,17.0
2023-03-13 18:00:00,198.0,614.0,126.0,1064.0,30.0,29.0
2023-03-13 19:00:00,198.0,460.0,123.0,1034.0,29.0,42.0
2023-03-13 20:00:00,197.0,458.0,116.0,1054.0,29.0,59.0
2023-03-13 21:00:00,197.0,459.0,115.0,1001.0,0.0,37.0
2023-03-13 22:00:00,197.0,458.0,115.0,1008.0,0.0,22.0
2023-03-13 23:00:00,197.0,459.0,118.0,751.0,0.0,12.0
2023-03-14 00:00:00,196.0,458.0,139.0,790.0,29.0,12.0
2023-03-14 01:00:00,203.0,600.0,163.0,450.0,216.0,16.0
2023-03-14 02:00:00,234.0,925.0,228.0,45.0,266.0,23.0
2023-03-14 03:00:00,247.0,1186.0,232.0,0.0,507.0,26.0
2023-03-14 04:00:00,247.0,1188.0,228.0,0.0,511.0,56.0
2023-03-14 05:00:00,248.0,1092.0,221.0,0.0,510.0,92.0
2023-03-14 06:00:00,292.0,1087.0,220.0,0.0,506.0,92.0
2023-03-14 07:00:00,296.0,1096.0,216.0,0.0,456.0,124.0
2023-03-14 08:00:00,296.0,1055.0,215.0,0.0,265.0,107.0
2023-03-14 09:00:00,290.0,1049.0,208.0,0.0,217.0,66.0
2023-03-14 10:00:00,262.0,1050.0,208.0,0.0,30.0,73.0
2023-03-14 11:00:00,219.0,1050.0,205.0,0.0,30.0,88.0
2023-03-14 12:00:00,209.0,1050.0,204.0,0.0,30.0,79.0
2023-03-14 13:00:00,286.0,1149.0,222.0,0.0,30.0,32.0
2023-03-14 14:00:00,275.0,1218.0,240.0,0.0,30.0,41.0
2023-03-14 15:00:00,269.0,1277.0,240.0,38.0,30.0,24.0
2023-03-14 16:00:00,264.0,1102.0,223.0,116.0,30.0,19.0
2023-03-14 17:00:00,341.0,1052.0,230.0,152.0,30.0,43.0
2023-03-14 18:00:00,265.0,1046.0,234.0,188.0,30.0,187.0
2023-03-14 19:00:00,249.0,1021.0,236.0,250.0,474.0,214.0
2023-03-14 20:00:00,247.0,1011.0,237.0,211.0,513.0,241.0
2023-03-14 21:00:00,248.0,884.0,236.0,216.0,511.0,263.0
2023-03-14 22:00:00,247.0,893.0,236.0,240.0,511.0,266.0
2023-03-14 23:00:00,246.0,869.0,240.0,304.0,510.0,265.0
2023-03-15 00:00:00,248.0,817.0,245.0,268.0,450.0,266.0
2023-03-15 01:00:00,249.0,799.0,248.0,103.0,494.0,260.0
2023-03-15 02:00:00,248.0,805.0,249.0,19.0,507.0,245.0
2023-03-15 03:00:00,249.0,856.0,249.0,0.0,506.0,221.0
2023-03-15 04:00:00,247.0,916.0,246.0,0.0,507.0,228.0
2023-03-15 05:00:00,248.0,941.0,233.0,0.0,504.0,240.0
2023-03-15 06:00:00,293.0,903.0,232.0,0.0,501.0,229.0
2023-03-15 07:00:00,296.0,837.0,222.0,0.0,454.0,201.0
2023-03-15 08:00:00,297.0,859.0,218.0,0.0,214.0,191.0
2023-03-15 09:00:00,277.0,814.0,209.0,0.0,34.0,163.0
2023-03-15 10:00:00,230.0,794.0,203.0,0.0,29.0,158.0
2023-03-15 11:00:00,198.0,788.0,202.0,0.0,30.0,173.0
2023-03-15 12:00:00,199.0,782.0,202.0,0.0,30.0,161.0
2023-03-15 13:00:00,261.0,872.0,210.0,0.0,231.0,176.0
2023-03-15 14:00:00,246.0,904.0,241.0,0.0,262.0,205.0
2023-03-15 15:00:00,228.0,855.0,226.0,26.0,248.0,220.0
2023-03-15 16:00:00,219.0,799.0,192.0,233.0,240.0,171.0
2023-03-15 17:00:00,230.0,792.0,219.0,266.0,231.0,98.0
2023-03-15 18:00:00,199.0,481.0,202.0,491.0,213.0,30.0
2023-03-15 19:00:00,198.0,465.0,166.0,630.0,214.0,25.0
2023-03-15 20:00:00,197.0,465.0,165.0,693.0,214.0,32.0
2023-03-15 21:00:00,197.0,464.0,159.0,709.0,216.0,7.0
2023-03-15 22:00:00,197.0,471.0,153.0,902.0,217.0,70.0
2023-03-15 23:00:00,197.0,465.0,161.0,672.0,214.0,113.0
2023-03-16 00:00:00,195.0,469.0,172.0,455.0,203.0,108.0
2023-03-16 01:00:00,195.0,506.0,178.0,307.0,210.0,89.0
2023-03-16 02:00:00,211.0,666.0,208.0,56.0,231.0,132.0
2023-03-16 03:00:00,241.0,912.0,249.0,0.0,249.0,84.0
2023-03-16 04:00:00,215.0,899.0,220.0,0.0,238.0,117.0
2023-03-16 05:00:00,243.0,890.0,244.0,0.0,268.0,194.0
2023-03-16 06:00:00,292.0,826.0,233.0,0.0,269.0,173.0
2023-03-16 07:00:00,292.0,804.0,230.0,0.0,266.0,99.0
2023-03-16 08:00:00,251.0,805.0,223.0,0.0,268.0,67.0
2023-03-16 09:00:00,222.0,758.0,208.0,0.0,221.0,71.0
2023-03-16 10:00:00,207.0,745.0,175.0,0.0,238.0,70.0
2023-03-16 11:00:00,230.0,801.0,212.0,0.0,263.0,83.0
2023-03-16 12:00:00,246.0,874.0,216.0,0.0,268.0,95.0
2023-03-16 13:00:00,208.0,975.0,197.0,0.0,234.0,85.0
2023-03-16 14:00:00,217.0,1164.0,207.0,0.0,245.0,58.0
2023-03-16 15:00:00,230.0,1233.0,227.0,129.0,246.0,59.0
2023-03-16 16:00:00,216.0,1082.0,174.0,608.0,34.0,87.0
2023-03-16 17:00:00,199.0,749.0,116.0,981.0,0.0,131.0
2023-03-16 18:00:00,198.0,595.0,106.0,1098.0,0.0,111.0
2023-03-16 19:00:00,198.0,473.0,115.0,1106.0,0.0,101.0
2023-03-16 20:00:00,197.0,462.0,115.0,1092.0,0.0,116.0
2023-03-16 21:00:00,197.0,462.0,108.0,1078.0,11.0,104.0
2023-03-16 22:00:00,197.0,459.0,101.0,1095.0,27.0,84.0
2023-03-16 23:00:00,197.0,460.0,112.0,1043.0,28.0,71.0
2023-03-17 00:00:00,195.0,461.0,141.0,867.0,28.0,70.0
2023-03-17 01:00:00,195.0,486.0,151.0,476.0,28.0,62.0
2023-03-17 02:00:00,216.0,669.0,231.0,51.0,28.0,47.0
2023-03-17 03:00:00,318.0,872.0,238.0,0.0,261.0,40.0
2023-03-17 04:00:00,293.0,859.0,246.0,0.0,268.0,65.0
2023-03-17 05:00:00,228.0,859.0,244.0,0.0,268.0,58.0
2023-03-17 06:00:00,246.0,855.0,241.0,0.0,266.0,76.0
2023-03-17 07:00:00,226.0,843.0,232.0,0.0,264.0,43.0
2023-03-17 08:00:00,266.0,807.0,234.0,0.0,31.0,23.0
2023-03-17 09:00:00,270.0,797.0,174.0,0.0,28.0,28.0
2023-03-17 10:00:00,271.0,821.0,165.0,0.0,28.0,21.0
2023-03-17 11:00:00,271.0,851.0,193.0,0.0,28.0,24.0
2023-03-17 12:00:00,270.0,855.0,223.0,0.0,28.0,17.0
2023-03-17 13:00:00,271.0,860.0,239.0,0.0,35.0,19.0
2023-03-17 14:00:00,249.0,939.0,247.0,0.0,260.0,26.0
2023-03-17 15:00:00,320.0,1013.0,242.0,132.0,250.0,9.0
2023-03-17 16:00:00,272.0,670.0,178.0,612.0,27.0,9.0
2023-03-17 17:00:00,199.0,387.0,145.0,990.0,28.0,14.0
2023-03-17 18:00:00,199.0,355.0,145.0,1111.0,0.0,13.0
2023-03-17 19:00:00,199.0,356.0,140.0,1106.0,0.0,26.0
2023-03-17 20:00:00,197.0,358.0,134.0,1086.0,0.0,31.0
2023-03-17 21:00:00,197.0,356.0,129.0,1095.0,25.0,26.0
2023-03-17 22:00:00,197.0,357.0,137.0,1073.0,28.0,33.0
2023-03-17 23:00:00,197.0,356.0,138.0,1058.0,27.0,46.0
2023-03-18 00:00:00,195.0,356.0,147.0,840.0,27.0,54.0
2023-03-18 01:00:00,209.0,524.0,159.0,334.0,29.0,48.0
2023-03-18 02:00:00,251.0,818.0,235.0,55.0,246.0,49.0
2023-03-18 03:00:00,216.0,1184.0,242.0,0.0,254.0,38.0
2023-03-18 04:00:00,198.0,1152.0,199.0,0.0,227.0,19.0
2023-03-18 05:00:00,208.0,1172.0,242.0,0.0,253.0,20.0
2023-03-18 06:00:00,199.0,1123.0,190.0,0.0,215.0,39.0
2023-03-18 07:00:00,204.0,1119.0,198.0,0.0,241.0,57.0
2023-03-18 08:00:00,254.0,1087.0,179.0,0.0,30.0,25.0
2023-03-18 09:00:00,209.0,1089.0,153.0,0.0,27.0,7.0
2023-03-18 10:00:00,198.0,1093.0,150.0,0.0,27.0,9.0
2023-03-18 11:00:00,197.0,1092.0,149.0,0.0,27.0,25.0
2023-03-18 12:00:00,201.0,1093.0,153.0,0.0,28.0,28.0
2023-03-18 13:00:00,224.0,1095.0,166.0,0.0,28.0,13.0
2023-03-18 14:00:00,215.0,1089.0,207.0,0.0,28.0,2.0
2023-03-18 15:00:00,212.0,978.0,179.0,135.0,27.0,2.0
2023-03-18 16:00:00,199.0,496.0,120.0,621.0,28.0,1.0
2023-03-18 17:00:00,198.0,355.0,111.0,998.0,0.0,3.0
2023-03-18 18:00:00,197.0,356.0,113.0,1030.0,0.0,3.0
2023-03-18 19:00:00,198.0,356.0,110.0,1115.0,0.0,6.0
2023-03-18 20:00:00,197.0,356.0,105.0,1117.0,0.0,9.0
2023-03-18 21:00:00,197.0,357.0,105.0,1116.0,0.0,6.0
2023-03-18 22:00:00,197.0,355.0,106.0,1098.0,0.0,4.0
2023-03-18 23:00:00,197.0,356.0,108.0,836.0,0.0,2.0
2023-03-19 00:00:00,209.0,520.0,148.0,499.0,0.0,0.0
2023-03-19 01:00:00,213.0,692.0,178.0,205.0,149.0,0.0
2023-03-19 02:00:00,220.0,881.0,223.0,23.0,222.0,6.0
2023-03-19 03:00:00,221.0,932.0,230.0,0.0,488.0,8.0
2023-03-19 04:00:00,222.0,924.0,227.0,0.0,505.0,3.0
2023-03-19 05:00:00,221.0,1016.0,232.0,0.0,486.0,2.0
2023-03-19 06:00:00,241.0,1037.0,224.0,0.0,446.0,6.0
2023-03-19 07:00:00,204.0,1041.0,186.0,0.0,214.0,2.0
2023-03-19 08:00:00,225.0,908.0,208.0,0.0,35.0,1.0
2023-03-19 09:00:00,199.0,789.0,166.0,0.0,29.0,0.0
2023-03-19 10:00:00,196.0,792.0,158.0,0.0,29.0,0.0
2023-03-19 11:00:00,197.0,724.0,154.0,0.0,29.0,0.0
2023-03-19 12:00:00,197.0,715.0,152.0,0.0,29.0,6.0
2023-03-19 13:00:00,198.0,791.0,145.0,0.0,29.0,3.0
2023-03-19 14:00:00,198.0,792.0,137.0,0.0,28.0,2.0
2023-03-19 15:00:00,204.0,655.0,135.0,16.0,28.0,2.0
2023-03-19 16:00:00,267.0,544.0,189.0,66.0,28.0,2.0
2023-03-19 17:00:00,261.0,544.0,191.0,202.0,28.0,4.0
2023-03-19 18:00:00,206.0,478.0,142.0,312.0,28.0,16.0
2023-03-19 19:00:00,198.0,432.0,136.0,320.0,0.0,169.0
2023-03-19 20:00:00,196.0,386.0,136.0,480.0,0.0,251.0
2023-03-19 21:00:00,200.0,417.0,124.0,486.0,0.0,249.0
2023-03-19 22:00:00,199.0,396.0,142.0,640.0,0.0,271.0
2023-03-19 23:00:00,200.0,528.0,147.0,700.0,0.0,232.0
2023-03-20 00:00:00,204.0,563.0,146.0,664.0,22.0,124.0
2023-03-20 01:00:00,234.0,692.0,176.0,322.0,38.0,110.0
2023-03-20 02:00:00,264.0,819.0,215.0,32.0,257.0,98.0
2023-03-20 03:00:00,283.0,825.0,224.0,0.0,267.0,109.0
2023-03-20 04:00:00,279.0,859.0,222.0,0.0,267.0,104.0
2023-03-20 05:00:00,276.0,859.0,227.0,0.0,267.0,88.0
2023-03-20 06:00:00,272.0,838.0,230.0,0.0,243.0,165.0
2023-03-20 07:00:00,267.0,766.0,189.0,0.0,227.0,164.0
2023-03-20 08:00:00,265.0,686.0,174.0,0.0,264.0,156.0
2023-03-20 09:00:00,262.0,759.0,161.0,0.0,29.0,158.0
2023-03-20 10:00:00,205.0,711.0,161.0,0.0,29.0,205.0
2023-03-20 11:00:00,202.0,791.0,159.0,0.0,29.0,208.0
2023-03-20 12:00:00,204.0,790.0,170.0,0.0,29.0,197.0
2023-03-20 13:00:00,213.0,789.0,210.0,0.0,29.0,210.0
2023-03-20 14:00:00,221.0,822.0,243.0,0.0,29.0,196.0
2023-03-20 15:00:00,221.0,911.0,231.0,39.0,29.0,198.0
2023-03-20 16:00:00,222.0,746.0,232.0,176.0,29.0,219.0
2023-03-20 17:00:00,208.0,548.0,207.0,354.0,28.0,222.0
2023-03-20 18:00:00,198.0,454.0,164.0,557.0,28.0,207.0
2023-03-20 19:00:00,199.0,456.0,163.0,741.0,0.0,209.0
2023-03-20 20:00:00,199.0,457.0,155.0,958.0,0.0,212.0
2023-03-20 21:00:00,197.0,458.0,154.0,941.0,0.0,151.0
2023-03-20 22:00:00,197.0,457.0,141.0,1022.0,0.0,50.0
2023-03-20 23:00:00,196.0,462.0,140.0,782.0,0.0,15.0
2023-03-21 00:00:00,196.0,454.0,153.0,763.0,0.0,10.0
2023-03-21 01:00:00,195.0,526.0,171.0,315.0,25.0,4.0
2023-03-21 02:00:00,199.0,739.0,184.0,38.0,248.0,1.0
2023-03-21 03:00:00,221.0,1031.0,240.0,0.0,278.0,0.0
2023-03-21 04:00:00,221.0,1045.0,244.0,0.0,279.0,1.0
2023-03-21 05:00:00,222.0,1045.0,249.0,0.0,284.0,47.0
2023-03-21 06:00:00,261.0,1044.0,229.0,0.0,265.0,149.0
2023-03-21 07:00:00,239.0,899.0,182.0,0.0,44.0,178.0
2023-03-21 08:00:00,209.0,790.0,149.0,0.0,39.0,170.0
2023-03-21 09:00:00,215.0,790.0,144.0,0.0,40.0,80.0
2023-03-21 10:00:00,212.0,790.0,140.0,0.0,40.0,71.0
2023-03-21 11:00:00,220.0,791.0,137.0,0.0,40.0,59.0
2023-03-21 12:00:00,221.0,789.0,138.0,0.0,40.0,31.0
2023-03-21 13:00:00,221.0,791.0,188.0,0.0,40.0,9.0
2023-03-21 14:00:00,219.0,802.0,222.0,0.0,40.0,6.0
2023-03-21 15:00:00,227.0,924.0,223.0,17.0,40.0,2.0
2023-03-21 16:00:00,228.0,932.0,219.0,60.0,40.0,0.0
2023-03-21 17:00:00,260.0,917.0,217.0,122.0,40.0,0.0
2023-03-21 18:00:00,223.0,895.0,210.0,319.0,39.0,0.0
2023-03-21 19:00:00,205.0,777.0,148.0,406.0,39.0,0.0
2023-03-21 20:00:00,198.0,590.0,139.0,576.0,40.0,0.0
2023-03-21 21:00:00,198.0,458.0,140.0,610.0,40.0,14.0
2023-03-21 22:00:00,198.0,463.0,138.0,700.0,40.0,109.0
2023-03-21 23:00:00,208.0,532.0,140.0,488.0,40.0,142.0
2023-03-22 00:00:00,213.0,631.0,148.0,323.0,233.0,191.0
2023-03-22 01:00:00,213.0,671.0,173.0,100.0,416.0,143.0
2023-03-22 02:00:00,220.0,850.0,206.0,16.0,582.0,129.0
2023-03-22 03:00:00,234.0,952.0,237.0,0.0,524.0,256.0
2023-03-22 04:00:00,224.0,935.0,237.0,0.0,522.0,255.0
2023-03-22 05:00:00,224.0,864.0,236.0,0.0,290.0,257.0
2023-03-22 06:00:00,223.0,833.0,241.0,0.0,279.0,232.0
2023-03-22 07:00:00,223.0,796.0,194.0,0.0,40.0,243.0
2023-03-22 08:00:00,222.0,789.0,208.0,0.0,43.0,232.0
2023-03-22 09:00:00,221.0,790.0,170.0,0.0,43.0,209.0
2023-03-22 10:00:00,222.0,791.0,142.0,0.0,44.0,207.0
2023-03-22 11:00:00,221.0,789.0,198.0,0.0,44.0,122.0
2023-03-22 12:00:00,222.0,796.0,144.0,0.0,44.0,239.0
2023-03-22 13:00:00,222.0,902.0,207.0,0.0,44.0,258.0
2023-03-22 14:00:00,222.0,1053.0,230.0,1.0,48.0,251.0
2023-03-22 15:00:00,207.0,1064.0,201.0,163.0,53.0,248.0
2023-03-22 16:00:00,203.0,657.0,144.0,653.0,51.0,237.0
2023-03-22 17:00:00,199.0,577.0,121.0,1047.0,0.0,252.0
2023-03-22 18:00:00,199.0,504.0,121.0,1037.0,0.0,260.0
2023-03-22 19:00:00,198.0,463.0,121.0,1095.0,0.0,265.0
2023-03-22 20:00:00,198.0,459.0,118.0,983.0,0.0,271.0
2023-03-22 21:00:00,198.0,469.0,114.0,966.0,0.0,271.0
2023-03-22 22:00:00,197.0,456.0,119.0,914.0,83.0,268.0
2023-03-22 23:00:00,196.0,472.0,127.0,719.0,92.0,229.0
2023-03-23 00:00:00,196.0,459.0,136.0,695.0,136.0,186.0
2023-03-23 01:00:00,197.0,470.0,145.0,452.0,318.0,189.0
2023-03-23 02:00:00,213.0,727.0,181.0,53.0,424.0,238.0
2023-03-23 03:00:00,222.0,831.0,237.0,0.0,562.0,220.0
2023-03-23 04:00:00,222.0,842.0,242.0,0.0,568.0,206.0
2023-03-23 05:00:00,222.0,844.0,243.0,0.0,566.0,186.0
2023-03-23 06:00:00,222.0,823.0,231.0,0.0,567.0,172.0
2023-03-23 07:00:00,223.0,570.0,175.0,0.0,517.0,74.0
2023-03-23 08:00:00,217.0,549.0,133.0,0.0,305.0,76.0
2023-03-23 09:00:00,199.0,549.0,117.0,0.0,278.0,98.0
2023-03-23 10:00:00,197.0,558.0,117.0,0.0,278.0,102.0
2023-03-23 11:00:00,197.0,632.0,113.0,0.0,278.0,109.0
2023-03-23 12:00:00,197.0,713.0,113.0,0.0,279.0,117.0
2023-03-23 13:00:00,213.0,1080.0,165.0,0.0,137.0,83.0
2023-03-23 14:00:00,220.0,1364.0,239.0,1.0,91.0,100.0
2023-03-23 15:00:00,215.0,1357.0,232.0,163.0,91.0,79.0
2023-03-23 16:00:00,199.0,1125.0,169.0,703.0,90.0,79.0
2023-03-23 17:00:00,198.0,756.0,144.0,1002.0,0.0,105.0
2023-03-23 18:00:00,198.0,608.0,121.0,1117.0,0.0,126.0
2023-03-23 19:00:00,197.0,631.0,120.0,1073.0,0.0,92.0
2023-03-23 20:00:00,197.0,617.0,113.0,1012.0,0.0,66.0
2023-03-23 21:00:00,198.0,619.0,114.0,844.0,0.0,72.0
2023-03-23 22:00:00,197.0,606.0,118.0,875.0,0.0,56.0
2023-03-23 23:00:00,194.0,514.0,132.0,890.0,0.0,95.0
2023-03-24 00:00:00,196.0,316.0,119.0,871.0,0.0,126.0
2023-03-24 01:00:00,195.0,384.0,143.0,537.0,282.0,83.0
2023-03-24 02:00:00,212.0,610.0,208.0,49.0,324.0,133.0
2023-03-24 03:00:00,223.0,866.0,240.0,0.0,572.0,182.0
2023-03-24 04:00:00,224.0,979.0,234.0,0.0,577.0,236.0
2023-03-24 05:00:00,215.0,892.0,202.0,0.0,574.0,228.0
2023-03-24 06:00:00,203.0,834.0,149.0,0.0,306.0,199.0
2023-03-24 07:00:00,199.0,723.0,138.0,0.0,282.0,230.0
2023-03-24 08:00:00,198.0,789.0,114.0,0.0,283.0,216.0
2023-03-24 09:00:00,197.0,794.0,100.0,0.0,107.0,150.0
2023-03-24 10:00:00,213.0,794.0,101.0,0.0,94.0,136.0
2023-03-24 11:00:00,221.0,794.0,108.0,0.0,94.0,105.0
2023-03-24 12:00:00,216.0,802.0,133.0,0.0,94.0,88.0
2023-03-24 13:00:00,220.0,966.0,188.0,0.0,94.0,65.0
2023-03-24 14:00:00,221.0,1054.0,215.0,2.0,94.0,48.0
2023-03-24 15:00:00,217.0,1059.0,195.0,179.0,94.0,35.0
2023-03-24 16:00:00,203.0,785.0,112.0,682.0,93.0,45.0
2023-03-24 17:00:00,198.0,444.0,101.0,1017.0,94.0,40.0
2023-03-24 18:00:00,200.0,223.0,100.0,1132.0,0.0,19.0
2023-03-24 19:00:00,198.0,210.0,101.0,1131.0,0.0,86.0
2023-03-24 20:00:00,198.0,230.0,105.0,1119.0,0.0,166.0
2023-03-24 21:00:00,197.0,287.0,104.0,1049.0,0.0,186.0
2023-03-24 22:00:00,196.0,364.0,103.0,1115.0,0.0,183.0
2023-03-24 23:00:00,196.0,379.0,105.0,1035.0,0.0,99.0
2023-03-25 00:00:00,197.0,350.0,124.0,867.0,0.0,68.0
2023-03-25 01:00:00,196.0,408.0,161.0,544.0,0.0,55.0
2023-03-25 02:00:00,200.0,528.0,34.0,100.0,262.0,65.0
2023-03-25 03:00:00,202.0,822.0,0.0,0.0,500.0,108.0
2023-03-25 04:00:00,209.0,1012.0,0.0,0.0,553.0,117.0
2023-03-25 05:00:00,224.0,1047.0,0.0,0.0,569.0,75.0
2023-03-25 06:00:00,220.0,1047.0,0.0,0.0,569.0,26.0
2023-03-25 07:00:00,211.0,979.0,0.0,0.0,570.0,22.0
2023-03-25 08:00:00,195.0,788.0,0.0,0.0,492.0,21.0
2023-03-25 09:00:00,195.0,791.0,0.0,0.0,468.0,17.0
2023-03-25 10:00:00,196.0,785.0,0.0,0.0,309.0,21.0
2023-03-25 11:00:00,197.0,790.0,0.0,0.0,285.0,21.0
2023-03-25 12:00:00,197.0,789.0,0.0,0.0,285.0,18.0
2023-03-25 13:00:00,197.0,791.0,0.0,0.0,285.0,14.0
2023-03-25 14:00:00,197.0,713.0,0.0,2.0,101.0,8.0
2023-03-25 15:00:00,197.0,586.0,0.0,181.0,94.0,9.0
2023-03-25 16:00:00,197.0,359.0,0.0,593.0,0.0,11.0
2023-03-25 17:00:00,197.0,356.0,0.0,941.0,0.0,16.0
2023-03-25 18:00:00,197.0,355.0,0.0,1089.0,0.0,15.0
2023-03-25 19:00:00,198.0,356.0,0.0,1071.0,0.0,11.0
2023-03-25 20:00:00,198.0,357.0,0.0,1021.0,0.0,13.0
2023-03-25 21:00:00,197.0,357.0,0.0,1115.0,0.0,16.0
2023-03-25 22:00:00,196.0,357.0,0.0,1132.0,0.0,22.0
2023-03-25 23:00:00,196.0,357.0,0.0,1098.0,0.0,22.0
2023-03-26 00:00:00,197.0,358.0,0.0,935.0,0.0,19.0
2023-03-26 01:00:00,197.0,402.0,0.0,600.0,34.0,18.0
2023-03-26 02:00:00,203.0,464.0,0.0,107.0,300.0,44.0
2023-03-26 03:00:00,202.0,546.0,0.0,0.0,548.0,61.0
2023-03-26 04:00:00,198.0,546.0,0.0,0.0,463.0,43.0
2023-03-26 05:00:00,198.0,551.0,0.0,0.0,490.0,57.0
2023-03-26 06:00:00,197.0,618.0,0.0,0.0,516.0,53.0
2023-03-26 07:00:00,199.0,715.0,0.0,0.0,502.0,34.0
2023-03-26 08:00:00,198.0,837.0,0.0,0.0,534.0,15.0
2023-03-26 09:00:00,197.0,815.0,0.0,0.0,321.0,11.0
2023-03-26 10:00:00,197.0,795.0,0.0,0.0,316.0,12.0
2023-03-26 11:00:00,197.0,795.0,0.0,0.0,298.0,12.0
2023-03-26 12:00:00,190.0,880.0,0.0,0.0,288.0,13.0
2023-03-26 13:00:00,193.0,954.0,0.0,0.0,290.0,12.0
2023-03-26 14:00:00,196.0,1053.0,0.0,3.0,313.0,21.0
2023-03-26 15:00:00,186.0,808.0,0.0,176.0,276.0,12.0
2023-03-26 16:00:00,182.0,532.0,0.0,709.0,87.0,8.0
2023-03-26 17:00:00,182.0,408.0,0.0,1042.0,0.0,7.0
2023-03-26 18:00:00,181.0,354.0,0.0,1140.0,0.0,6.0
2023-03-26 19:00:00,181.0,355.0,0.0,1130.0,0.0,6.0
2023-03-26 20:00:00,181.0,354.0,0.0,1097.0,0.0,11.0
2023-03-26 21:00:00,181.0,356.0,0.0,978.0,0.0,46.0
2023-03-26 22:00:00,180.0,355.0,0.0,976.0,0.0,18.0
2023-03-26 23:00:00,181.0,358.0,0.0,981.0,0.0,34.0
2023-03-27 00:00:00,181.0,357.0,0.0,912.0,0.0,54.0
2023-03-27 01:00:00,181.0,420.0,0.0,586.0,88.0,30.0
2023-03-27 02:00:00,191.0,583.0,0.0,95.0,531.0,33.0
2023-03-27 03:00:00,209.0,898.0,0.0,0.0,567.0,17.0
2023-03-27 04:00:00,204.0,1101.0,0.0,0.0,549.0,10.0
2023-03-27 05:00:00,206.0,1133.0,0.0,0.0,552.0,8.0
2023-03-27 06:00:00,201.0,1161.0,0.0,0.0,531.0,7.0
2023-03-27 07:00:00,202.0,1126.0,0.0,0.0,517.0,5.0
2023-03-27 08:00:00,204.0,1083.0,0.0,0.0,332.0,1.0
2023-03-27 09:00:00,205.0,1084.0,0.0,0.0,331.0,0.0
2023-03-27 10:00:00,206.0,1098.0,0.0,0.0,330.0,0.0
2023-03-27 11:00:00,206.0,1115.0,0.0,0.0,330.0,0.0
2023-03-27 12:00:00,206.0,1100.0,0.0,0.0,332.0,0.0
2023-03-27 13:00:00,206.0,1133.0,0.0,0.0,333.0,0.0
2023-03-27 14:00:00,206.0,1152.0,0.0,4.0,332.0,0.0
2023-03-27 15:00:00,199.0,1073.0,0.0,237.0,274.0,0.0
2023-03-27 16:00:00,183.0,583.0,0.0,756.0,94.0,0.0
2023-03-27 17:00:00,182.0,460.0,0.0,1068.0,85.0,1.0
2023-03-27 18:00:00,182.0,442.0,0.0,1147.0,0.0,2.0
2023-03-27 19:00:00,181.0,389.0,0.0,1147.0,0.0,2.0
2023-03-27 20:00:00,182.0,360.0,0.0,1141.0,0.0,2.0
2023-03-27 21:00:00,181.0,359.0,0.0,1109.0,0.0,2.0
2023-03-27 22:00:00,180.0,358.0,0.0,1101.0,0.0,2.0
2023-03-27 23:00:00,180.0,364.0,0.0,1045.0,0.0,2.0
2023-03-28 00:00:00,181.0,374.0,0.0,902.0,87.0,5.0
2023-03-28 01:00:00,185.0,509.0,0.0,560.0,270.0,3.0
2023-03-28 02:00:00,197.0,707.0,0.0,95.0,314.0,6.0
2023-03-28 03:00:00,220.0,1059.0,0.0,0.0,330.0,14.0
2023-03-28 04:00:00,227.0,1097.0,0.0,0.0,329.0,11.0
2023-03-28 05:00:00,209.0,1143.0,0.0,0.0,330.0,2.0
2023-03-28 06:00:00,207.0,1183.0,0.0,0.0,328.0,0.0
2023-03-28 07:00:00,206.0,1149.0,0.0,0.0,329.0,1.0
2023-03-28 08:00:00,207.0,1003.0,0.0,0.0,328.0,0.0
2023-03-28 09:00:00,206.0,950.0,0.0,0.0,325.0,0.0
2023-03-28 10:00:00,206.0,941.0,0.0,0.0,93.0,0.0
2023-03-28 11:00:00,206.0,942.0,0.0,0.0,89.0,0.0
2023-03-28 12:00:00,207.0,944.0,0.0,0.0,89.0,0.0
2023-03-28 13:00:00,224.0,951.0,0.0,0.0,89.0,1.0
2023-03-28 14:00:00,262.0,1003.0,0.0,2.0,90.0,0.0
2023-03-28 15:00:00,236.0,997.0,0.0,194.0,89.0,2.0
2023-03-28 16:00:00,184.0,502.0,0.0,626.0,90.0,4.0
2023-03-28 17:00:00,182.0,214.0,0.0,839.0,91.0,12.0
2023-03-28 18:00:00,182.0,236.0,0.0,885.0,91.0,11.0
2023-03-28 19:00:00,181.0,240.0,0.0,870.0,91.0,31.0
2023-03-28 20:00:00,181.0,223.0,0.0,879.0,91.0,160.0
2023-03-28 21:00:00,180.0,215.0,0.0,882.0,0.0,231.0
2023-03-28 22:00:00,180.0,234.0,0.0,839.0,0.0,239.0
2023-03-28 23:00:00,181.0,296.0,0.0,855.0,64.0,253.0
2023-03-29 00:00:00,182.0,299.0,0.0,705.0,267.0,260.0
2023-03-29 01:00:00,192.0,427.0,0.0,342.0,312.0,257.0
2023-03-29 02:00:00,202.0,858.0,0.0,42.0,312.0,229.0
2023-03-29 03:00:00,205.0,944.0,0.0,0.0,492.0,217.0
2023-03-29 04:00:00,240.0,908.0,0.0,0.0,531.0,170.0
2023-03-29 05:00:00,209.0,908.0,0.0,0.0,328.0,197.0
2023-03-29 06:00:00,208.0,908.0,0.0,0.0,328.0,178.0
2023-03-29 07:00:00,207.0,910.0,0.0,0.0,318.0,66.0
2023-03-29 08:00:00,184.0,946.0,0.0,0.0,327.0,43.0
2023-03-29 09:00:00,182.0,946.0,0.0,0.0,328.0,59.0
2023-03-29 10:00:00,181.0,945.0,0.0,0.0,327.0,78.0
2023-03-29 11:00:00,181.0,942.0,0.0,0.0,328.0,125.0
2023-03-29 12:00:00,182.0,945.0,0.0,0.0,328.0,115.0
2023-03-29 13:00:00,182.0,946.0,0.0,0.0,331.0,146.0
2023-03-29 14:00:00,181.0,1000.0,0.0,1.0,523.0,166.0
2023-03-29 15:00:00,181.0,1021.0,0.0,32.0,563.0,218.0
2023-03-29 16:00:00,203.0,961.0,0.0,91.0,339.0,269.0
2023-03-29 17:00:00,242.0,507.0,0.0,278.0,453.0,282.0
2023-03-29 18:00:00,213.0,278.0,0.0,731.0,444.0,274.0
2023-03-29 19:00:00,183.0,264.0,0.0,761.0,82.0,274.0
2023-03-29 20:00:00,182.0,225.0,0.0,787.0,84.0,280.0
2023-03-29 21:00:00,181.0,224.0,0.0,827.0,83.0,268.0
2023-03-29 22:00:00,180.0,242.0,0.0,616.0,83.0,224.0
2023-03-29 23:00:00,180.0,427.0,0.0,540.0,83.0,235.0
2023-03-30 00:00:00,180.0,561.0,0.0,423.0,82.0,241.0
2023-03-30 01:00:00,191.0,653.0,0.0,453.0,283.0,253.0
2023-03-30 02:00:00,205.0,849.0,0.0,69.0,510.0,226.0
2023-03-30 03:00:00,208.0,886.0,0.0,0.0,521.0,185.0
2023-03-30 04:00:00,207.0,888.0,0.0,0.0,893.0,75.0
2023-03-30 05:00:00,207.0,889.0,0.0,0.0,556.0,41.0
2023-03-30 06:00:00,206.0,888.0,0.0,0.0,546.0,57.0
2023-03-30 07:00:00,206.0,725.0,0.0,0.0,481.0,66.0
2023-03-30 08:00:00,206.0,544.0,0.0,0.0,275.0,50.0
2023-03-30 09:00:00,193.0,545.0,0.0,0.0,92.0,16.0
2023-03-30 10:00:00,184.0,550.0,0.0,0.0,92.0,15.0
2023-03-30 11:00:00,194.0,548.0,0.0,0.0,92.0,39.0
2023-03-30 12:00:00,189.0,569.0,0.0,0.0,130.0,64.0
2023-03-30 13:00:00,200.0,658.0,0.0,0.0,280.0,81.0
2023-03-30 14:00:00,205.0,726.0,7.0,3.0,278.0,69.0
2023-03-30 15:00:00,198.0,676.0,15.0,79.0,276.0,24.0
2023-03-30 16:00:00,182.0,593.0,28.0,457.0,275.0,6.0
2023-03-30 17:00:00,182.0,485.0,39.0,734.0,92.0,23.0
2023-03-30 18:00:00,181.0,395.0,46.0,778.0,91.0,22.0
2023-03-30 19:00:00,180.0,358.0,124.0,880.0,91.0,13.0
2023-03-30 20:00:00,179.0,360.0,144.0,861.0,91.0,16.0
2023-03-30 21:00:00,180.0,359.0,114.0,860.0,91.0,20.0
2023-03-30 22:00:00,181.0,366.0,112.0,684.0,92.0,22.0
2023-03-30 23:00:00,181.0,358.0,104.0,599.0,90.0,51.0
2023-03-31 00:00:00,182.0,356.0,141.0,513.0,93.0,22.0
2023-03-31 01:00:00,183.0,354.0,150.0,463.0,92.0,16.0
2023-03-31 02:00:00,186.0,455.0,164.0,113.0,455.0,18.0
2023-03-31 03:00:00,204.0,680.0,223.0,0.0,465.0,19.0
2023-03-31 04:00:00,205.0,808.0,225.0,0.0,461.0,19.0
2023-03-31 05:00:00,197.0,939.0,200.0,0.0,463.0,20.0
2023-03-31 06:00:00,189.0,919.0,148.0,0.0,463.0,132.0
2023-03-31 07:00:00,184.0,791.0,147.0,0.0,464.0,187.0
2023-03-31 08:00:00,183.0,795.0,132.0,0.0,283.0,190.0
2023-03-31 09:00:00,182.0,741.0,119.0,0.0,277.0,192.0
2023-03-31 10:00:00,181.0,767.0,107.0,0.0,278.0,170.0
2023-03-31 11:00:00,181.0,770.0,107.0,0.0,278.0,158.0
2023-03-31 12:00:00,182.0,784.0,108.0,0.0,279.0,190.0
2023-03-31 13:00:00,195.0,823.0,167.0,0.0,278.0,181.0
2023-03-31 14:00:00,206.0,938.0,208.0,6.0,290.0,164.0
2023-03-31 15:00:00,224.0,797.0,183.0,228.0,97.0,128.0
2023-03-31 16:00:00,183.0,537.0,135.0,653.0,91.0,100.0
2023-03-31 17:00:00,182.0,531.0,112.0,853.0,91.0,114.0
2023-03-31 18:00:00,182.0,371.0,109.0,895.0,91.0,91.0
2023-03-31 19:00:00,181.0,355.0,102.0,891.0,93.0,55.0
2023-03-31 20:00:00,198.0,354.0,101.0,885.0,88.0,108.0
2023-03-31 21:00:00,304.0,354.0,101.0,885.0,0.0,103.0
2023-03-31 22:00:00,400.0,353.0,100.0,888.0,0.0,73.0
2023-03-31 23:00:00,402.0,353.0,104.0,855.0,0.0,41.0
2023-04-01 00:00:00,402.0,353.0,111.0,670.0,0.0,65.0
2023-04-01 01:00:00,315.0,360.0,116.0,412.0,36.0,167.0
2023-04-01 02:00:00,200.0,537.0,182.0,85.0,92.0,232.0
2023-04-01 03:00:00,201.0,914.0,203.0,1.0,276.0,216.0
2023-04-01 04:00:00,203.0,943.0,215.0,0.0,279.0,175.0
2023-04-01 05:00:00,200.0,944.0,205.0,0.0,277.0,30.0
2023-04-01 06:00:00,185.0,943.0,155.0,0.0,278.0,9.0
2023-04-01 07:00:00,51.0,793.0,154.0,0.0,278.0,4.0
2023-04-01 08:00:00,0.0,702.0,140.0,0.0,279.0,1.0
2023-04-01 09:00:00,0.0,730.0,128.0,0.0,184.0,0.0
2023-04-01 10:00:00,0.0,656.0,119.0,0.0,92.0,2.0
2023-04-01 11:00:00,0.0,713.0,118.0,0.0,92.0,3.0
2023-04-01 12:00:00,0.0,678.0,118.0,0.0,92.0,1.0
2023-04-01 13:00:00,0.0,756.0,144.0,0.0,92.0,4.0
2023-04-01 14:00:00,0.0,716.0,202.0,7.0,91.0,9.0
2023-04-01 15:00:00,0.0,478.0,136.0,265.0,91.0,7.0
2023-04-01 16:00:00,0.0,354.0,115.0,788.0,92.0,5.0
2023-04-01 17:00:00,0.0,355.0,104.0,1052.0,0.0,1.0
2023-04-01 18:00:00,0.0,355.0,102.0,1135.0,0.0,0.0
2023-04-01 19:00:00,0.0,355.0,103.0,1138.0,0.0,2.0
2023-04-01 20:00:00,0.0,357.0,102.0,1128.0,0.0,7.0
2023-04-01 21:00:00,0.0,355.0,100.0,1125.0,0.0,12.0
2023-04-01 22:00:00,0.0,355.0,101.0,1087.0,0.0,12.0
2023-04-01 23:00:00,0.0,355.0,101.0,1000.0,0.0,16.0
2023-04-02 00:00:00,0.0,356.0,102.0,947.0,0.0,20.0
2023-04-02 01:00:00,0.0,357.0,106.0,626.0,95.0,16.0
2023-04-02 02:00:00,0.0,398.0,127.0,137.0,466.0,14.0
2023-04-02 03:00:00,0.0,463.0,156.0,1.0,464.0,12.0
2023-04-02 04:00:00,0.0,469.0,148.0,0.0,466.0,20.0
2023-04-02 05:00:00,0.0,374.0,132.0,0.0,464.0,23.0
2023-04-02 06:00:00,0.0,355.0,124.0,0.0,463.0,15.0
2023-04-02 07:00:00,0.0,356.0,116.0,0.0,463.0,13.0
2023-04-02 08:00:00,0.0,368.0,133.0,0.0,114.0,11.0
2023-04-02 09:00:00,0.0,357.0,128.0,0.0,93.0,13.0
2023-04-02 10:00:00,0.0,356.0,122.0,0.0,93.0,15.0
2023-04-02 11:00:00,0.0,356.0,122.0,0.0,93.0,19.0
2023-04-02 12:00:00,0.0,358.0,122.0,0.0,93.0,21.0
2023-04-02 13:00:00,0.0,390.0,122.0,0.0,92.0,20.0
2023-04-02 14:00:00,0.0,457.0,123.0,8.0,92.0,18.0
2023-04-02 15:00:00,0.0,377.0,125.0,284.0,91.0,16.0
2023-04-02 16:00:00,0.0,209.0,108.0,789.0,92.0,18.0
2023-04-02 17:00:00,0.0,210.0,104.0,1051.0,92.0,16.0
2023-04-02 18:00:00,0.0,209.0,103.0,1140.0,95.0,16.0
2023-04-02 19:00:00,0.0,210.0,100.0,1145.0,95.0,16.0
2023-04-02 20:00:00,0.0,210.0,101.0,1067.0,97.0,13.0
2023-04-02 21:00:00,0.0,210.0,100.0,943.0,97.0,14.0
2023-04-02 22:00:00,0.0,210.0,100.0,1045.0,249.0,18.0
2023-04-02 23:00:00,0.0,208.0,100.0,1080.0,280.0,17.0
2023-04-03 00:00:00,0.0,213.0,101.0,945.0,300.0,17.0
2023-04-03 01:00:00,0.0,236.0,107.0,628.0,457.0,20.0
2023-04-03 02:00:00,0.0,320.0,139.0,139.0,969.0,22.0
2023-04-03 03:00:00,0.0,517.0,233.0,1.0,1022.0,21.0
2023-04-03 04:00:00,0.0,529.0,233.0,0.0,1018.0,21.0
2023-04-03 05:00:00,0.0,529.0,233.0,0.0,923.0,22.0
2023-04-03 06:00:00,0.0,573.0,181.0,0.0,811.0,20.0
2023-04-03 07:00:00,0.0,541.0,135.0,0.0,808.0,22.0
2023-04-03 08:00:00,0.0,663.0,124.0,0.0,312.0,21.0
2023-04-03 09:00:00,0.0,717.0,118.0,0.0,296.0,22.0
2023-04-03 10:00:00,0.0,709.0,116.0,0.0,296.0,22.0
2023-04-03 11:00:00,0.0,699.0,117.0,0.0,290.0,23.0
2023-04-03 12:00:00,0.0,861.0,128.0,0.0,279.0,22.0
2023-04-03 13:00:00,0.0,1052.0,170.0,0.0,296.0,18.0
2023-04-03 14:00:00,0.0,935.0,227.0,6.0,300.0,16.0
2023-04-03 15:00:00,0.0,889.0,161.0,176.0,320.0,21.0
2023-04-03 16:00:00,0.0,611.0,111.0,702.0,104.0,25.0
2023-04-03 17:00:00,0.0,500.0,100.0,1024.0,0.0,24.0
2023-04-03 18:00:00,0.0,526.0,97.0,1035.0,0.0,25.0
2023-04-03 19:00:00,0.0,375.0,97.0,1030.0,0.0,27.0
2023-04-03 20:00:00,0.0,355.0,97.0,915.0,0.0,26.0
2023-04-03 21:00:00,0.0,355.0,98.0,813.0,0.0,26.0
2023-04-03 22:00:00,0.0,353.0,97.0,868.0,0.0,25.0
2023-04-03 23:00:00,0.0,355.0,97.0,775.0,0.0,25.0
2023-04-04 00:00:00,0.0,355.0,99.0,794.0,0.0,24.0
2023-04-04 01:00:00,0.0,445.0,113.0,558.0,117.0,23.0
2023-04-04 02:00:00,0.0,697.0,183.0,133.0,333.0,21.0
2023-04-04 03:00:00,0.0,880.0,222.0,3.0,333.0,20.0
2023-04-04 04:00:00,0.0,927.0,233.0,3.0,536.0,20.0
2023-04-04 05:00:00,0.0,936.0,233.0,3.0,569.0,17.0
2023-04-04 06:00:00,0.0,930.0,244.0,3.0,568.0,15.0
2023-04-04 07:00:00,0.0,898.0,237.0,3.0,569.0,10.0
2023-04-04 08:00:00,0.0,883.0,206.0,3.0,347.0,12.0
2023-04-04 09:00:00,0.0,880.0,197.0,3.0,317.0,12.0
2023-04-04 10:00:00,0.0,838.0,196.0,3.0,301.0,13.0
2023-04-04 11:00:00,0.0,804.0,196.0,3.0,302.0,14.0
2023-04-04 12:00:00,0.0,836.0,197.0,3.0,289.0,12.0
2023-04-04 13:00:00,0.0,842.0,214.0,3.0,322.0,13.0
2023-04-04 14:00:00,0.0,885.0,229.0,14.0,352.0,14.0
2023-04-04 15:00:00,0.0,799.0,203.0,312.0,352.0,17.0
2023-04-04 16:00:00,0.0,553.0,113.0,801.0,313.0,18.0
2023-04-04 17:00:00,0.0,555.0,98.0,1078.0,78.0,12.0
2023-04-04 18:00:00,0.0,556.0,97.0,1139.0,0.0,14.0
2023-04-04 19:00:00,0.0,546.0,98.0,1141.0,0.0,18.0
2023-04-04 20:00:00,0.0,502.0,100.0,1087.0,0.0,22.0
2023-04-04 21:00:00,0.0,459.0,100.0,1044.0,0.0,24.0
2023-04-04 22:00:00,0.0,454.0,99.0,1017.0,0.0,25.0
2023-04-04 23:00:00,0.0,450.0,99.0,1083.0,0.0,23.0
2023-04-05 00:00:00,0.0,355.0,100.0,942.0,123.0,23.0
2023-04-05 01:00:00,0.0,464.0,111.0,635.0,139.0,21.0
2023-04-05 02:00:00,0.0,735.0,184.0,144.0,362.0,18.0
2023-04-05 03:00:00,0.0,1120.0,211.0,3.0,613.0,13.0
2023-04-05 04:00:00,0.0,1164.0,216.0,3.0,617.0,10.0
2023-04-05 05:00:00,0.0,1186.0,216.0,3.0,614.0,10.0
2023-04-05 06:00:00,0.0,1204.0,212.0,3.0,367.0,13.0
2023-04-05 07:00:00,0.0,1180.0,200.0,2.0,368.0,11.0
2023-04-05 08:00:00,0.0,1133.0,203.0,0.0,375.0,11.0
2023-04-05 09:00:00,0.0,1228.0,202.0,0.0,375.0,10.0
2023-04-05 10:00:00,0.0,1317.0,197.0,0.0,153.0,8.0
2023-04-05 11:00:00,0.0,1288.0,196.0,0.0,136.0,3.0
2023-04-05 12:00:00,0.0,1316.0,199.0,0.0,136.0,2.0
2023-04-05 13:00:00,0.0,1457.0,204.0,0.0,136.0,0.0
2023-04-05 14:00:00,0.0,1565.0,229.0,15.0,288.0,0.0
2023-04-05 15:00:00,0.0,1376.0,202.0,336.0,205.0,0.0
2023-04-05 16:00:00,0.0,743.0,110.0,841.0,120.0,0.0
2023-04-05 17:00:00,0.0,588.0,98.0,1074.0,123.0,0.0
2023-04-05 18:00:00,0.0,587.0,99.0,1140.0,0.0,1.0
2023-04-05 19:00:00,0.0,629.0,99.0,1136.0,56.0,1.0
2023-04-05 20:00:00,0.0,588.0,99.0,1125.0,128.0,0.0
2023-04-05 21:00:00,0.0,549.0,99.0,1134.0,0.0,0.0
2023-04-05 22:00:00,0.0,494.0,100.0,1133.0,0.0,0.0
2023-04-05 23:00:00,0.0,496.0,99.0,1092.0,0.0,0.0
2023-04-06 00:00:00,0.0,496.0,100.0,956.0,127.0,0.0
2023-04-06 01:00:00,0.0,619.0,108.0,495.0,324.0,0.0
2023-04-06 02:00:00,0.0,977.0,180.0,119.0,363.0,0.0
2023-04-06 03:00:00,0.0,1398.0,220.0,0.0,384.0,0.0
2023-04-06 04:00:00,0.0,1471.0,220.0,0.0,590.0,0.0
2023-04-06 05:00:00,0.0,1473.0,220.0,0.0,604.0,0.0
2023-04-06 06:00:00,0.0,1417.0,217.0,0.0,366.0,0.0
2023-04-06 07:00:00,0.0,1404.0,213.0,0.0,366.0,0.0
2023-04-06 08:00:00,0.0,1411.0,203.0,0.0,367.0,0.0
2023-04-06 09:00:00,0.0,1413.0,200.0,0.0,366.0,0.0
2023-04-06 10:00:00,0.0,1413.0,193.0,0.0,367.0,0.0
2023-04-06 11:00:00,0.0,1410.0,195.0,0.0,368.0,0.0
2023-04-06 12:00:00,0.0,1399.0,197.0,0.0,369.0,0.0
2023-04-06 13:00:00,0.0,1397.0,200.0,0.0,368.0,0.0
2023-04-06 14:00:00,0.0,1529.0,224.0,15.0,367.0,0.0
2023-04-06 15:00:00,0.0,1303.0,201.0,340.0,350.0,0.0
2023-04-06 16:00:00,0.0,656.0,118.0,840.0,124.0,0.0
2023-04-06 17:00:00,0.0,523.0,101.0,1069.0,0.0,1.0
2023-04-06 18:00:00,0.0,492.0,101.0,1131.0,0.0,1.0
2023-04-06 19:00:00,0.0,491.0,100.0,1123.0,0.0,0.0
2023-04-06 20:00:00,0.0,492.0,100.0,1128.0,0.0,0.0
2023-04-06 21:00:00,0.0,492.0,100.0,1136.0,0.0,0.0
2023-04-06 22:00:00,0.0,493.0,100.0,1140.0,0.0,0.0
2023-04-06 23:00:00,0.0,494.0,101.0,1096.0,0.0,0.0
2023-04-07 00:00:00,0.0,494.0,106.0,954.0,23.0,0.0
2023-04-07 01:00:00,0.0,529.0,125.0,641.0,202.0,0.0
2023-04-07 02:00:00,0.0,748.0,184.0,154.0,504.0,0.0
2023-04-07 03:00:00,0.0,948.0,228.0,0.0,562.0,0.0
2023-04-07 04:00:00,0.0,1010.0,233.0,0.0,592.0,0.0
2023-04-07 05:00:00,0.0,965.0,233.0,0.0,594.0,0.0
2023-04-07 06:00:00,0.0,949.0,229.0,0.0,594.0,0.0
2023-04-07 07:00:00,0.0,940.0,229.0,0.0,595.0,0.0
2023-04-07 08:00:00,0.0,803.0,213.0,0.0,596.0,0.0
2023-04-07 09:00:00,0.0,792.0,210.0,0.0,593.0,0.0
2023-04-07 10:00:00,0.0,791.0,206.0,0.0,597.0,0.0
2023-04-07 11:00:00,0.0,792.0,206.0,0.0,599.0,0.0
2023-04-07 12:00:00,0.0,792.0,210.0,0.0,601.0,0.0
2023-04-07 13:00:00,0.0,792.0,220.0,0.0,601.0,2.0
2023-04-07 14:00:00,0.0,791.0,227.0,20.0,599.0,0.0
2023-04-07 15:00:00,0.0,632.0,222.0,235.0,594.0,4.0
2023-04-07 16:00:00,0.0,424.0,163.0,657.0,503.0,2.0
2023-04-07 17:00:00,0.0,350.0,117.0,886.0,488.0,5.0
2023-04-07 18:00:00,0.0,351.0,105.0,1028.0,493.0,8.0
2023-04-07 19:00:00,0.0,351.0,103.0,1092.0,124.0,7.0
2023-04-07 20:00:00,0.0,350.0,104.0,1067.0,120.0,9.0
2023-04-07 21:00:00,0.0,355.0,103.0,1028.0,120.0,12.0
2023-04-07 22:00:00,0.0,489.0,102.0,1009.0,122.0,10.0
2023-04-07 23:00:00,0.0,531.0,104.0,934.0,122.0,9.0
2023-04-08 00:00:00,0.0,528.0,109.0,723.0,129.0,8.0
2023-04-08 01:00:00,0.0,624.0,139.0,251.0,315.0,8.0
2023-04-08 02:00:00,0.0,847.0,221.0,73.0,571.0,6.0
2023-04-08 03:00:00,0.0,1036.0,222.0,1.0,497.0,5.0
2023-04-08 04:00:00,0.0,973.0,222.0,0.0,493.0,3.0
2023-04-08 05:00:00,0.0,971.0,218.0,0.0,503.0,9.0
2023-04-08 06:00:00,0.0,1032.0,215.0,0.0,492.0,18.0
2023-04-08 07:00:00,0.0,578.0,209.0,0.0,561.0,12.0
2023-04-08 08:00:00,0.0,305.0,211.0,0.0,531.0,11.0
2023-04-08 09:00:00,0.0,447.0,197.0,0.0,597.0,7.0
2023-04-08 10:00:00,0.0,457.0,143.0,0.0,598.0,8.0
2023-04-08 11:00:00,0.0,435.0,122.0,0.0,598.0,13.0
2023-04-08 12:00:00,0.0,441.0,130.0,0.0,598.0,16.0
2023-04-08 13:00:00,0.0,415.0,179.0,0.0,597.0,18.0
2023-04-08 14:00:00,0.0,449.0,194.0,13.0,585.0,19.0
2023-04-08 15:00:00,0.0,370.0,137.0,260.0,330.0,17.0
2023-04-08 16:00:00,0.0,323.0,105.0,797.0,118.0,12.0
2023-04-08 17:00:00,0.0,325.0,108.0,983.0,120.0,7.0
2023-04-08 18:00:00,0.0,287.0,107.0,1082.0,12.0,3.0
2023-04-08 19:00:00,0.0,212.0,103.0,1102.0,0.0,1.0
2023-04-08 20:00:00,0.0,211.0,103.0,1068.0,0.0,0.0
2023-04-08 21:00:00,0.0,209.0,103.0,1075.0,0.0,4.0
2023-04-08 22:00:00,0.0,211.0,102.0,1053.0,94.0,10.0
2023-04-08 23:00:00,0.0,306.0,103.0,937.0,122.0,12.0
2023-04-09 00:00:00,0.0,415.0,104.0,808.0,123.0,15.0
2023-04-09 01:00:00,0.0,505.0,130.0,446.0,122.0,16.0
2023-04-09 02:00:00,0.0,761.0,215.0,108.0,126.0,13.0
2023-04-09 03:00:00,0.0,1026.0,226.0,1.0,359.0,10.0
2023-04-09 04:00:00,0.0,1081.0,221.0,0.0,361.0,8.0
2023-04-09 05:00:00,0.0,1083.0,214.0,0.0,398.0,6.0
2023-04-09 06:00:00,0.0,1102.0,219.0,0.0,547.0,4.0
2023-04-09 07:00:00,0.0,1097.0,216.0,0.0,602.0,5.0
2023-04-09 08:00:00,0.0,1074.0,178.0,0.0,600.0,4.0
2023-04-09 09:00:00,0.0,1083.0,174.0,0.0,600.0,2.0
2023-04-09 10:00:00,0.0,1083.0,202.0,0.0,602.0,2.0
2023-04-09 11:00:00,0.0,1083.0,197.0,0.0,603.0,2.0
2023-04-09 12:00:00,0.0,1086.0,195.0,0.0,602.0,1.0
2023-04-09 13:00:00,0.0,1087.0,201.0,0.0,603.0,0.0
2023-04-09 14:00:00,0.0,970.0,177.0,19.0,598.0,0.0
2023-04-09 15:00:00,0.0,662.0,137.0,349.0,332.0,0.0
2023-04-09 16:00:00,0.0,488.0,104.0,820.0,128.0,0.0
2023-04-09 17:00:00,0.0,487.0,104.0,1031.0,0.0,0.0
2023-04-09 18:00:00,0.0,487.0,105.0,1111.0,0.0,2.0
2023-04-09 19:00:00,0.0,488.0,106.0,1109.0,0.0,2.0
2023-04-09 20:00:00,0.0,487.0,103.0,1109.0,0.0,2.0
2023-04-09 21:00:00,0.0,487.0,102.0,1117.0,0.0,2.0
2023-04-09 22:00:00,0.0,487.0,101.0,1119.0,0.0,3.0
2023-04-09 23:00:00,0.0,488.0,102.0,1052.0,0.0,2.0
2023-04-10 00:00:00,0.0,490.0,102.0,920.0,110.0,2.0
2023-04-10 01:00:00,0.0,563.0,127.0,623.0,128.0,1.0
2023-04-10 02:00:00,0.0,940.0,210.0,162.0,333.0,1.0
2023-04-10 03:00:00,0.0,1139.0,235.0,1.0,519.0,0.0
2023-04-10 04:00:00,0.0,1146.0,230.0,0.0,536.0,0.0
2023-04-10 05:00:00,0.0,1172.0,202.0,0.0,547.0,0.0
2023-04-10 06:00:00,0.0,1124.0,212.0,0.0,536.0,0.0
2023-04-10 07:00:00,0.0,1095.0,208.0,0.0,526.0,0.0
2023-04-10 08:00:00,0.0,1091.0,206.0,0.0,363.0,0.0
2023-04-10 09:00:00,0.0,1061.0,199.0,0.0,362.0,0.0
2023-04-10 10:00:00,0.0,1092.0,196.0,0.0,363.0,0.0
2023-04-10 11:00:00,0.0,1096.0,194.0,0.0,362.0,0.0
2023-04-10 12:00:00,0.0,1097.0,196.0,0.0,363.0,0.0
2023-04-10 13:00:00,0.0,1097.0,207.0,0.0,364.0,0.0
2023-04-10 14:00:00,0.0,1100.0,213.0,22.0,362.0,0.0
2023-04-10 15:00:00,0.0,875.0,177.0,368.0,333.0,0.0
2023-04-10 16:00:00,0.0,533.0,121.0,831.0,125.0,0.0
2023-04-10 17:00:00,0.0,508.0,112.0,1033.0,0.0,0.0
2023-04-10 18:00:00,0.0,505.0,112.0,1111.0,0.0,0.0
2023-04-10 19:00:00,0.0,490.0,113.0,1111.0,0.0,0.0
2023-04-10 20:00:00,0.0,522.0,113.0,1106.0,0.0,0.0
2023-04-10 21:00:00,0.0,563.0,113.0,1111.0,0.0,0.0
2023-04-10 22:00:00,0.0,610.0,111.0,1107.0,0.0,0.0
2023-04-10 23:00:00,0.0,764.0,112.0,1039.0,0.0,1.0
2023-04-11 00:00:00,0.0,739.0,125.0,907.0,122.0,3.0
2023-04-11 01:00:00,0.0,1156.0,163.0,620.0,409.0,2.0
2023-04-11 02:00:00,0.0,1502.0,235.0,124.0,602.0,1.0
2023-04-11 03:00:00,0.0,1699.0,241.0,1.0,603.0,9.0
2023-04-11 04:00:00,0.0,1702.0,235.0,0.0,799.0,17.0
2023-04-11 05:00:00,0.0,1564.0,219.0,0.0,605.0,18.0
2023-04-11 06:00:00,0.0,1361.0,222.0,0.0,521.0,21.0
2023-04-11 07:00:00,0.0,1113.0,157.0,0.0,349.0,39.0
2023-04-11 08:00:00,2.0,1063.0,199.0,0.0,361.0,68.0
2023-04-11 09:00:00,4.0,1022.0,186.0,0.0,127.0,66.0
2023-04-11 10:00:00,1.0,997.0,136.0,0.0,124.0,47.0
2023-04-11 11:00:00,2.0,994.0,136.0,0.0,125.0,41.0
2023-04-11 12:00:00,3.0,941.0,138.0,0.0,124.0,31.0
2023-04-11 13:00:00,2.0,1013.0,171.0,0.0,125.0,25.0
2023-04-11 14:00:00,5.0,1076.0,203.0,23.0,128.0,15.0
2023-04-11 15:00:00,54.0,804.0,163.0,371.0,129.0,26.0
2023-04-11 16:00:00,74.0,634.0,113.0,832.0,0.0,29.0
2023-04-11 17:00:00,119.0,630.0,103.0,1035.0,0.0,39.0
2023-04-11 18:00:00,165.0,631.0,102.0,1117.0,0.0,110.0
2023-04-11 19:00:00,180.0,630.0,103.0,1106.0,0.0,202.0
2023-04-11 20:00:00,179.0,627.0,102.0,1058.0,0.0,222.0
2023-04-11 21:00:00,180.0,628.0,103.0,1018.0,0.0,234.0
2023-04-11 22:00:00,180.0,627.0,103.0,1070.0,0.0,259.0
2023-04-11 23:00:00,180.0,628.0,109.0,982.0,0.0,266.0
2023-04-12 00:00:00,180.0,631.0,122.0,708.0,132.0,272.0
2023-04-12 01:00:00,181.0,818.0,137.0,318.0,335.0,269.0
2023-04-12 02:00:00,181.0,1225.0,209.0,96.0,372.0,256.0
2023-04-12 03:00:00,180.0,1272.0,228.0,2.0,496.0,158.0
2023-04-12 04:00:00,180.0,1344.0,230.0,0.0,603.0,164.0
2023-04-12 05:00:00,180.0,1417.0,225.0,0.0,610.0,126.0
2023-04-12 06:00:00,188.0,1429.0,213.0,0.0,381.0,67.0
2023-04-12 07:00:00,182.0,1311.0,207.0,0.0,370.0,71.0
2023-04-12 08:00:00,181.0,875.0,223.0,0.0,346.0,73.0
2023-04-12 09:00:00,181.0,722.0,215.0,0.0,330.0,75.0
2023-04-12 10:00:00,180.0,737.0,152.0,0.0,317.0,75.0
2023-04-12 11:00:00,181.0,775.0,149.0,0.0,133.0,80.0
2023-04-12 12:00:00,181.0,841.0,186.0,0.0,130.0,81.0
2023-04-12 13:00:00,188.0,992.0,219.0,0.0,130.0,91.0
2023-04-12 14:00:00,181.0,1024.0,227.0,20.0,132.0,141.0
2023-04-12 15:00:00,181.0,1039.0,216.0,224.0,135.0,133.0
2023-04-12 16:00:00,180.0,1009.0,202.0,534.0,135.0,121.0
2023-04-12 17:00:00,180.0,737.0,146.0,781.0,0.0,170.0
2023-04-12 18:00:00,181.0,675.0,155.0,853.0,0.0,276.0
2023-04-12 19:00:00,180.0,507.0,122.0,922.0,0.0,278.0
2023-04-12 20:00:00,179.0,525.0,123.0,854.0,0.0,278.0
2023-04-12 21:00:00,179.0,521.0,122.0,874.0,0.0,281.0
2023-04-12 22:00:00,180.0,499.0,122.0,887.0,126.0,288.0
2023-04-12 23:00:00,181.0,502.0,126.0,749.0,135.0,291.0
2023-04-13 00:00:00,180.0,544.0,127.0,677.0,136.0,292.0
2023-04-13 01:00:00,180.0,803.0,158.0,319.0,180.0,289.0
2023-04-13 02:00:00,180.0,723.0,201.0,129.0,557.0,281.0
2023-04-13 03:00:00,180.0,754.0,241.0,3.0,612.0,247.0
2023-04-13 04:00:00,180.0,797.0,241.0,0.0,551.0,192.0
2023-04-13 05:00:00,179.0,840.0,241.0,0.0,613.0,172.0
2023-04-13 06:00:00,179.0,843.0,236.0,0.0,367.0,152.0
2023-04-13 07:00:00,180.0,789.0,181.0,0.0,321.0,159.0
2023-04-13 08:00:00,181.0,684.0,152.0,0.0,322.0,190.0
2023-04-13 09:00:00,181.0,661.0,145.0,0.0,319.0,218.0
2023-04-13 10:00:00,180.0,682.0,145.0,0.0,136.0,184.0
2023-04-13 11:00:00,180.0,655.0,144.0,0.0,136.0,226.0
2023-04-13 12:00:00,180.0,726.0,142.0,0.0,346.0,171.0
2023-04-13 13:00:00,179.0,753.0,168.0,0.0,325.0,106.0
2023-04-13 14:00:00,179.0,773.0,231.0,19.0,316.0,54.0
2023-04-13 15:00:00,179.0,734.0,227.0,351.0,143.0,91.0
2023-04-13 16:00:00,180.0,645.0,153.0,718.0,146.0,191.0
2023-04-13 17:00:00,180.0,532.0,129.0,992.0,0.0,256.0
2023-04-13 18:00:00,181.0,506.0,128.0,1141.0,0.0,261.0
2023-04-13 19:00:00,181.0,494.0,122.0,1144.0,0.0,253.0
2023-04-13 20:00:00,181.0,492.0,130.0,1152.0,0.0,253.0
2023-04-13 21:00:00,181.0,491.0,135.0,1148.0,0.0,254.0
2023-04-13 22:00:00,181.0,493.0,135.0,1131.0,0.0,231.0
2023-04-13 23:00:00,181.0,492.0,133.0,1055.0,0.0,213.0
2023-04-14 00:00:00,181.0,550.0,148.0,935.0,0.0,210.0
2023-04-14 01:00:00,181.0,578.0,160.0,636.0,143.0,203.0
2023-04-14 02:00:00,182.0,844.0,208.0,187.0,366.0,180.0
2023-04-14 03:00:00,181.0,989.0,248.0,2.0,525.0,148.0
2023-04-14 04:00:00,181.0,973.0,243.0,0.0,523.0,97.0
2023-04-14 05:00:00,181.0,1022.0,243.0,0.0,520.0,66.0
2023-04-14 06:00:00,181.0,1024.0,242.0,0.0,518.0,66.0
2023-04-14 07:00:00,182.0,863.0,228.0,0.0,335.0,75.0
2023-04-14 08:00:00,181.0,781.0,224.0,0.0,152.0,73.0
2023-04-14 09:00:00,181.0,868.0,187.0,0.0,148.0,47.0
2023-04-14 10:00:00,180.0,932.0,159.0,0.0,144.0,28.0
2023-04-14 11:00:00,180.0,691.0,158.0,0.0,140.0,22.0
2023-04-14 12:00:00,180.0,753.0,200.0,0.0,137.0,29.0
2023-04-14 13:00:00,182.0,793.0,228.0,0.0,137.0,30.0
2023-04-14 14:00:00,210.0,847.0,237.0,30.0,138.0,17.0
2023-04-14 15:00:00,185.0,711.0,186.0,382.0,137.0,8.0
2023-04-14 16:00:00,182.0,508.0,141.0,837.0,0.0,15.0
2023-04-14 17:00:00,184.0,512.0,130.0,1047.0,0.0,8.0
2023-04-14 18:00:00,231.0,493.0,131.0,1134.0,0.0,2.0
2023-04-14 19:00:00,186.0,494.0,137.0,1132.0,0.0,0.0
2023-04-14 20:00:00,182.0,493.0,137.0,1129.0,0.0,0.0
2023-04-14 21:00:00,182.0,492.0,139.0,1132.0,0.0,2.0
2023-04-14 22:00:00,181.0,492.0,135.0,1133.0,0.0,6.0
2023-04-14 23:00:00,180.0,387.0,131.0,1068.0,123.0,14.0
2023-04-15 00:00:00,180.0,353.0,127.0,932.0,143.0,13.0
2023-04-15 01:00:00,180.0,475.0,143.0,640.0,144.0,42.0
2023-04-15 02:00:00,181.0,849.0,194.0,178.0,161.0,60.0
2023-04-15 03:00:00,181.0,1353.0,238.0,3.0,340.0,51.0
2023-04-15 04:00:00,181.0,1438.0,239.0,0.0,328.0,113.0
2023-04-15 05:00:00,181.0,1477.0,238.0,0.0,343.0,133.0
2023-04-15 06:00:00,181.0,1461.0,243.0,0.0,379.0,69.0
2023-04-15 07:00:00,181.0,1461.0,238.0,0.0,278.0,26.0
2023-04-15 08:00:00,182.0,1436.0,235.0,0.0,143.0,13.0
2023-04-15 09:00:00,181.0,1298.0,235.0,0.0,143.0,8.0
2023-04-15 10:00:00,182.0,1080.0,227.0,0.0,143.0,3.0
2023-04-15 11:00:00,181.0,1084.0,226.0,0.0,144.0,2.0
2023-04-15 12:00:00,182.0,1069.0,226.0,0.0,144.0,1.0
2023-04-15 13:00:00,182.0,1078.0,226.0,0.0,144.0,1.0
2023-04-15 14:00:00,181.0,1095.0,214.0,35.0,144.0,0.0
2023-04-15 15:00:00,181.0,644.0,159.0,400.0,145.0,0.0
2023-04-15 16:00:00,181.0,227.0,118.0,860.0,144.0,0.0
2023-04-15 17:00:00,181.0,210.0,111.0,1054.0,142.0,0.0
2023-04-15 18:00:00,181.0,210.0,111.0,1131.0,142.0,1.0
2023-04-15 19:00:00,181.0,211.0,109.0,1127.0,143.0,2.0
2023-04-15 20:00:00,181.0,211.0,105.0,1121.0,143.0,0.0
2023-04-15 21:00:00,181.0,210.0,106.0,1124.0,143.0,1.0
2023-04-15 22:00:00,181.0,210.0,106.0,1125.0,143.0,0.0
2023-04-15 23:00:00,180.0,225.0,105.0,1058.0,143.0,0.0
2023-04-16 00:00:00,180.0,291.0,111.0,921.0,142.0,0.0
2023-04-16 01:00:00,181.0,381.0,124.0,634.0,142.0,0.0
2023-04-16 02:00:00,181.0,719.0,182.0,182.0,142.0,5.0
2023-04-16 03:00:00,181.0,1097.0,221.0,3.0,373.0,49.0
2023-04-16 04:00:00,181.0,1130.0,215.0,0.0,382.0,19.0
2023-04-16 05:00:00,181.0,1130.0,229.0,0.0,383.0,6.0
2023-04-16 06:00:00,182.0,1129.0,228.0,0.0,382.0,3.0
2023-04-16 07:00:00,182.0,1117.0,227.0,0.0,382.0,2.0
2023-04-16 08:00:00,182.0,1068.0,228.0,0.0,381.0,2.0
2023-04-16 09:00:00,181.0,1035.0,230.0,0.0,335.0,1.0
2023-04-16 10:00:00,181.0,1035.0,229.0,0.0,327.0,0.0
2023-04-16 11:00:00,181.0,1034.0,226.0,0.0,336.0,2.0
2023-04-16 12:00:00,181.0,1035.0,215.0,0.0,377.0,21.0
2023-04-16 13:00:00,181.0,1036.0,225.0,0.0,378.0,25.0
2023-04-16 14:00:00,181.0,981.0,214.0,37.0,360.0,18.0
2023-04-16 15:00:00,181.0,459.0,142.0,395.0,141.0,8.0
2023-04-16 16:00:00,181.0,352.0,111.0,852.0,0.0,5.0
2023-04-16 17:00:00,181.0,353.0,110.0,1028.0,0.0,0.0
2023-04-16 18:00:00,181.0,352.0,106.0,1092.0,0.0,26.0
2023-04-16 19:00:00,181.0,353.0,108.0,1112.0,0.0,100.0
2023-04-16 20:00:00,181.0,351.0,107.0,1110.0,0.0,122.0
2023-04-16 21:00:00,181.0,352.0,105.0,1105.0,0.0,126.0
2023-04-16 22:00:00,180.0,352.0,105.0,1067.0,0.0,139.0
2023-04-16 23:00:00,180.0,351.0,106.0,1023.0,0.0,126.0
2023-04-17 00:00:00,181.0,352.0,110.0,934.0,0.0,138.0
2023-04-17 01:00:00,181.0,404.0,137.0,598.0,144.0,148.0
2023-04-17 02:00:00,181.0,666.0,214.0,185.0,572.0,121.0
2023-04-17 03:00:00,181.0,832.0,238.0,3.0,621.0,71.0
2023-04-17 04:00:00,183.0,799.0,233.0,0.0,595.0,84.0
2023-04-17 05:00:00,231.0,778.0,226.0,0.0,596.0,125.0
2023-04-17 06:00:00,210.0,715.0,222.0,0.0,537.0,142.0
2023-04-17 07:00:00,184.0,483.0,218.0,0.0,519.0,157.0
2023-04-17 08:00:00,182.0,390.0,164.0,0.0,344.0,129.0
2023-04-17 09:00:00,181.0,415.0,148.0,0.0,332.0,111.0
2023-04-17 10:00:00,181.0,375.0,154.0,0.0,331.0,90.0
2023-04-17 11:00:00,182.0,391.0,145.0,0.0,333.0,77.0
2023-04-17 12:00:00,189.0,440.0,177.0,0.0,337.0,90.0
2023-04-17 13:00:00,198.0,505.0,225.0,0.0,360.0,88.0
2023-04-17 14:00:00,204.0,541.0,233.0,39.0,385.0,92.0
2023-04-17 15:00:00,192.0,426.0,179.0,422.0,225.0,81.0
2023-04-17 16:00:00,183.0,352.0,124.0,875.0,150.0,87.0
2023-04-17 17:00:00,182.0,373.0,111.0,1060.0,0.0,114.0
2023-04-17 18:00:00,182.0,366.0,107.0,1137.0,0.0,178.0
2023-04-17 19:00:00,186.0,413.0,108.0,1144.0,0.0,229.0
2023-04-17 20:00:00,183.0,371.0,99.0,1142.0,0.0,229.0
2023-04-17 21:00:00,182.0,353.0,99.0,1120.0,0.0,266.0
2023-04-17 22:00:00,181.0,353.0,99.0,1077.0,0.0,274.0
2023-04-17 23:00:00,181.0,354.0,99.0,1065.0,0.0,279.0
2023-04-18 00:00:00,181.0,358.0,101.0,826.0,0.0,286.0
2023-04-18 01:00:00,184.0,430.0,127.0,472.0,141.0,292.0
2023-04-18 02:00:00,203.0,710.0,203.0,208.0,365.0,282.0
2023-04-18 03:00:00,204.0,836.0,225.0,7.0,625.0,216.0
2023-04-18 04:00:00,212.0,894.0,232.0,0.0,626.0,141.0
2023-04-18 05:00:00,208.0,916.0,226.0,0.0,597.0,222.0
2023-04-18 06:00:00,209.0,903.0,233.0,0.0,623.0,232.0
2023-04-18 07:00:00,199.0,841.0,219.0,0.0,356.0,222.0
2023-04-18 08:00:00,182.0,802.0,165.0,0.0,337.0,196.0
2023-04-18 09:00:00,182.0,772.0,153.0,0.0,151.0,124.0
2023-04-18 10:00:00,181.0,758.0,150.0,0.0,148.0,97.0
2023-04-18 11:00:00,180.0,751.0,163.0,0.0,148.0,96.0
2023-04-18 12:00:00,182.0,773.0,208.0,0.0,150.0,144.0
2023-04-18 13:00:00,208.0,787.0,228.0,0.0,150.0,254.0
2023-04-18 14:00:00,185.0,829.0,232.0,42.0,149.0,278.0
2023-04-18 15:00:00,182.0,625.0,197.0,423.0,145.0,276.0
2023-04-18 16:00:00,181.0,377.0,118.0,887.0,0.0,276.0
2023-04-18 17:00:00,181.0,360.0,104.0,1061.0,0.0,279.0
2023-04-18 18:00:00,181.0,382.0,101.0,1145.0,0.0,278.0
2023-04-18 19:00:00,181.0,373.0,102.0,1154.0,0.0,280.0
2023-04-18 20:00:00,181.0,354.0,102.0,1146.0,0.0,283.0
2023-04-18 21:00:00,180.0,354.0,102.0,903.0,0.0,283.0
2023-04-18 22:00:00,179.0,352.0,102.0,714.0,0.0,281.0
2023-04-18 23:00:00,180.0,353.0,103.0,839.0,0.0,265.0
2023-04-19 00:00:00,181.0,353.0,109.0,856.0,145.0,191.0
2023-04-19 01:00:00,182.0,354.0,139.0,673.0,333.0,250.0
2023-04-19 02:00:00,183.0,502.0,186.0,210.0,557.0,261.0
2023-04-19 03:00:00,228.0,797.0,236.0,9.0,629.0,264.0
2023-04-19 04:00:00,187.0,800.0,238.0,0.0,627.0,257.0
2023-04-19 05:00:00,182.0,770.0,234.0,0.0,628.0,255.0
2023-04-19 06:00:00,182.0,771.0,232.0,0.0,626.0,247.0
2023-04-19 07:00:00,182.0,690.0,215.0,0.0,387.0,250.0
2023-04-19 08:00:00,182.0,501.0,201.0,0.0,377.0,250.0
2023-04-19 09:00:00,181.0,472.0,190.0,0.0,353.0,236.0
2023-04-19 10:00:00,180.0,435.0,184.0,0.0,336.0,151.0
2023-04-19 11:00:00,181.0,426.0,183.0,0.0,336.0,111.0
2023-04-19 12:00:00,181.0,496.0,199.0,0.0,379.0,49.0
2023-04-19 13:00:00,181.0,526.0,227.0,0.0,572.0,34.0
2023-04-19 14:00:00,180.0,587.0,236.0,48.0,572.0,30.0
2023-04-19 15:00:00,181.0,464.0,171.0,458.0,332.0,15.0
2023-04-19 16:00:00,181.0,352.0,132.0,916.0,0.0,15.0
2023-04-19 17:00:00,181.0,352.0,109.0,1088.0,0.0,41.0
2023-04-19 18:00:00,181.0,352.0,107.0,1149.0,0.0,33.0
2023-04-19 19:00:00,181.0,351.0,107.0,1148.0,0.0,23.0
2023-04-19 20:00:00,181.0,351.0,110.0,1148.0,0.0,19.0
2023-04-19 21:00:00,181.0,350.0,106.0,1141.0,0.0,19.0
2023-04-19 22:00:00,181.0,351.0,106.0,1132.0,0.0,28.0
2023-04-19 23:00:00,182.0,352.0,106.0,1091.0,0.0,33.0
2023-04-20 00:00:00,182.0,353.0,117.0,965.0,0.0,25.0
2023-04-20 01:00:00,182.0,352.0,148.0,686.0,146.0,22.0
2023-04-20 02:00:00,182.0,519.0,196.0,213.0,360.0,24.0
2023-04-20 03:00:00,181.0,559.0,247.0,4.0,625.0,34.0
2023-04-20 04:00:00,181.0,699.0,247.0,0.0,627.0,72.0
2023-04-20 05:00:00,181.0,903.0,244.0,0.0,629.0,72.0
2023-04-20 06:00:00,181.0,872.0,233.0,0.0,627.0,42.0
2023-04-20 07:00:00,181.0,825.0,224.0,0.0,388.0,20.0
2023-04-20 08:00:00,203.0,784.0,226.0,0.0,158.0,18.0
2023-04-20 09:00:00,205.0,782.0,222.0,0.0,149.0,20.0
2023-04-20 10:00:00,205.0,783.0,218.0,0.0,149.0,20.0
2023-04-20 11:00:00,199.0,783.0,216.0,0.0,149.0,19.0
2023-04-20 12:00:00,201.0,789.0,218.0,0.0,149.0,13.0
2023-04-20 13:00:00,205.0,801.0,233.0,0.0,149.0,8.0
2023-04-20 14:00:00,205.0,801.0,245.0,52.0,150.0,6.0
2023-04-20 15:00:00,192.0,591.0,181.0,464.0,150.0,3.0
2023-04-20 16:00:00,183.0,356.0,119.0,905.0,0.0,3.0
2023-04-20 17:00:00,182.0,355.0,104.0,1081.0,0.0,3.0
2023-04-20 18:00:00,181.0,355.0,101.0,1136.0,0.0,11.0
2023-04-20 19:00:00,181.0,355.0,103.0,1135.0,0.0,10.0
2023-04-20 20:00:00,181.0,356.0,101.0,1132.0,0.0,13.0
2023-04-20 21:00:00,181.0,356.0,101.0,1113.0,0.0,12.0
2023-04-20 22:00:00,181.0,355.0,107.0,1102.0,0.0,8.0
2023-04-20 23:00:00,180.0,356.0,110.0,1068.0,0.0,22.0
2023-04-21 00:00:00,181.0,354.0,124.0,884.0,0.0,39.0
2023-04-21 01:00:00,184.0,504.0,155.0,652.0,144.0,46.0
2023-04-21 02:00:00,185.0,907.0,219.0,210.0,358.0,65.0
2023-04-21 03:00:00,244.0,1025.0,245.0,3.0,618.0,167.0
2023-04-21 04:00:00,194.0,1117.0,251.0,0.0,612.0,136.0
2023-04-21 05:00:00,183.0,1182.0,247.0,0.0,550.0,58.0
2023-04-21 06:00:00,182.0,1172.0,244.0,0.0,569.0,19.0
2023-04-21 07:00:00,182.0,1171.0,238.0,0.0,569.0,12.0
2023-04-21 08:00:00,181.0,1170.0,228.0,0.0,373.0,9.0
2023-04-21 09:00:00,181.0,1136.0,223.0,0.0,140.0,8.0
2023-04-21 10:00:00,181.0,1117.0,225.0,0.0,137.0,5.0
2023-04-21 11:00:00,182.0,1073.0,223.0,0.0,137.0,5.0
2023-04-21 12:00:00,182.0,1070.0,221.0,0.0,137.0,6.0
2023-04-21 13:00:00,182.0,1074.0,234.0,0.0,137.0,26.0
2023-04-21 14:00:00,182.0,1124.0,237.0,54.0,138.0,90.0
2023-04-21 15:00:00,181.0,686.0,176.0,466.0,140.0,108.0
2023-04-21 16:00:00,180.0,466.0,111.0,888.0,0.0,105.0
2023-04-21 17:00:00,180.0,457.0,105.0,1055.0,0.0,134.0
2023-04-21 18:00:00,181.0,455.0,105.0,1115.0,0.0,113.0
2023-04-21 19:00:00,181.0,453.0,105.0,1120.0,0.0,56.0
2023-04-21 20:00:00,181.0,425.0,111.0,1108.0,0.0,7.0
2023-04-21 21:00:00,181.0,373.0,119.0,1090.0,0.0,0.0
2023-04-21 22:00:00,180.0,357.0,133.0,1069.0,0.0,11.0
2023-04-21 23:00:00,180.0,358.0,123.0,998.0,136.0,74.0
2023-04-22 00:00:00,180.0,368.0,133.0,905.0,143.0,68.0
2023-04-22 01:00:00,180.0,556.0,155.0,652.0,152.0,138.0
2023-04-22 02:00:00,183.0,894.0,211.0,218.0,571.0,161.0
2023-04-22 03:00:00,207.0,1224.0,249.0,4.0,624.0,209.0
2023-04-22 04:00:00,185.0,1256.0,246.0,0.0,621.0,137.0
2023-04-22 05:00:00,182.0,1208.0,240.0,0.0,622.0,110.0
2023-04-22 06:00:00,182.0,1181.0,239.0,0.0,587.0,90.0
2023-04-22 07:00:00,182.0,1116.0,236.0,0.0,328.0,83.0
2023-04-22 08:00:00,182.0,915.0,238.0,0.0,326.0,90.0
2023-04-22 09:00:00,186.0,821.0,241.0,0.0,327.0,86.0
2023-04-22 10:00:00,196.0,787.0,226.0,0.0,326.0,59.0
2023-04-22 11:00:00,207.0,822.0,202.0,0.0,142.0,43.0
2023-04-22 12:00:00,196.0,822.0,216.0,0.0,140.0,47.0
2023-04-22 13:00:00,194.0,823.0,216.0,0.0,141.0,40.0
2023-04-22 14:00:00,193.0,772.0,216.0,55.0,0.0,33.0
2023-04-22 15:00:00,193.0,408.0,147.0,440.0,0.0,34.0
2023-04-22 16:00:00,192.0,353.0,106.0,866.0,0.0,43.0
2023-04-22 17:00:00,192.0,353.0,100.0,1045.0,0.0,47.0
2023-04-22 18:00:00,191.0,353.0,101.0,1095.0,0.0,51.0
2023-04-22 19:00:00,193.0,353.0,103.0,1113.0,0.0,44.0
2023-04-22 20:00:00,193.0,353.0,106.0,1112.0,0.0,40.0
2023-04-22 21:00:00,193.0,353.0,106.0,1104.0,137.0,26.0
2023-04-22 22:00:00,190.0,354.0,110.0,1109.0,147.0,29.0
2023-04-22 23:00:00,180.0,354.0,113.0,1046.0,147.0,33.0
2023-04-23 00:00:00,180.0,364.0,134.0,885.0,147.0,55.0
2023-04-23 01:00:00,181.0,558.0,161.0,637.0,147.0,82.0
2023-04-23 02:00:00,185.0,992.0,242.0,203.0,334.0,85.0
2023-04-23 03:00:00,292.0,1043.0,249.0,5.0,333.0,64.0
2023-04-23 04:00:00,259.0,1053.0,240.0,0.0,332.0,63.0
2023-04-23 05:00:00,201.0,1054.0,249.0,0.0,329.0,101.0
2023-04-23 06:00:00,183.0,1060.0,249.0,0.0,374.0,67.0
2023-04-23 07:00:00,182.0,1047.0,241.0,0.0,366.0,24.0
2023-04-23 08:00:00,181.0,1060.0,216.0,0.0,340.0,18.0
2023-04-23 09:00:00,181.0,1028.0,172.0,0.0,358.0,17.0
2023-04-23 10:00:00,213.0,1024.0,212.0,0.0,147.0,17.0
2023-04-23 11:00:00,210.0,777.0,149.0,0.0,146.0,18.0
2023-04-23 12:00:00,237.0,523.0,156.0,0.0,146.0,19.0
2023-04-23 13:00:00,187.0,529.0,196.0,0.0,145.0,16.0
2023-04-23 14:00:00,181.0,558.0,192.0,54.0,141.0,14.0
2023-04-23 15:00:00,181.0,408.0,143.0,425.0,0.0,17.0
2023-04-23 16:00:00,183.0,354.0,111.0,838.0,0.0,14.0
2023-04-23 17:00:00,186.0,352.0,101.0,1031.0,0.0,20.0
2023-04-23 18:00:00,199.0,354.0,101.0,1068.0,0.0,20.0
2023-04-23 19:00:00,201.0,354.0,101.0,1036.0,0.0,19.0
2023-04-23 20:00:00,201.0,354.0,108.0,1030.0,0.0,14.0
2023-04-23 21:00:00,195.0,355.0,104.0,1112.0,0.0,22.0
2023-04-23 22:00:00,204.0,355.0,103.0,1093.0,0.0,65.0
2023-04-23 23:00:00,216.0,355.0,106.0,1016.0,142.0,50.0
2023-04-24 00:00:00,219.0,354.0,115.0,861.0,147.0,72.0
2023-04-24 01:00:00,239.0,378.0,137.0,623.0,147.0,48.0
2023-04-24 02:00:00,242.0,582.0,229.0,222.0,332.0,40.0
2023-04-24 03:00:00,283.0,1000.0,240.0,6.0,329.0,26.0
2023-04-24 04:00:00,292.0,1032.0,234.0,0.0,332.0,36.0
2023-04-24 05:00:00,291.0,1024.0,212.0,0.0,333.0,35.0
2023-04-24 06:00:00,291.0,1024.0,175.0,0.0,332.0,97.0
2023-04-24 07:00:00,292.0,606.0,154.0,0.0,331.0,91.0
2023-04-24 08:00:00,336.0,515.0,141.0,0.0,334.0,68.0
2023-04-24 09:00:00,357.0,510.0,141.0,0.0,334.0,101.0
2023-04-24 10:00:00,352.0,510.0,137.0,0.0,333.0,109.0
2023-04-24 11:00:00,371.0,428.0,134.0,0.0,332.0,100.0
2023-04-24 12:00:00,362.0,406.0,136.0,2.0,334.0,89.0
2023-04-24 13:00:00,359.0,501.0,147.0,2.0,334.0,87.0
2023-04-24 14:00:00,359.0,540.0,218.0,39.0,329.0,70.0
2023-04-24 15:00:00,360.0,437.0,156.0,428.0,148.0,67.0
2023-04-24 16:00:00,363.0,445.0,105.0,834.0,0.0,68.0
2023-04-24 17:00:00,362.0,356.0,103.0,1028.0,0.0,74.0
2023-04-24 18:00:00,361.0,356.0,103.0,1108.0,0.0,27.0
2023-04-24 19:00:00,362.0,357.0,104.0,1113.0,0.0,10.0
2023-04-24 20:00:00,363.0,356.0,110.0,1118.0,0.0,18.0
2023-04-24 21:00:00,362.0,356.0,107.0,1117.0,0.0,37.0
2023-04-24 22:00:00,363.0,386.0,107.0,1122.0,0.0,57.0
2023-04-24 23:00:00,395.0,355.0,108.0,1057.0,0.0,82.0
2023-04-25 00:00:00,368.0,354.0,115.0,934.0,0.0,126.0
2023-04-25 01:00:00,364.0,378.0,142.0,668.0,147.0,106.0
2023-04-25 02:00:00,364.0,574.0,223.0,209.0,144.0,136.0
2023-04-25 03:00:00,362.0,801.0,232.0,7.0,329.0,170.0
2023-04-25 04:00:00,362.0,1009.0,227.0,0.0,336.0,69.0
2023-04-25 05:00:00,361.0,1008.0,224.0,0.0,515.0,29.0
2023-04-25 06:00:00,361.0,837.0,216.0,0.0,519.0,57.0
2023-04-25 07:00:00,361.0,552.0,213.0,0.0,515.0,78.0
2023-04-25 08:00:00,361.0,274.0,196.0,0.0,520.0,197.0
2023-04-25 09:00:00,361.0,246.0,180.0,0.0,613.0,196.0
2023-04-25 10:00:00,363.0,222.0,173.0,0.0,615.0,191.0
2023-04-25 11:00:00,364.0,230.0,169.0,2.0,617.0,139.0
2023-04-25 12:00:00,363.0,214.0,174.0,0.0,617.0,95.0
2023-04-25 13:00:00,364.0,245.0,193.0,0.0,619.0,51.0
2023-04-25 14:00:00,363.0,288.0,192.0,68.0,617.0,64.0
2023-04-25 15:00:00,368.0,402.0,175.0,460.0,149.0,49.0
2023-04-25 16:00:00,364.0,357.0,122.0,871.0,0.0,58.0
2023-04-25 17:00:00,362.0,281.0,107.0,1060.0,0.0,66.0
2023-04-25 18:00:00,362.0,214.0,105.0,1124.0,0.0,48.0
2023-04-25 19:00:00,361.0,213.0,105.0,1119.0,0.0,38.0
2023-04-25 20:00:00,364.0,215.0,108.0,1115.0,0.0,53.0
2023-04-25 21:00:00,471.0,213.0,107.0,1117.0,0.0,82.0
2023-04-25 22:00:00,614.0,212.0,104.0,1116.0,0.0,88.0
2023-04-25 23:00:00,637.0,212.0,106.0,1064.0,0.0,124.0
2023-04-26 00:00:00,648.0,212.0,128.0,920.0,0.0,159.0
2023-04-26 01:00:00,617.0,250.0,187.0,641.0,0.0,220.0
2023-04-26 02:00:00,471.0,493.0,218.0,210.0,151.0,169.0
2023-04-26 03:00:00,331.0,729.0,247.0,8.0,617.0,94.0
2023-04-26 04:00:00,247.0,830.0,235.0,0.0,629.0,41.0
2023-04-26 05:00:00,263.0,838.0,228.0,0.0,393.0,20.0
2023-04-26 06:00:00,338.0,814.0,235.0,0.0,348.0,19.0
2023-04-26 07:00:00,364.0,784.0,226.0,0.0,355.0,7.0
2023-04-26 08:00:00,446.0,788.0,214.0,0.0,149.0,3.0
2023-04-26 09:00:00,421.0,652.0,215.0,0.0,150.0,1.0
2023-04-26 10:00:00,388.0,549.0,206.0,0.0,150.0,0.0
2023-04-26 11:00:00,387.0,575.0,207.0,0.0,150.0,0.0
2023-04-26 12:00:00,375.0,549.0,211.0,0.0,151.0,0.0
2023-04-26 13:00:00,382.0,594.0,216.0,0.0,150.0,0.0
2023-04-26 14:00:00,381.0,606.0,212.0,70.0,150.0,2.0
2023-04-26 15:00:00,366.0,388.0,186.0,487.0,151.0,0.0
2023-04-26 16:00:00,364.0,279.0,112.0,894.0,0.0,9.0
2023-04-26 17:00:00,363.0,199.0,101.0,1069.0,0.0,21.0
2023-04-26 18:00:00,363.0,168.0,101.0,1130.0,0.0,32.0
2023-04-26 19:00:00,362.0,167.0,102.0,1122.0,0.0,41.0
2023-04-26 20:00:00,361.0,167.0,102.0,1116.0,0.0,36.0
2023-04-26 21:00:00,361.0,168.0,104.0,1117.0,0.0,44.0
2023-04-26 22:00:00,361.0,180.0,113.0,1117.0,149.0,44.0
2023-04-26 23:00:00,362.0,279.0,117.0,1053.0,155.0,34.0
2023-04-27 00:00:00,362.0,380.0,150.0,918.0,154.0,18.0
2023-04-27 01:00:00,362.0,638.0,213.0,654.0,155.0,17.0
2023-04-27 02:00:00,372.0,930.0,234.0,219.0,562.0,18.0
2023-04-27 03:00:00,384.0,977.0,246.0,9.0,633.0,20.0
2023-04-27 04:00:00,385.0,980.0,242.0,0.0,629.0,22.0
2023-04-27 05:00:00,386.0,980.0,228.0,0.0,616.0,11.0
2023-04-27 06:00:00,378.0,982.0,229.0,0.0,368.0,7.0
2023-04-27 07:00:00,305.0,830.0,218.0,0.0,342.0,7.0
2023-04-27 08:00:00,247.0,477.0,211.0,0.0,341.0,4.0
2023-04-27 09:00:00,225.0,476.0,211.0,0.0,340.0,2.0
2023-04-27 10:00:00,216.0,476.0,200.0,0.0,341.0,4.0
2023-04-27 11:00:00,185.0,473.0,201.0,0.0,341.0,6.0
2023-04-27 12:00:00,183.0,429.0,204.0,0.0,340.0,5.0
2023-04-27 13:00:00,182.0,429.0,212.0,0.0,341.0,2.0
2023-04-27 14:00:00,181.0,430.0,219.0,66.0,339.0,0.0
2023-04-27 15:00:00,191.0,210.0,203.0,449.0,156.0,0.0
2023-04-27 16:00:00,206.0,167.0,141.0,834.0,155.0,0.0
2023-04-27 17:00:00,229.0,234.0,119.0,1035.0,0.0,0.0
2023-04-27 18:00:00,186.0,343.0,120.0,1105.0,0.0,1.0
2023-04-27 19:00:00,183.0,343.0,123.0,1115.0,0.0,0.0
2023-04-27 20:00:00,182.0,344.0,128.0,1110.0,0.0,0.0
2023-04-27 21:00:00,183.0,345.0,127.0,1098.0,0.0,24.0
2023-04-27 22:00:00,183.0,417.0,123.0,1092.0,0.0,49.0
2023-04-27 23:00:00,182.0,489.0,127.0,1012.0,0.0,42.0
2023-04-28 00:00:00,182.0,502.0,190.0,881.0,155.0,28.0
2023-04-28 01:00:00,182.0,677.0,200.0,647.0,155.0,15.0
2023-04-28 02:00:00,181.0,835.0,218.0,224.0,367.0,12.0
2023-04-28 03:00:00,181.0,980.0,236.0,7.0,387.0,14.0
2023-04-28 04:00:00,180.0,981.0,238.0,0.0,386.0,15.0
2023-04-28 05:00:00,185.0,982.0,237.0,0.0,385.0,34.0
2023-04-28 06:00:00,272.0,980.0,237.0,0.0,370.0,110.0
2023-04-28 07:00:00,201.0,768.0,232.0,0.0,359.0,182.0
2023-04-28 08:00:00,193.0,558.0,227.0,0.0,337.0,140.0
2023-04-28 09:00:00,191.0,503.0,214.0,0.0,329.0,142.0
2023-04-28 10:00:00,192.0,504.0,207.0,0.0,149.0,61.0
2023-04-28 11:00:00,191.0,505.0,200.0,0.0,146.0,71.0
2023-04-28 12:00:00,191.0,504.0,204.0,0.0,146.0,55.0
2023-04-28 13:00:00,192.0,504.0,216.0,0.0,146.0,67.0
2023-04-28 14:00:00,201.0,518.0,231.0,75.0,148.0,75.0
2023-04-28 15:00:00,192.0,494.0,200.0,496.0,151.0,66.0
2023-04-28 16:00:00,191.0,481.0,121.0,879.0,0.0,57.0
2023-04-28 17:00:00,190.0,481.0,101.0,1041.0,0.0,48.0
2023-04-28 18:00:00,190.0,480.0,102.0,1107.0,0.0,41.0
2023-04-28 19:00:00,190.0,481.0,102.0,1103.0,0.0,50.0
2023-04-28 20:00:00,190.0,481.0,102.0,1098.0,0.0,44.0
2023-04-28 21:00:00,190.0,480.0,104.0,1107.0,0.0,30.0
2023-04-28 22:00:00,189.0,481.0,115.0,1105.0,0.0,20.0
2023-04-28 23:00:00,189.0,530.0,116.0,1038.0,150.0,3.0
2023-04-29 00:00:00,190.0,602.0,183.0,907.0,152.0,0.0
2023-04-29 01:00:00,190.0,730.0,210.0,661.0,344.0,0.0
2023-04-29 02:00:00,191.0,979.0,237.0,240.0,548.0,0.0
2023-04-29 03:00:00,209.0,1198.0,245.0,7.0,524.0,7.0
2023-04-29 04:00:00,193.0,1159.0,246.0,0.0,523.0,17.0
2023-04-29 05:00:00,189.0,984.0,243.0,0.0,549.0,10.0
2023-04-29 06:00:00,190.0,981.0,246.0,0.0,574.0,7.0
2023-04-29 07:00:00,193.0,982.0,230.0,0.0,332.0,9.0
2023-04-29 08:00:00,182.0,967.0,217.0,0.0,339.0,6.0
2023-04-29 09:00:00,181.0,707.0,212.0,0.0,340.0,6.0
2023-04-29 10:00:00,182.0,682.0,209.0,0.0,341.0,4.0
2023-04-29 11:00:00,182.0,683.0,209.0,0.0,339.0,3.0
2023-04-29 12:00:00,182.0,667.0,209.0,0.0,338.0,4.0
2023-04-29 13:00:00,182.0,652.0,205.0,0.0,337.0,3.0
2023-04-29 14:00:00,181.0,502.0,187.0,82.0,338.0,6.0
2023-04-29 15:00:00,181.0,480.0,143.0,500.0,0.0,1.0
2023-04-29 16:00:00,181.0,481.0,101.0,878.0,0.0,0.0
2023-04-29 17:00:00,181.0,482.0,100.0,1032.0,0.0,0.0
2023-04-29 18:00:00,182.0,481.0,101.0,1102.0,0.0,0.0
2023-04-29 19:00:00,181.0,481.0,101.0,1096.0,0.0,0.0
2023-04-29 20:00:00,180.0,481.0,102.0,1093.0,0.0,2.0
2023-04-29 21:00:00,180.0,481.0,107.0,1105.0,0.0,2.0
2023-04-29 22:00:00,180.0,484.0,112.0,1090.0,0.0,4.0
2023-04-29 23:00:00,181.0,513.0,114.0,1015.0,0.0,4.0
2023-04-30 00:00:00,182.0,530.0,121.0,891.0,150.0,7.0
2023-04-30 01:00:00,182.0,783.0,198.0,604.0,326.0,17.0
2023-04-30 02:00:00,182.0,1018.0,230.0,148.0,514.0,35.0
2023-04-30 03:00:00,198.0,1025.0,239.0,6.0,522.0,53.0
2023-04-30 04:00:00,184.0,1026.0,231.0,0.0,522.0,42.0
2023-04-30 05:00:00,182.0,984.0,225.0,0.0,526.0,22.0
2023-04-30 06:00:00,181.0,910.0,226.0,0.0,524.0,26.0
2023-04-30 07:00:00,181.0,663.0,216.0,7.0,523.0,23.0
2023-04-30 08:00:00,181.0,699.0,172.0,1.0,523.0,26.0
2023-04-30 09:00:00,180.0,706.0,150.0,0.0,337.0,19.0
2023-04-30 10:00:00,181.0,677.0,156.0,0.0,378.0,29.0
2023-04-30 11:00:00,181.0,521.0,152.0,0.0,340.0,38.0
2023-04-30 12:00:00,181.0,495.0,184.0,0.0,339.0,39.0
2023-04-30 13:00:00,181.0,485.0,167.0,0.0,370.0,47.0
2023-04-30 14:00:00,182.0,515.0,127.0,81.0,156.0,69.0
2023-04-30 15:00:00,182.0,483.0,116.0,472.0,0.0,56.0
2023-04-30 16:00:00,181.0,462.0,106.0,862.0,0.0,36.0
2023-04-30 17:00:00,182.0,343.0,106.0,1026.0,0.0,54.0
2023-04-30 18:00:00,181.0,344.0,106.0,1101.0,0.0,144.0
2023-04-30 19:00:00,181.0,341.0,106.0,1114.0,0.0,118.0
2023-04-30 20:00:00,181.0,380.0,106.0,1102.0,0.0,114.0
2023-04-30 21:00:00,180.0,487.0,106.0,1120.0,0.0,128.0
2023-04-30 22:00:00,179.0,481.0,106.0,1019.0,0.0,125.0
2023-04-30 23:00:00,180.0,487.0,107.0,917.0,0.0,134.0
2023-05-01 00:00:00,181.0,483.0,121.0,858.0,0.0,174.0
2023-05-01 01:00:00,182.0,497.0,125.0,645.0,143.0,187.0
2023-05-01 02:00:00,189.0,657.0,189.0,236.0,150.0,185.0
2023-05-01 03:00:00,183.0,728.0,206.0,10.0,522.0,155.0
2023-05-01 04:00:00,181.0,607.0,212.0,1.0,524.0,118.0
2023-05-01 05:00:00,181.0,706.0,204.0,0.0,519.0,100.0
2023-05-01 06:00:00,181.0,569.0,197.0,0.0,522.0,65.0
2023-05-01 07:00:00,181.0,485.0,203.0,7.0,523.0,30.0
2023-05-01 08:00:00,181.0,530.0,176.0,0.0,344.0,69.0
2023-05-01 09:00:00,181.0,505.0,163.0,0.0,336.0,65.0
2023-05-01 10:00:00,181.0,495.0,153.0,0.0,335.0,52.0
2023-05-01 11:00:00,182.0,491.0,152.0,0.0,335.0,33.0
2023-05-01 12:00:00,182.0,482.0,165.0,0.0,334.0,22.0
2023-05-01 13:00:00,181.0,481.0,229.0,6.0,336.0,21.0
2023-05-01 14:00:00,181.0,482.0,230.0,98.0,333.0,15.0
2023-05-01 15:00:00,181.0,553.0,187.0,403.0,152.0,12.0
2023-05-01 16:00:00,180.0,486.0,146.0,614.0,151.0,10.0
2023-05-01 17:00:00,180.0,494.0,125.0,956.0,0.0,102.0
2023-05-01 18:00:00,180.0,503.0,122.0,1011.0,0.0,241.0
2023-05-01 19:00:00,181.0,507.0,119.0,1060.0,0.0,251.0
2023-05-01 20:00:00,182.0,482.0,120.0,1116.0,0.0,263.0
2023-05-01 21:00:00,182.0,483.0,110.0,1143.0,0.0,255.0
2023-05-01 22:00:00,181.0,488.0,112.0,1140.0,0.0,254.0
2023-05-01 23:00:00,181.0,507.0,119.0,1018.0,0.0,230.0
2023-05-02 00:00:00,181.0,508.0,141.0,916.0,0.0,228.0
2023-05-02 01:00:00,181.0,664.0,167.0,701.0,0.0,219.0
2023-05-02 02:00:00,181.0,793.0,226.0,265.0,320.0,198.0
2023-05-02 03:00:00,181.0,901.0,232.0,9.0,559.0,180.0
2023-05-02 04:00:00,181.0,972.0,238.0,0.0,557.0,227.0
2023-05-02 05:00:00,181.0,680.0,233.0,5.0,493.0,157.0
2023-05-02 06:00:00,183.0,469.0,241.0,2.0,485.0,152.0
2023-05-02 07:00:00,221.0,378.0,228.0,0.0,337.0,207.0
2023-05-02 08:00:00,186.0,308.0,175.0,3.0,337.0,238.0
2023-05-02 09:00:00,182.0,308.0,151.0,2.0,339.0,240.0
2023-05-02 10:00:00,181.0,308.0,149.0,0.0,338.0,247.0
2023-05-02 11:00:00,181.0,320.0,135.0,0.0,338.0,256.0
2023-05-02 12:00:00,181.0,320.0,145.0,0.0,338.0,218.0
2023-05-02 13:00:00,183.0,332.0,224.0,5.0,340.0,212.0
2023-05-02 14:00:00,232.0,463.0,229.0,67.0,340.0,194.0
2023-05-02 15:00:00,186.0,425.0,208.0,384.0,357.0,60.0
2023-05-02 16:00:00,185.0,452.0,152.0,852.0,160.0,141.0
2023-05-02 17:00:00,200.0,369.0,145.0,1065.0,152.0,153.0
2023-05-02 18:00:00,211.0,324.0,133.0,1106.0,151.0,171.0
2023-05-02 19:00:00,185.0,311.0,109.0,1124.0,150.0,206.0
2023-05-02 20:00:00,182.0,325.0,106.0,1144.0,150.0,218.0
2023-05-02 21:00:00,183.0,309.0,105.0,1133.0,0.0,224.0
2023-05-02 22:00:00,214.0,381.0,105.0,1095.0,0.0,213.0
2023-05-02 23:00:00,185.0,409.0,110.0,1028.0,0.0,202.0
2023-05-03 00:00:00,182.0,458.0,119.0,943.0,139.0,168.0
2023-05-03 01:00:00,181.0,542.0,149.0,598.0,152.0,138.0
2023-05-03 02:00:00,181.0,647.0,214.0,228.0,152.0,126.0
2023-05-03 03:00:00,182.0,950.0,225.0,10.0,338.0,110.0
2023-05-03 04:00:00,181.0,1035.0,232.0,0.0,337.0,73.0
2023-05-03 05:00:00,181.0,1029.0,239.0,0.0,338.0,55.0
2023-05-03 06:00:00,182.0,934.0,242.0,0.0,338.0,39.0
2023-05-03 07:00:00,182.0,627.0,232.0,0.0,159.0,38.0
2023-05-03 08:00:00,182.0,568.0,171.0,6.0,152.0,31.0
2023-05-03 09:00:00,181.0,643.0,154.0,1.0,152.0,10.0
2023-05-03 10:00:00,181.0,677.0,146.0,0.0,151.0,5.0
2023-05-03 11:00:00,181.0,746.0,142.0,0.0,134.0,9.0
2023-05-03 12:00:00,182.0,573.0,143.0,0.0,231.0,3.0
2023-05-03 13:00:00,192.0,706.0,166.0,0.0,231.0,1.0
2023-05-03 14:00:00,268.0,717.0,217.0,101.0,228.0,0.0
2023-05-03 15:00:00,270.0,476.0,144.0,548.0,47.0,0.0
2023-05-03 16:00:00,270.0,446.0,107.0,922.0,42.0,13.0
2023-05-03 17:00:00,270.0,445.0,103.0,1065.0,0.0,87.0
2023-05-03 18:00:00,270.0,450.0,102.0,1009.0,0.0,121.0
2023-05-03 19:00:00,220.0,447.0,102.0,1063.0,0.0,42.0
2023-05-03 20:00:00,182.0,446.0,104.0,1070.0,0.0,47.0
2023-05-03 21:00:00,181.0,449.0,112.0,1059.0,0.0,30.0
2023-05-03 22:00:00,181.0,528.0,110.0,1024.0,0.0,14.0
2023-05-03 23:00:00,180.0,494.0,109.0,916.0,0.0,172.0
2023-05-04 00:00:00,179.0,500.0,138.0,842.0,0.0,107.0
2023-05-04 01:00:00,180.0,552.0,157.0,412.0,145.0,133.0
2023-05-04 02:00:00,181.0,749.0,215.0,117.0,357.0,216.0
2023-05-04 03:00:00,181.0,705.0,223.0,8.0,464.0,188.0
2023-05-04 04:00:00,181.0,789.0,224.0,7.0,464.0,70.0
2023-05-04 05:00:00,181.0,766.0,229.0,0.0,345.0,6.0
2023-05-04 06:00:00,182.0,631.0,198.0,0.0,335.0,7.0
2023-05-04 07:00:00,182.0,518.0,169.0,0.0,154.0,11.0
2023-05-04 08:00:00,190.0,492.0,167.0,0.0,143.0,12.0
2023-05-04 09:00:00,189.0,482.0,169.0,0.0,142.0,5.0
2023-05-04 10:00:00,189.0,483.0,167.0,0.0,142.0,2.0
2023-05-04 11:00:00,189.0,482.0,168.0,0.0,142.0,1.0
2023-05-04 12:00:00,189.0,483.0,169.0,0.0,148.0,0.0
2023-05-04 13:00:00,189.0,482.0,174.0,0.0,329.0,0.0
2023-05-04 14:00:00,258.0,557.0,213.0,26.0,328.0,2.0
2023-05-04 15:00:00,279.0,677.0,202.0,106.0,143.0,1.0
2023-05-04 16:00:00,278.0,586.0,146.0,585.0,140.0,43.0
2023-05-04 17:00:00,279.0,516.0,123.0,814.0,142.0,82.0
2023-05-04 18:00:00,279.0,536.0,132.0,920.0,0.0,178.0
2023-05-04 19:00:00,234.0,487.0,137.0,911.0,0.0,213.0
2023-05-04 20:00:00,191.0,481.0,133.0,964.0,0.0,235.0
2023-05-04 21:00:00,189.0,483.0,134.0,627.0,0.0,248.0
2023-05-04 22:00:00,189.0,536.0,115.0,909.0,0.0,259.0
2023-05-04 23:00:00,189.0,530.0,117.0,850.0,0.0,267.0
2023-05-05 00:00:00,189.0,483.0,143.0,759.0,0.0,253.0
2023-05-05 01:00:00,188.0,490.0,152.0,501.0,123.0,239.0
2023-05-05 02:00:00,189.0,597.0,157.0,216.0,320.0,179.0
2023-05-05 03:00:00,188.0,692.0,158.0,19.0,498.0,110.0
2023-05-05 04:00:00,188.0,704.0,162.0,3.0,517.0,50.0
2023-05-05 05:00:00,189.0,664.0,158.0,4.0,514.0,83.0
2023-05-05 06:00:00,190.0,615.0,165.0,1.0,329.0,68.0
2023-05-05 07:00:00,189.0,498.0,161.0,0.0,328.0,71.0
2023-05-05 08:00:00,190.0,508.0,165.0,0.0,328.0,37.0
2023-05-05 09:00:00,190.0,482.0,157.0,0.0,327.0,13.0
2023-05-05 10:00:00,190.0,481.0,151.0,0.0,329.0,9.0
2023-05-05 11:00:00,190.0,482.0,149.0,0.0,328.0,17.0
2023-05-05 12:00:00,190.0,490.0,149.0,0.0,330.0,25.0
2023-05-05 13:00:00,189.0,490.0,158.0,0.0,328.0,24.0
2023-05-05 14:00:00,189.0,503.0,158.0,112.0,146.0,16.0
2023-05-05 15:00:00,189.0,484.0,148.0,531.0,126.0,8.0
2023-05-05 16:00:00,190.0,499.0,141.0,764.0,0.0,22.0
2023-05-05 17:00:00,190.0,482.0,142.0,989.0,0.0,69.0
2023-05-05 18:00:00,190.0,482.0,126.0,1037.0,0.0,95.0
2023-05-05 19:00:00,190.0,483.0,120.0,1070.0,0.0,172.0
2023-05-05 20:00:00,189.0,481.0,114.0,1104.0,0.0,150.0
2023-05-05 21:00:00,189.0,482.0,118.0,1030.0,0.0,202.0
2023-05-05 22:00:00,188.0,482.0,114.0,1108.0,0.0,184.0
2023-05-05 23:00:00,190.0,526.0,118.0,1089.0,0.0,115.0
2023-05-06 00:00:00,191.0,489.0,124.0,973.0,0.0,122.0
2023-05-06 01:00:00,190.0,483.0,147.0,737.0,28.0,43.0
2023-05-06 02:00:00,190.0,512.0,154.0,283.0,449.0,76.0
2023-05-06 03:00:00,190.0,642.0,166.0,10.0,704.0,99.0
2023-05-06 04:00:00,189.0,709.0,165.0,4.0,703.0,97.0
2023-05-06 05:00:00,189.0,697.0,165.0,0.0,698.0,89.0
2023-05-06 06:00:00,190.0,564.0,171.0,0.0,700.0,67.0
2023-05-06 07:00:00,191.0,482.0,170.0,3.0,694.0,64.0
2023-05-06 08:00:00,181.0,340.0,157.0,0.0,706.0,49.0
2023-05-06 09:00:00,183.0,340.0,152.0,0.0,521.0,36.0
2023-05-06 10:00:00,218.0,342.0,145.0,0.0,518.0,45.0
2023-05-06 11:00:00,186.0,342.0,145.0,0.0,518.0,50.0
2023-05-06 12:00:00,183.0,341.0,141.0,0.0,333.0,40.0
2023-05-06 13:00:00,191.0,343.0,140.0,0.0,332.0,41.0
2023-05-06 14:00:00,184.0,342.0,146.0,122.0,332.0,28.0
2023-05-06 15:00:00,184.0,337.0,120.0,529.0,0.0,24.0
2023-05-06 16:00:00,212.0,339.0,104.0,862.0,0.0,23.0
2023-05-06 17:00:00,185.0,338.0,105.0,1029.0,0.0,22.0
2023-05-06 18:00:00,182.0,339.0,104.0,1123.0,0.0,99.0
2023-05-06 19:00:00,182.0,340.0,105.0,1141.0,0.0,106.0
2023-05-06 20:00:00,181.0,362.0,105.0,1121.0,0.0,142.0
2023-05-06 21:00:00,180.0,375.0,105.0,1052.0,0.0,140.0
2023-05-06 22:00:00,180.0,374.0,105.0,805.0,0.0,180.0
2023-05-06 23:00:00,184.0,376.0,105.0,527.0,0.0,266.0
2023-05-07 00:00:00,260.0,344.0,105.0,406.0,0.0,272.0
2023-05-07 01:00:00,194.0,340.0,117.0,382.0,0.0,261.0
2023-05-07 02:00:00,182.0,344.0,137.0,119.0,308.0,215.0
2023-05-07 03:00:00,181.0,340.0,144.0,6.0,710.0,178.0
2023-05-07 04:00:00,181.0,381.0,148.0,2.0,707.0,137.0
2023-05-07 05:00:00,181.0,339.0,143.0,1.0,705.0,38.0
2023-05-07 06:00:00,181.0,368.0,161.0,2.0,705.0,9.0
2023-05-07 07:00:00,181.0,362.0,154.0,0.0,704.0,12.0
2023-05-07 08:00:00,190.0,340.0,135.0,0.0,701.0,14.0
2023-05-07 09:00:00,189.0,340.0,129.0,1.0,701.0,19.0
2023-05-07 10:00:00,190.0,340.0,127.0,0.0,701.0,20.0
2023-05-07 11:00:00,191.0,341.0,134.0,0.0,702.0,22.0
2023-05-07 12:00:00,192.0,341.0,133.0,0.0,705.0,21.0
2023-05-07 13:00:00,190.0,341.0,133.0,0.0,524.0,21.0
2023-05-07 14:00:00,190.0,340.0,119.0,109.0,334.0,20.0
2023-05-07 15:00:00,189.0,340.0,111.0,563.0,143.0,16.0
2023-05-07 16:00:00,189.0,340.0,107.0,923.0,0.0,13.0
2023-05-07 17:00:00,190.0,341.0,104.0,1065.0,0.0,10.0
2023-05-07 18:00:00,190.0,340.0,104.0,1124.0,0.0,10.0
2023-05-07 19:00:00,190.0,341.0,105.0,1128.0,0.0,23.0
2023-05-07 20:00:00,190.0,339.0,104.0,1124.0,0.0,57.0
2023-05-07 21:00:00,211.0,340.0,105.0,1126.0,0.0,84.0
2023-05-07 22:00:00,193.0,338.0,104.0,1126.0,0.0,75.0
2023-05-07 23:00:00,190.0,403.0,104.0,1066.0,0.0,63.0
2023-05-08 00:00:00,189.0,412.0,104.0,946.0,0.0,64.0
2023-05-08 01:00:00,189.0,415.0,108.0,726.0,324.0,62.0
2023-05-08 02:00:00,189.0,414.0,123.0,290.0,335.0,89.0
2023-05-08 03:00:00,189.0,442.0,135.0,15.0,700.0,96.0
2023-05-08 04:00:00,190.0,527.0,135.0,4.0,727.0,50.0
2023-05-08 05:00:00,191.0,496.0,123.0,0.0,699.0,76.0
2023-05-08 06:00:00,190.0,550.0,149.0,0.0,518.0,71.0
2023-05-08 07:00:00,190.0,487.0,138.0,4.0,506.0,51.0
2023-05-08 08:00:00,190.0,502.0,133.0,0.0,136.0,44.0
2023-05-08 09:00:00,189.0,504.0,132.0,0.0,136.0,28.0
2023-05-08 10:00:00,189.0,505.0,127.0,0.0,136.0,27.0
2023-05-08 11:00:00,190.0,502.0,128.0,0.0,135.0,22.0
2023-05-08 12:00:00,190.0,339.0,128.0,0.0,323.0,14.0
2023-05-08 13:00:00,190.0,414.0,136.0,0.0,324.0,14.0
2023-05-08 14:00:00,189.0,441.0,151.0,112.0,327.0,8.0
2023-05-08 15:00:00,189.0,341.0,146.0,547.0,325.0,18.0
2023-05-08 16:00:00,189.0,340.0,134.0,906.0,145.0,15.0
2023-05-08 17:00:00,189.0,340.0,125.0,1055.0,0.0,39.0
2023-05-08 18:00:00,190.0,341.0,124.0,1133.0,0.0,126.0
2023-05-08 19:00:00,202.0,339.0,124.0,1139.0,0.0,121.0
2023-05-08 20:00:00,192.0,366.0,126.0,1138.0,0.0,171.0
2023-05-08 21:00:00,190.0,398.0,124.0,1138.0,0.0,191.0
2023-05-08 22:00:00,189.0,419.0,124.0,1139.0,0.0,229.0
2023-05-08 23:00:00,189.0,436.0,122.0,1077.0,0.0,261.0
2023-05-09 00:00:00,189.0,404.0,122.0,949.0,0.0,267.0
2023-05-09 01:00:00,189.0,420.0,129.0,708.0,132.0,261.0
2023-05-09 02:00:00,189.0,640.0,151.0,288.0,311.0,210.0
2023-05-09 03:00:00,189.0,805.0,156.0,18.0,511.0,122.0
2023-05-09 04:00:00,189.0,932.0,160.0,0.0,515.0,137.0
2023-05-09 05:00:00,188.0,890.0,156.0,6.0,509.0,106.0
2023-05-09 06:00:00,188.0,834.0,156.0,0.0,329.0,101.0
2023-05-09 07:00:00,188.0,528.0,155.0,1.0,326.0,98.0
2023-05-09 08:00:00,189.0,479.0,162.0,0.0,325.0,139.0
2023-05-09 09:00:00,189.0,481.0,162.0,0.0,326.0,112.0
2023-05-09 10:00:00,189.0,465.0,160.0,0.0,327.0,104.0
2023-05-09 11:00:00,190.0,341.0,160.0,0.0,330.0,129.0
2023-05-09 12:00:00,190.0,340.0,160.0,0.0,330.0,116.0
2023-05-09 13:00:00,188.0,346.0,162.0,1.0,330.0,97.0
2023-05-09 14:00:00,188.0,352.0,155.0,120.0,327.0,62.0
2023-05-09 15:00:00,189.0,340.0,137.0,554.0,147.0,46.0
2023-05-09 16:00:00,189.0,342.0,126.0,884.0,143.0,11.0
2023-05-09 17:00:00,189.0,340.0,126.0,1059.0,144.0,6.0
2023-05-09 18:00:00,191.0,342.0,126.0,1127.0,0.0,5.0
2023-05-09 19:00:00,262.0,341.0,126.0,1128.0,0.0,12.0
2023-05-09 20:00:00,251.0,342.0,126.0,1128.0,0.0,32.0
2023-05-09 21:00:00,195.0,341.0,126.0,1139.0,141.0,51.0
2023-05-09 22:00:00,190.0,378.0,126.0,1068.0,145.0,64.0
2023-05-09 23:00:00,189.0,427.0,122.0,725.0,145.0,56.0
2023-05-10 00:00:00,189.0,405.0,118.0,590.0,146.0,65.0
2023-05-10 01:00:00,189.0,390.0,121.0,426.0,310.0,70.0
2023-05-10 02:00:00,189.0,548.0,137.0,107.0,516.0,42.0
2023-05-10 03:00:00,189.0,751.0,136.0,12.0,517.0,25.0
2023-05-10 04:00:00,189.0,823.0,137.0,0.0,517.0,32.0
2023-05-10 05:00:00,188.0,765.0,132.0,5.0,517.0,29.0
2023-05-10 06:00:00,189.0,721.0,166.0,2.0,515.0,29.0
2023-05-10 07:00:00,189.0,543.0,168.0,0.0,333.0,28.0
2023-05-10 08:00:00,181.0,533.0,157.0,0.0,149.0,28.0
2023-05-10 09:00:00,180.0,480.0,159.0,0.0,149.0,55.0
2023-05-10 10:00:00,181.0,481.0,156.0,0.0,149.0,50.0
2023-05-10 11:00:00,182.0,481.0,156.0,0.0,149.0,29.0
2023-05-10 12:00:00,181.0,480.0,152.0,0.0,148.0,23.0
2023-05-10 13:00:00,183.0,483.0,156.0,0.0,149.0,20.0
2023-05-10 14:00:00,223.0,522.0,155.0,114.0,149.0,27.0
2023-05-10 15:00:00,185.0,482.0,127.0,551.0,0.0,21.0
2023-05-10 16:00:00,182.0,468.0,125.0,910.0,0.0,26.0
2023-05-10 17:00:00,181.0,466.0,122.0,1062.0,0.0,46.0
2023-05-10 18:00:00,182.0,531.0,112.0,1140.0,0.0,42.0
2023-05-10 19:00:00,181.0,573.0,108.0,1145.0,0.0,31.0
2023-05-10 20:00:00,180.0,570.0,108.0,1144.0,0.0,75.0
2023-05-10 21:00:00,180.0,559.0,108.0,1143.0,0.0,150.0
2023-05-10 22:00:00,181.0,561.0,107.0,1092.0,0.0,77.0
2023-05-10 23:00:00,181.0,635.0,113.0,1083.0,0.0,83.0
2023-05-11 00:00:00,181.0,670.0,122.0,956.0,0.0,32.0
2023-05-11 01:00:00,181.0,589.0,128.0,725.0,146.0,87.0
2023-05-11 02:00:00,181.0,575.0,145.0,299.0,150.0,66.0
2023-05-11 03:00:00,181.0,570.0,156.0,19.0,507.0,27.0
2023-05-11 04:00:00,181.0,592.0,156.0,4.0,544.0,27.0
2023-05-11 05:00:00,181.0,544.0,162.0,0.0,617.0,23.0
2023-05-11 06:00:00,181.0,482.0,169.0,2.0,375.0,21.0
2023-05-11 07:00:00,181.0,482.0,159.0,0.0,336.0,20.0
2023-05-11 08:00:00,181.0,482.0,160.0,0.0,151.0,23.0
2023-05-11 09:00:00,180.0,482.0,156.0,0.0,149.0,22.0
2023-05-11 10:00:00,181.0,483.0,154.0,0.0,149.0,21.0
2023-05-11 11:00:00,182.0,482.0,153.0,0.0,148.0,19.0
2023-05-11 12:00:00,182.0,481.0,149.0,0.0,148.0,16.0
2023-05-11 13:00:00,181.0,493.0,153.0,1.0,149.0,14.0
2023-05-11 14:00:00,181.0,647.0,154.0,127.0,151.0,11.0
2023-05-11 15:00:00,181.0,480.0,129.0,570.0,0.0,7.0
2023-05-11 16:00:00,181.0,481.0,122.0,912.0,0.0,4.0
2023-05-11 17:00:00,182.0,470.0,122.0,1054.0,0.0,0.0
2023-05-11 18:00:00,181.0,512.0,121.0,1126.0,0.0,6.0
2023-05-11 19:00:00,181.0,649.0,118.0,1128.0,0.0,19.0
2023-05-11 20:00:00,181.0,809.0,118.0,1126.0,0.0,18.0
2023-05-11 21:00:00,181.0,821.0,118.0,1127.0,0.0,33.0
2023-05-11 22:00:00,181.0,816.0,118.0,1113.0,0.0,28.0
2023-05-11 23:00:00,180.0,804.0,118.0,1032.0,0.0,39.0
2023-05-12 00:00:00,181.0,801.0,119.0,915.0,0.0,47.0
2023-05-12 01:00:00,181.0,784.0,130.0,688.0,147.0,52.0
2023-05-12 02:00:00,181.0,856.0,152.0,290.0,152.0,38.0
2023-05-12 03:00:00,181.0,959.0,157.0,18.0,386.0,47.0
2023-05-12 04:00:00,181.0,989.0,160.0,6.0,617.0,59.0
2023-05-12 05:00:00,181.0,1032.0,167.0,1.0,630.0,53.0
2023-05-12 06:00:00,181.0,845.0,167.0,0.0,632.0,59.0
2023-05-12 07:00:00,181.0,494.0,161.0,0.0,631.0,32.0
2023-05-12 08:00:00,189.0,338.0,159.0,0.0,627.0,17.0
2023-05-12 09:00:00,188.0,339.0,155.0,0.0,627.0,16.0
2023-05-12 10:00:00,189.0,337.0,149.0,0.0,626.0,14.0
2023-05-12 11:00:00,190.0,336.0,144.0,0.0,626.0,11.0
2023-05-12 12:00:00,189.0,368.0,145.0,0.0,627.0,4.0
2023-05-12 13:00:00,189.0,494.0,151.0,1.0,630.0,2.0
2023-05-12 14:00:00,189.0,455.0,148.0,126.0,624.0,1.0
2023-05-12 15:00:00,189.0,375.0,136.0,559.0,374.0,0.0
2023-05-12 16:00:00,189.0,341.0,108.0,896.0,150.0,7.0
2023-05-12 17:00:00,189.0,338.0,109.0,1048.0,0.0,24.0
2023-05-12 18:00:00,188.0,338.0,109.0,1115.0,0.0,58.0
2023-05-12 19:00:00,188.0,338.0,117.0,1119.0,0.0,80.0
2023-05-12 20:00:00,188.0,336.0,120.0,1116.0,0.0,104.0
2023-05-12 21:00:00,188.0,337.0,120.0,1115.0,0.0,143.0
2023-05-12 22:00:00,188.0,362.0,116.0,1105.0,0.0,116.0
2023-05-12 23:00:00,210.0,366.0,128.0,1036.0,0.0,78.0
2023-05-13 00:00:00,192.0,430.0,142.0,909.0,148.0,72.0
2023-05-13 01:00:00,187.0,554.0,139.0,682.0,355.0,129.0
2023-05-13 02:00:00,187.0,719.0,150.0,278.0,620.0,86.0
2023-05-13 03:00:00,187.0,1017.0,150.0,18.0,628.0,61.0
2023-05-13 04:00:00,189.0,1019.0,150.0,0.0,628.0,63.0
2023-05-13 05:00:00,189.0,1024.0,154.0,1.0,626.0,81.0
2023-05-13 06:00:00,190.0,894.0,164.0,1.0,625.0,82.0
2023-05-13 07:00:00,190.0,619.0,161.0,6.0,624.0,57.0
2023-05-13 08:00:00,182.0,619.0,156.0,0.0,340.0,26.0
2023-05-13 09:00:00,181.0,527.0,150.0,0.0,338.0,21.0
2023-05-13 10:00:00,181.0,480.0,144.0,0.0,340.0,15.0
2023-05-13 11:00:00,182.0,482.0,144.0,0.0,340.0,10.0
2023-05-13 12:00:00,182.0,481.0,142.0,0.0,339.0,8.0
2023-05-13 13:00:00,181.0,481.0,136.0,1.0,338.0,3.0
2023-05-13 14:00:00,181.0,480.0,111.0,119.0,156.0,5.0
2023-05-13 15:00:00,181.0,480.0,106.0,520.0,0.0,7.0
2023-05-13 16:00:00,181.0,488.0,107.0,839.0,0.0,2.0
2023-05-13 17:00:00,181.0,482.0,106.0,982.0,0.0,19.0
2023-05-13 18:00:00,181.0,480.0,106.0,1051.0,0.0,33.0
2023-05-13 19:00:00,181.0,480.0,106.0,1055.0,0.0,45.0
2023-05-13 20:00:00,181.0,479.0,105.0,1052.0,0.0,65.0
2023-05-13 21:00:00,179.0,482.0,110.0,1054.0,0.0,139.0
2023-05-13 22:00:00,180.0,480.0,118.0,1043.0,0.0,232.0
2023-05-13 23:00:00,181.0,481.0,107.0,954.0,0.0,168.0
2023-05-14 00:00:00,182.0,480.0,120.0,760.0,151.0,75.0
2023-05-14 01:00:00,183.0,482.0,131.0,605.0,340.0,18.0
2023-05-14 02:00:00,216.0,563.0,154.0,264.0,526.0,18.0
2023-05-14 03:00:00,222.0,718.0,156.0,20.0,616.0,51.0
2023-05-14 04:00:00,254.0,713.0,156.0,8.0,526.0,46.0
2023-05-14 05:00:00,190.0,725.0,145.0,0.0,524.0,17.0
2023-05-14 06:00:00,182.0,728.0,165.0,0.0,523.0,14.0
2023-05-14 07:00:00,182.0,670.0,164.0,0.0,525.0,73.0
2023-05-14 08:00:00,203.0,491.0,158.0,0.0,621.0,92.0
2023-05-14 09:00:00,183.0,493.0,159.0,0.0,628.0,75.0
2023-05-14 10:00:00,180.0,481.0,146.0,0.0,628.0,9.0
2023-05-14 11:00:00,181.0,482.0,142.0,0.0,628.0,7.0
2023-05-14 12:00:00,181.0,480.0,141.0,1.0,625.0,5.0
2023-05-14 13:00:00,181.0,480.0,137.0,1.0,393.0,11.0
2023-05-14 14:00:00,181.0,480.0,110.0,120.0,154.0,11.0
2023-05-14 15:00:00,181.0,480.0,110.0,515.0,0.0,27.0
2023-05-14 16:00:00,181.0,480.0,112.0,833.0,0.0,7.0
2023-05-14 17:00:00,180.0,481.0,107.0,950.0,0.0,44.0
2023-05-14 18:00:00,180.0,511.0,107.0,999.0,0.0,12.0
2023-05-14 19:00:00,181.0,548.0,106.0,1023.0,0.0,33.0
2023-05-14 20:00:00,183.0,480.0,106.0,1035.0,0.0,47.0
2023-05-14 21:00:00,182.0,480.0,105.0,974.0,0.0,61.0
2023-05-14 22:00:00,181.0,503.0,104.0,964.0,0.0,169.0
2023-05-14 23:00:00,179.0,482.0,122.0,923.0,0.0,68.0
2023-05-15 00:00:00,182.0,485.0,136.0,854.0,152.0,151.0
2023-05-15 01:00:00,179.0,486.0,166.0,604.0,152.0,96.0
2023-05-15 02:00:00,179.0,566.0,169.0,266.0,516.0,161.0
2023-05-15 03:00:00,191.0,945.0,167.0,20.0,527.0,105.0
2023-05-15 04:00:00,243.0,1025.0,161.0,5.0,526.0,53.0
2023-05-15 05:00:00,201.0,977.0,159.0,1.0,525.0,11.0
2023-05-15 06:00:00,198.0,965.0,165.0,1.0,523.0,13.0
2023-05-15 07:00:00,212.0,759.0,162.0,0.0,527.0,8.0
2023-05-15 08:00:00,185.0,733.0,164.0,0.0,344.0,1.0
2023-05-15 09:00:00,183.0,519.0,155.0,0.0,339.0,1.0
2023-05-15 10:00:00,217.0,482.0,147.0,0.0,154.0,0.0
2023-05-15 11:00:00,185.0,481.0,145.0,0.0,154.0,0.0
2023-05-15 12:00:00,182.0,495.0,151.0,0.0,155.0,0.0
2023-05-15 13:00:00,181.0,674.0,155.0,1.0,156.0,0.0
2023-05-15 14:00:00,181.0,602.0,138.0,123.0,154.0,0.0
2023-05-15 15:00:00,181.0,491.0,125.0,506.0,152.0,0.0
2023-05-15 16:00:00,181.0,482.0,118.0,828.0,152.0,0.0
2023-05-15 17:00:00,181.0,484.0,116.0,941.0,152.0,0.0
2023-05-15 18:00:00,181.0,333.0,115.0,997.0,151.0,0.0
2023-05-15 19:00:00,181.0,308.0,113.0,1034.0,152.0,1.0
2023-05-15 20:00:00,181.0,308.0,114.0,1022.0,152.0,0.0
2023-05-15 21:00:00,180.0,375.0,122.0,985.0,152.0,11.0
2023-05-15 22:00:00,180.0,497.0,114.0,894.0,152.0,29.0
2023-05-15 23:00:00,181.0,572.0,126.0,786.0,164.0,44.0
2023-05-16 00:00:00,182.0,785.0,146.0,800.0,152.0,34.0
2023-05-16 01:00:00,181.0,1084.0,184.0,534.0,159.0,27.0
2023-05-16 02:00:00,178.0,1325.0,227.0,225.0,366.0,15.0
2023-05-16 03:00:00,183.0,1486.0,239.0,20.0,605.0,12.0
2023-05-16 04:00:00,289.0,1411.0,237.0,0.0,365.0,19.0
2023-05-16 05:00:00,226.0,1301.0,232.0,0.0,338.0,14.0
2023-05-16 06:00:00,211.0,1290.0,242.0,0.0,160.0,7.0
2023-05-16 07:00:00,185.0,1087.0,242.0,0.0,153.0,5.0
2023-05-16 08:00:00,190.0,465.0,233.0,0.0,153.0,4.0
2023-05-16 09:00:00,182.0,491.0,217.0,2.0,153.0,5.0
2023-05-16 10:00:00,181.0,401.0,166.0,1.0,153.0,8.0
2023-05-16 11:00:00,181.0,302.0,152.0,5.0,152.0,6.0
2023-05-16 12:00:00,182.0,385.0,206.0,0.0,152.0,3.0
2023-05-16 13:00:00,181.0,496.0,228.0,0.0,153.0,1.0
2023-05-16 14:00:00,181.0,535.0,234.0,86.0,152.0,1.0
2023-05-16 15:00:00,181.0,506.0,203.0,327.0,152.0,0.0
2023-05-16 16:00:00,181.0,475.0,138.0,610.0,153.0,0.0
2023-05-16 17:00:00,181.0,347.0,125.0,781.0,153.0,0.0
2023-05-16 18:00:00,181.0,309.0,124.0,976.0,153.0,0.0
2023-05-16 19:00:00,180.0,359.0,135.0,1010.0,154.0,0.0
2023-05-16 20:00:00,180.0,455.0,147.0,990.0,154.0,1.0
2023-05-16 21:00:00,180.0,519.0,149.0,915.0,154.0,1.0
2023-05-16 22:00:00,180.0,596.0,152.0,850.0,154.0,28.0
2023-05-16 23:00:00,183.0,579.0,153.0,690.0,154.0,153.0
2023-05-17 00:00:00,216.0,694.0,209.0,527.0,154.0,45.0
2023-05-17 01:00:00,185.0,931.0,235.0,206.0,165.0,9.0
2023-05-17 02:00:00,179.0,1037.0,242.0,249.0,356.0,18.0
2023-05-17 03:00:00,179.0,1117.0,251.0,29.0,603.0,17.0
2023-05-17 04:00:00,186.0,1257.0,249.0,0.0,525.0,21.0
2023-05-17 05:00:00,251.0,1095.0,235.0,0.0,350.0,40.0
2023-05-17 06:00:00,190.0,1062.0,241.0,3.0,340.0,17.0
2023-05-17 07:00:00,182.0,872.0,231.0,4.0,157.0,10.0
2023-05-17 08:00:00,190.0,950.0,161.0,1.0,147.0,11.0
2023-05-17 09:00:00,190.0,852.0,144.0,0.0,147.0,10.0
2023-05-17 10:00:00,190.0,857.0,131.0,0.0,147.0,7.0
2023-05-17 11:00:00,190.0,926.0,135.0,0.0,147.0,5.0
2023-05-17 12:00:00,190.0,1011.0,171.0,0.0,148.0,6.0
2023-05-17 13:00:00,190.0,1025.0,217.0,2.0,147.0,3.0
2023-05-17 14:00:00,191.0,809.0,216.0,141.0,146.0,5.0
2023-05-17 15:00:00,191.0,397.0,143.0,554.0,146.0,2.0
2023-05-17 16:00:00,193.0,402.0,122.0,870.0,148.0,2.0
2023-05-17 17:00:00,267.0,400.0,119.0,1013.0,0.0,0.0
2023-05-17 18:00:00,210.0,400.0,119.0,1083.0,0.0,0.0
2023-05-17 19:00:00,268.0,405.0,120.0,1087.0,0.0,0.0
2023-05-17 20:00:00,201.0,486.0,119.0,1066.0,0.0,0.0
2023-05-17 21:00:00,191.0,710.0,138.0,940.0,0.0,17.0
2023-05-17 22:00:00,190.0,803.0,154.0,797.0,0.0,171.0
2023-05-17 23:00:00,190.0,863.0,136.0,904.0,0.0,120.0
2023-05-18 00:00:00,190.0,1067.0,163.0,823.0,150.0,37.0
2023-05-18 01:00:00,189.0,1115.0,210.0,625.0,150.0,21.0
2023-05-18 02:00:00,189.0,1144.0,244.0,289.0,313.0,20.0
2023-05-18 03:00:00,189.0,1217.0,255.0,23.0,525.0,39.0
2023-05-18 04:00:00,189.0,1219.0,243.0,0.0,522.0,41.0
2023-05-18 05:00:00,190.0,1220.0,250.0,0.0,522.0,24.0
2023-05-18 06:00:00,190.0,1032.0,246.0,0.0,519.0,17.0
2023-05-18 07:00:00,190.0,579.0,185.0,2.0,523.0,17.0
2023-05-18 08:00:00,190.0,486.0,146.0,3.0,342.0,14.0
2023-05-18 09:00:00,190.0,473.0,133.0,1.0,386.0,14.0
2023-05-18 10:00:00,191.0,480.0,124.0,0.0,389.0,12.0
2023-05-18 11:00:00,191.0,489.0,122.0,0.0,389.0,10.0
2023-05-18 12:00:00,190.0,489.0,126.0,0.0,389.0,13.0
2023-05-18 13:00:00,192.0,626.0,174.0,1.0,390.0,28.0
2023-05-18 14:00:00,225.0,715.0,196.0,133.0,154.0,14.0
2023-05-18 15:00:00,193.0,627.0,148.0,557.0,150.0,6.0
2023-05-18 16:00:00,191.0,596.0,132.0,867.0,0.0,5.0
2023-05-18 17:00:00,190.0,596.0,120.0,1002.0,0.0,6.0
2023-05-18 18:00:00,189.0,596.0,120.0,1074.0,0.0,4.0
2023-05-18 19:00:00,190.0,596.0,120.0,1083.0,0.0,4.0
2023-05-18 20:00:00,190.0,595.0,120.0,1086.0,0.0,8.0
2023-05-18 21:00:00,189.0,595.0,120.0,981.0,0.0,14.0
2023-05-18 22:00:00,189.0,595.0,139.0,1039.0,0.0,31.0
2023-05-18 23:00:00,189.0,597.0,164.0,970.0,0.0,45.0
2023-05-19 00:00:00,190.0,597.0,165.0,811.0,149.0,56.0
2023-05-19 01:00:00,189.0,659.0,174.0,703.0,152.0,74.0
2023-05-19 02:00:00,189.0,817.0,242.0,312.0,153.0,123.0
2023-05-19 03:00:00,190.0,1032.0,250.0,21.0,539.0,80.0
2023-05-19 04:00:00,190.0,1194.0,250.0,0.0,525.0,36.0
2023-05-19 05:00:00,190.0,1222.0,243.0,0.0,523.0,21.0
2023-05-19 06:00:00,190.0,1043.0,240.0,1.0,523.0,21.0
2023-05-19 07:00:00,190.0,594.0,178.0,7.0,525.0,25.0
2023-05-19 08:00:00,182.0,491.0,137.0,0.0,527.0,22.0
2023-05-19 09:00:00,182.0,482.0,125.0,0.0,399.0,19.0
2023-05-19 10:00:00,181.0,467.0,126.0,0.0,393.0,17.0
2023-05-19 11:00:00,181.0,467.0,126.0,0.0,394.0,13.0
2023-05-19 12:00:00,181.0,466.0,130.0,0.0,394.0,12.0
2023-05-19 13:00:00,181.0,512.0,182.0,1.0,392.0,10.0
2023-05-19 14:00:00,181.0,756.0,145.0,137.0,155.0,10.0
2023-05-19 15:00:00,181.0,810.0,125.0,537.0,0.0,7.0
2023-05-19 16:00:00,181.0,814.0,122.0,865.0,0.0,5.0
2023-05-19 17:00:00,181.0,826.0,126.0,896.0,0.0,5.0
2023-05-19 18:00:00,181.0,828.0,128.0,897.0,0.0,2.0
2023-05-19 19:00:00,181.0,824.0,131.0,1014.0,0.0,4.0
2023-05-19 20:00:00,181.0,820.0,128.0,1070.0,0.0,9.0
2023-05-19 21:00:00,180.0,819.0,121.0,1077.0,0.0,16.0
2023-05-19 22:00:00,180.0,817.0,129.0,1057.0,0.0,26.0
2023-05-19 23:00:00,180.0,824.0,146.0,950.0,0.0,40.0
2023-05-20 00:00:00,181.0,817.0,153.0,786.0,140.0,46.0
2023-05-20 01:00:00,182.0,815.0,161.0,618.0,155.0,47.0
2023-05-20 02:00:00,181.0,939.0,227.0,273.0,110.0,39.0
2023-05-20 03:00:00,186.0,1117.0,244.0,25.0,504.0,36.0
2023-05-20 04:00:00,305.0,1243.0,244.0,2.0,571.0,34.0
2023-05-20 05:00:00,237.0,1252.0,240.0,0.0,525.0,52.0
2023-05-20 06:00:00,189.0,1004.0,235.0,3.0,345.0,36.0
2023-05-20 07:00:00,182.0,754.0,177.0,2.0,339.0,20.0
2023-05-20 08:00:00,182.0,596.0,137.0,0.0,340.0,21.0
2023-05-20 09:00:00,180.0,590.0,128.0,0.0,625.0,10.0
2023-05-20 10:00:00,180.0,331.0,123.0,0.0,632.0,11.0
2023-05-20 11:00:00,180.0,312.0,122.0,0.0,633.0,13.0
2023-05-20 12:00:00,181.0,304.0,119.0,0.0,631.0,32.0
2023-05-20 13:00:00,182.0,304.0,134.0,1.0,633.0,19.0
2023-05-20 14:00:00,182.0,308.0,117.0,69.0,616.0,15.0
2023-05-20 15:00:00,182.0,322.0,108.0,223.0,161.0,6.0
2023-05-20 16:00:00,181.0,303.0,104.0,574.0,155.0,2.0
2023-05-20 17:00:00,184.0,305.0,107.0,916.0,0.0,2.0
2023-05-20 18:00:00,237.0,304.0,107.0,1031.0,0.0,0.0
2023-05-20 19:00:00,209.0,305.0,109.0,1052.0,0.0,0.0
2023-05-20 20:00:00,236.0,305.0,110.0,1004.0,0.0,0.0
2023-05-20 21:00:00,187.0,304.0,117.0,1050.0,0.0,7.0
2023-05-20 22:00:00,182.0,305.0,119.0,1014.0,0.0,22.0
2023-05-20 23:00:00,182.0,326.0,120.0,932.0,156.0,19.0
2023-05-21 00:00:00,182.0,340.0,128.0,451.0,394.0,23.0
2023-05-21 01:00:00,181.0,354.0,144.0,244.0,395.0,23.0
2023-05-21 02:00:00,184.0,680.0,225.0,88.0,341.0,32.0
2023-05-21 03:00:00,273.0,1102.0,240.0,48.0,339.0,83.0
2023-05-21 04:00:00,213.0,1046.0,238.0,4.0,342.0,54.0
2023-05-21 05:00:00,183.0,1008.0,225.0,1.0,342.0,35.0
2023-05-21 06:00:00,182.0,874.0,223.0,2.0,342.0,98.0
2023-05-21 07:00:00,182.0,472.0,211.0,0.0,342.0,122.0
2023-05-21 08:00:00,182.0,491.0,214.0,0.0,341.0,102.0
2023-05-21 09:00:00,181.0,490.0,205.0,0.0,341.0,74.0
2023-05-21 10:00:00,181.0,490.0,199.0,0.0,341.0,53.0
2023-05-21 11:00:00,183.0,491.0,198.0,0.0,156.0,38.0
2023-05-21 12:00:00,224.0,493.0,193.0,0.0,154.0,44.0
2023-05-21 13:00:00,186.0,492.0,182.0,1.0,154.0,43.0
2023-05-21 14:00:00,182.0,397.0,168.0,66.0,154.0,21.0
2023-05-21 15:00:00,182.0,307.0,112.0,259.0,153.0,12.0
2023-05-21 16:00:00,182.0,307.0,112.0,586.0,0.0,4.0
2023-05-21 17:00:00,181.0,307.0,111.0,994.0,0.0,6.0
2023-05-21 18:00:00,181.0,308.0,111.0,1075.0,0.0,0.0
2023-05-21 19:00:00,181.0,307.0,114.0,1075.0,0.0,0.0
2023-05-21 20:00:00,185.0,310.0,118.0,1058.0,0.0,31.0
2023-05-21 21:00:00,194.0,334.0,120.0,1092.0,0.0,94.0
2023-05-21 22:00:00,183.0,336.0,127.0,1043.0,146.0,11.0
2023-05-21 23:00:00,182.0,399.0,146.0,799.0,155.0,32.0
2023-05-22 00:00:00,183.0,377.0,153.0,783.0,155.0,45.0
2023-05-22 01:00:00,194.0,651.0,179.0,586.0,155.0,35.0
2023-05-22 02:00:00,204.0,920.0,230.0,345.0,239.0,50.0
2023-05-22 03:00:00,185.0,1430.0,243.0,42.0,341.0,115.0
2023-05-22 04:00:00,232.0,1259.0,244.0,0.0,341.0,102.0
2023-05-22 05:00:00,186.0,1151.0,246.0,0.0,341.0,72.0
2023-05-22 06:00:00,182.0,1142.0,244.0,0.0,340.0,47.0
2023-05-22 07:00:00,182.0,886.0,193.0,0.0,339.0,18.0
2023-05-22 08:00:00,182.0,919.0,213.0,0.0,154.0,68.0
2023-05-22 09:00:00,181.0,701.0,142.0,0.0,153.0,132.0
2023-05-22 10:00:00,181.0,491.0,138.0,0.0,154.0,139.0
2023-05-22 11:00:00,180.0,499.0,139.0,0.0,154.0,116.0
2023-05-22 12:00:00,182.0,679.0,177.0,0.0,154.0,99.0
2023-05-22 13:00:00,224.0,724.0,219.0,3.0,154.0,78.0
2023-05-22 14:00:00,255.0,630.0,191.0,150.0,154.0,42.0
2023-05-22 15:00:00,244.0,484.0,139.0,557.0,154.0,28.0
2023-05-22 16:00:00,187.0,483.0,132.0,860.0,154.0,45.0
2023-05-22 17:00:00,182.0,473.0,135.0,998.0,0.0,55.0
2023-05-22 18:00:00,182.0,467.0,132.0,1071.0,0.0,21.0
2023-05-22 19:00:00,189.0,469.0,132.0,1080.0,0.0,4.0
2023-05-22 20:00:00,214.0,476.0,132.0,1049.0,0.0,7.0
2023-05-22 21:00:00,185.0,484.0,132.0,937.0,134.0,138.0
2023-05-22 22:00:00,182.0,475.0,134.0,864.0,154.0,22.0
2023-05-22 23:00:00,181.0,493.0,135.0,619.0,154.0,63.0
2023-05-23 00:00:00,187.0,744.0,169.0,382.0,154.0,121.0
2023-05-23 01:00:00,183.0,987.0,190.0,257.0,154.0,73.0
2023-05-23 02:00:00,183.0,1325.0,248.0,136.0,154.0,62.0
2023-05-23 03:00:00,185.0,1432.0,249.0,23.0,430.0,142.0
2023-05-23 04:00:00,251.0,1437.0,250.0,0.0,448.0,103.0
2023-05-23 05:00:00,190.0,1309.0,250.0,0.0,354.0,98.0
2023-05-23 06:00:00,183.0,1252.0,252.0,0.0,331.0,24.0
2023-05-23 07:00:00,182.0,1156.0,202.0,0.0,151.0,14.0
2023-05-23 08:00:00,181.0,805.0,167.0,1.0,153.0,16.0
2023-05-23 09:00:00,181.0,550.0,136.0,4.0,153.0,39.0
2023-05-23 10:00:00,181.0,532.0,136.0,0.0,154.0,38.0
2023-05-23 11:00:00,182.0,482.0,134.0,0.0,154.0,27.0
2023-05-23 12:00:00,181.0,417.0,140.0,0.0,154.0,18.0
2023-05-23 13:00:00,181.0,491.0,210.0,2.0,154.0,45.0
2023-05-23 14:00:00,180.0,415.0,208.0,146.0,332.0,55.0
2023-05-23 15:00:00,180.0,322.0,149.0,554.0,340.0,71.0
2023-05-23 16:00:00,181.0,399.0,130.0,863.0,156.0,55.0
2023-05-23 17:00:00,181.0,393.0,124.0,1004.0,0.0,61.0
2023-05-23 18:00:00,181.0,405.0,123.0,1072.0,0.0,80.0
2023-05-23 19:00:00,181.0,410.0,119.0,1082.0,0.0,81.0
2023-05-23 20:00:00,180.0,394.0,119.0,1096.0,0.0,144.0
2023-05-23 21:00:00,180.0,401.0,116.0,1110.0,0.0,199.0
2023-05-23 22:00:00,181.0,420.0,114.0,1106.0,0.0,111.0
2023-05-23 23:00:00,179.0,430.0,114.0,1034.0,0.0,150.0
2023-05-24 00:00:00,181.0,533.0,119.0,916.0,0.0,196.0
2023-05-24 01:00:00,183.0,563.0,147.0,697.0,152.0,121.0
2023-05-24 02:00:00,182.0,785.0,229.0,277.0,336.0,91.0
2023-05-24 03:00:00,182.0,1090.0,241.0,43.0,526.0,155.0
2023-05-24 04:00:00,182.0,1215.0,243.0,0.0,528.0,78.0
2023-05-24 05:00:00,181.0,1215.0,242.0,0.0,343.0,23.0
2023-05-24 06:00:00,182.0,960.0,242.0,4.0,342.0,12.0
2023-05-24 07:00:00,182.0,725.0,224.0,4.0,344.0,35.0
2023-05-24 08:00:00,181.0,695.0,213.0,0.0,365.0,45.0
2023-05-24 09:00:00,181.0,705.0,201.0,0.0,342.0,9.0
2023-05-24 10:00:00,181.0,690.0,190.0,0.0,343.0,5.0
2023-05-24 11:00:00,181.0,650.0,139.0,0.0,342.0,2.0
2023-05-24 12:00:00,181.0,693.0,146.0,0.0,342.0,2.0
2023-05-24 13:00:00,183.0,725.0,204.0,2.0,381.0,2.0
2023-05-24 14:00:00,199.0,693.0,197.0,113.0,338.0,1.0
2023-05-24 15:00:00,193.0,487.0,144.0,498.0,153.0,2.0
2023-05-24 16:00:00,178.0,503.0,128.0,861.0,155.0,3.0
2023-05-24 17:00:00,181.0,555.0,123.0,968.0,155.0,2.0
2023-05-24 18:00:00,181.0,568.0,121.0,1101.0,155.0,8.0
2023-05-24 19:00:00,182.0,567.0,121.0,1085.0,155.0,52.0
2023-05-24 20:00:00,182.0,566.0,122.0,1038.0,0.0,148.0
2023-05-24 21:00:00,180.0,565.0,118.0,1055.0,0.0,178.0
2023-05-24 22:00:00,178.0,621.0,115.0,1019.0,0.0,157.0
2023-05-24 23:00:00,179.0,631.0,121.0,1001.0,0.0,210.0
2023-05-25 00:00:00,180.0,634.0,131.0,922.0,0.0,198.0
2023-05-25 01:00:00,181.0,624.0,154.0,735.0,0.0,193.0
2023-05-25 02:00:00,181.0,700.0,210.0,351.0,294.0,188.0
2023-05-25 03:00:00,181.0,978.0,236.0,38.0,341.0,136.0
2023-05-25 04:00:00,181.0,1158.0,240.0,0.0,341.0,68.0
2023-05-25 05:00:00,181.0,831.0,232.0,0.0,347.0,69.0
2023-05-25 06:00:00,181.0,733.0,225.0,0.0,339.0,72.0
2023-05-25 07:00:00,181.0,654.0,161.0,0.0,340.0,69.0
2023-05-25 08:00:00,181.0,525.0,125.0,0.0,341.0,45.0
2023-05-25 09:00:00,182.0,485.0,118.0,0.0,389.0,9.0
2023-05-25 10:00:00,182.0,505.0,116.0,0.0,158.0,8.0
2023-05-25 11:00:00,182.0,500.0,115.0,0.0,155.0,7.0
2023-05-25 12:00:00,182.0,491.0,120.0,0.0,155.0,6.0
2023-05-25 13:00:00,181.0,573.0,178.0,3.0,155.0,5.0
2023-05-25 14:00:00,180.0,520.0,162.0,154.0,155.0,3.0
2023-05-25 15:00:00,180.0,364.0,121.0,590.0,154.0,5.0
2023-05-25 16:00:00,180.0,394.0,115.0,887.0,153.0,3.0
2023-05-25 17:00:00,181.0,486.0,115.0,956.0,152.0,0.0
2023-05-25 18:00:00,181.0,509.0,111.0,1083.0,152.0,43.0
2023-05-25 19:00:00,180.0,448.0,108.0,1046.0,152.0,101.0
2023-05-25 20:00:00,180.0,379.0,108.0,1046.0,152.0,129.0
2023-05-25 21:00:00,180.0,306.0,108.0,1043.0,152.0,154.0
2023-05-25 22:00:00,179.0,306.0,107.0,971.0,152.0,202.0
2023-05-25 23:00:00,181.0,305.0,105.0,962.0,151.0,185.0
2023-05-26 00:00:00,181.0,306.0,115.0,880.0,151.0,135.0
2023-05-26 01:00:00,183.0,306.0,126.0,738.0,151.0,154.0
2023-05-26 02:00:00,182.0,424.0,139.0,343.0,152.0,109.0
2023-05-26 03:00:00,182.0,745.0,164.0,37.0,337.0,35.0
2023-05-26 04:00:00,181.0,975.0,170.0,0.0,337.0,40.0
2023-05-26 05:00:00,181.0,979.0,170.0,0.0,338.0,42.0
2023-05-26 06:00:00,182.0,802.0,157.0,0.0,337.0,36.0
2023-05-26 07:00:00,182.0,583.0,140.0,0.0,338.0,23.0
2023-05-26 08:00:00,189.0,311.0,125.0,0.0,334.0,18.0
2023-05-26 09:00:00,188.0,307.0,119.0,0.0,387.0,16.0
2023-05-26 10:00:00,188.0,307.0,114.0,0.0,388.0,32.0
2023-05-26 11:00:00,190.0,307.0,113.0,0.0,388.0,27.0
2023-05-26 12:00:00,233.0,306.0,117.0,0.0,386.0,15.0
2023-05-26 13:00:00,289.0,306.0,125.0,3.0,382.0,14.0
2023-05-26 14:00:00,292.0,305.0,126.0,153.0,144.0,12.0
2023-05-26 15:00:00,239.0,305.0,113.0,572.0,145.0,15.0
2023-05-26 16:00:00,194.0,306.0,113.0,882.0,0.0,16.0
2023-05-26 17:00:00,189.0,305.0,112.0,1034.0,0.0,15.0
2023-05-26 18:00:00,189.0,305.0,107.0,1110.0,0.0,29.0
2023-05-26 19:00:00,189.0,304.0,107.0,1119.0,0.0,45.0
2023-05-26 20:00:00,189.0,304.0,108.0,1114.0,0.0,48.0
2023-05-26 21:00:00,188.0,305.0,111.0,1112.0,0.0,57.0
2023-05-26 22:00:00,186.0,304.0,111.0,1107.0,0.0,77.0
2023-05-26 23:00:00,188.0,304.0,108.0,1057.0,0.0,53.0
2023-05-27 00:00:00,188.0,305.0,113.0,935.0,143.0,83.0
2023-05-27 01:00:00,190.0,304.0,126.0,715.0,145.0,179.0
2023-05-27 02:00:00,190.0,339.0,147.0,337.0,152.0,228.0
2023-05-27 03:00:00,189.0,536.0,225.0,39.0,336.0,181.0
2023-05-27 04:00:00,188.0,733.0,226.0,0.0,335.0,99.0
2023-05-27 05:00:00,191.0,735.0,221.0,0.0,336.0,77.0
2023-05-27 06:00:00,192.0,513.0,161.0,0.0,333.0,57.0
2023-05-27 07:00:00,191.0,461.0,135.0,0.0,332.0,70.0
2023-05-27 08:00:00,190.0,315.0,125.0,0.0,386.0,83.0
2023-05-27 09:00:00,189.0,305.0,117.0,0.0,387.0,32.0
2023-05-27 10:00:00,189.0,305.0,113.0,0.0,387.0,27.0
2023-05-27 11:00:00,189.0,305.0,110.0,0.0,387.0,17.0
2023-05-27 12:00:00,189.0,306.0,110.0,0.0,387.0,16.0
2023-05-27 13:00:00,189.0,304.0,115.0,2.0,386.0,22.0
2023-05-27 14:00:00,189.0,304.0,111.0,162.0,347.0,12.0
2023-05-27 15:00:00,188.0,305.0,106.0,590.0,146.0,9.0
2023-05-27 16:00:00,188.0,304.0,104.0,892.0,0.0,8.0
2023-05-27 17:00:00,188.0,311.0,104.0,1025.0,0.0,33.0
2023-05-27 18:00:00,188.0,179.0,103.0,1088.0,0.0,50.0
2023-05-27 19:00:00,188.0,171.0,103.0,1085.0,0.0,36.0
2023-05-27 20:00:00,188.0,171.0,103.0,1093.0,0.0,35.0
2023-05-27 21:00:00,188.0,171.0,104.0,1091.0,0.0,29.0
2023-05-27 22:00:00,188.0,170.0,102.0,1079.0,0.0,23.0
2023-05-27 23:00:00,188.0,204.0,102.0,1012.0,0.0,46.0
2023-05-28 00:00:00,188.0,272.0,109.0,888.0,0.0,84.0
2023-05-28 01:00:00,188.0,305.0,115.0,689.0,144.0,78.0
2023-05-28 02:00:00,188.0,342.0,130.0,326.0,328.0,98.0
2023-05-28 03:00:00,189.0,332.0,208.0,38.0,331.0,106.0
2023-05-28 04:00:00,189.0,320.0,219.0,0.0,331.0,101.0
2023-05-28 05:00:00,189.0,467.0,208.0,0.0,331.0,132.0
2023-05-28 06:00:00,190.0,478.0,162.0,0.0,331.0,115.0
2023-05-28 07:00:00,190.0,479.0,135.0,0.0,332.0,36.0
2023-05-28 08:00:00,192.0,560.0,123.0,0.0,385.0,39.0
2023-05-28 09:00:00,273.0,639.0,123.0,0.0,386.0,30.0
2023-05-28 10:00:00,204.0,762.0,122.0,0.0,386.0,15.0
2023-05-28 11:00:00,190.0,760.0,119.0,0.0,385.0,14.0
2023-05-28 12:00:00,190.0,745.0,118.0,0.0,385.0,21.0
2023-05-28 13:00:00,190.0,469.0,115.0,3.0,385.0,7.0
2023-05-28 14:00:00,189.0,318.0,110.0,164.0,365.0,7.0
2023-05-28 15:00:00,189.0,174.0,104.0,583.0,146.0,7.0
2023-05-28 16:00:00,189.0,190.0,103.0,883.0,0.0,6.0
2023-05-28 17:00:00,188.0,202.0,109.0,1021.0,0.0,2.0
2023-05-28 18:00:00,189.0,164.0,107.0,1091.0,0.0,0.0
2023-05-28 19:00:00,190.0,164.0,111.0,1102.0,0.0,0.0
2023-05-28 20:00:00,222.0,164.0,110.0,1100.0,0.0,9.0
2023-05-28 21:00:00,215.0,163.0,108.0,1103.0,0.0,40.0
2023-05-28 22:00:00,212.0,191.0,104.0,1098.0,0.0,47.0
2023-05-28 23:00:00,191.0,202.0,105.0,1031.0,0.0,73.0
2023-05-29 00:00:00,189.0,378.0,104.0,894.0,81.0,66.0
2023-05-29 01:00:00,189.0,486.0,105.0,691.0,151.0,66.0
2023-05-29 02:00:00,189.0,508.0,122.0,332.0,333.0,67.0
2023-05-29 03:00:00,189.0,634.0,217.0,40.0,332.0,62.0
2023-05-29 04:00:00,206.0,622.0,222.0,0.0,330.0,76.0
2023-05-29 05:00:00,247.0,498.0,208.0,0.0,332.0,49.0
2023-05-29 06:00:00,195.0,606.0,164.0,0.0,331.0,72.0
2023-05-29 07:00:00,190.0,541.0,134.0,0.0,330.0,49.0
2023-05-29 08:00:00,180.0,329.0,108.0,0.0,358.0,59.0
2023-05-29 09:00:00,180.0,404.0,107.0,0.0,391.0,26.0
2023-05-29 10:00:00,180.0,407.0,106.0,0.0,391.0,7.0
2023-05-29 11:00:00,180.0,407.0,106.0,0.0,390.0,6.0
2023-05-29 12:00:00,181.0,410.0,107.0,0.0,392.0,6.0
2023-05-29 13:00:00,182.0,409.0,109.0,3.0,390.0,5.0
2023-05-29 14:00:00,182.0,290.0,108.0,157.0,371.0,2.0
2023-05-29 15:00:00,181.0,164.0,108.0,569.0,156.0,0.0
2023-05-29 16:00:00,181.0,164.0,108.0,813.0,152.0,0.0
2023-05-29 17:00:00,184.0,164.0,109.0,1000.0,36.0,1.0
2023-05-29 18:00:00,238.0,165.0,109.0,1096.0,0.0,31.0
2023-05-29 19:00:00,187.0,165.0,109.0,1093.0,0.0,107.0
2023-05-29 20:00:00,182.0,165.0,108.0,1104.0,0.0,80.0
2023-05-29 21:00:00,181.0,164.0,109.0,1114.0,0.0,115.0
2023-05-29 22:00:00,181.0,164.0,108.0,1112.0,0.0,143.0
2023-05-29 23:00:00,181.0,187.0,109.0,1054.0,152.0,120.0
2023-05-30 00:00:00,181.0,193.0,111.0,935.0,152.0,172.0
2023-05-30 01:00:00,181.0,292.0,118.0,720.0,152.0,164.0
2023-05-30 02:00:00,181.0,419.0,177.0,320.0,344.0,148.0
2023-05-30 03:00:00,182.0,588.0,236.0,31.0,601.0,111.0
2023-05-30 04:00:00,182.0,738.0,236.0,0.0,529.0,50.0
2023-05-30 05:00:00,182.0,738.0,232.0,0.0,527.0,44.0
2023-05-30 06:00:00,182.0,737.0,229.0,0.0,564.0,48.0
2023-05-30 07:00:00,182.0,592.0,164.0,0.0,525.0,54.0
2023-05-30 08:00:00,181.0,453.0,174.0,0.0,346.0,45.0
2023-05-30 09:00:00,180.0,329.0,124.0,0.0,387.0,77.0
2023-05-30 10:00:00,180.0,306.0,123.0,0.0,390.0,89.0
2023-05-30 11:00:00,181.0,307.0,120.0,0.0,391.0,93.0
2023-05-30 12:00:00,181.0,392.0,125.0,0.0,392.0,63.0
2023-05-30 13:00:00,181.0,491.0,196.0,3.0,391.0,56.0
2023-05-30 14:00:00,181.0,491.0,194.0,110.0,392.0,41.0
2023-05-30 15:00:00,181.0,450.0,170.0,311.0,159.0,22.0
2023-05-30 16:00:00,181.0,320.0,112.0,637.0,0.0,26.0
2023-05-30 17:00:00,181.0,311.0,107.0,755.0,0.0,31.0
2023-05-30 18:00:00,181.0,307.0,107.0,996.0,0.0,61.0
2023-05-30 19:00:00,181.0,307.0,107.0,1022.0,0.0,72.0
2023-05-30 20:00:00,181.0,306.0,107.0,966.0,0.0,50.0
2023-05-30 21:00:00,180.0,312.0,107.0,913.0,143.0,29.0
2023-05-30 22:00:00,181.0,306.0,106.0,858.0,150.0,62.0
2023-05-30 23:00:00,186.0,306.0,106.0,1048.0,151.0,107.0
2023-05-31 00:00:00,183.0,310.0,108.0,770.0,151.0,20.0
2023-05-31 01:00:00,182.0,339.0,124.0,626.0,165.0,20.0
2023-05-31 02:00:00,181.0,509.0,150.0,391.0,337.0,35.0
2023-05-31 03:00:00,181.0,828.0,165.0,59.0,336.0,39.0
2023-05-31 04:00:00,181.0,1005.0,163.0,0.0,336.0,22.0
2023-05-31 05:00:00,181.0,1013.0,167.0,0.0,336.0,36.0
2023-05-31 06:00:00,181.0,1010.0,169.0,0.0,336.0,44.0
2023-05-31 07:00:00,181.0,637.0,153.0,0.0,337.0,41.0
2023-05-31 08:00:00,181.0,453.0,153.0,0.0,330.0,28.0
2023-05-31 09:00:00,181.0,509.0,147.0,0.0,151.0,35.0
2023-05-31 10:00:00,180.0,402.0,140.0,0.0,151.0,37.0
2023-05-31 11:00:00,180.0,350.0,136.0,0.0,151.0,46.0
2023-05-31 12:00:00,181.0,327.0,140.0,0.0,151.0,38.0
2023-05-31 13:00:00,181.0,446.0,161.0,5.0,151.0,35.0
2023-05-31 14:00:00,181.0,505.0,149.0,173.0,151.0,37.0
2023-05-31 15:00:00,181.0,481.0,129.0,575.0,147.0,23.0
2023-05-31 16:00:00,181.0,482.0,124.0,874.0,0.0,24.0
2023-05-31 17:00:00,181.0,482.0,119.0,997.0,0.0,21.0
2023-05-31 18:00:00,181.0,339.0,117.0,1114.0,0.0,17.0
2023-05-31 19:00:00,181.0,309.0,108.0,1114.0,0.0,16.0
2023-05-31 20:00:00,181.0,309.0,113.0,1059.0,0.0,17.0
2023-05-31 21:00:00,181.0,305.0,131.0,1042.0,0.0,43.0
2023-05-31 22:00:00,180.0,304.0,132.0,1037.0,0.0,69.0
2023-05-31 23:00:00,180.0,303.0,133.0,956.0,0.0,38.0
2023-06-01 00:00:00,181.0,307.0,135.0,822.0,149.0,195.0
2023-06-01 01:00:00,181.0,319.0,141.0,693.0,335.0,145.0
2023-06-01 02:00:00,180.0,414.0,169.0,367.0,340.0,130.0
2023-06-01 03:00:00,181.0,609.0,238.0,48.0,337.0,60.0
2023-06-01 04:00:00,181.0,780.0,249.0,1.0,513.0,62.0
2023-06-01 05:00:00,182.0,688.0,235.0,1.0,337.0,42.0
2023-06-01 06:00:00,182.0,633.0,187.0,1.0,336.0,21.0
2023-06-01 07:00:00,182.0,562.0,167.0,1.0,158.0,18.0
2023-06-01 08:00:00,182.0,664.0,158.0,0.0,149.0,17.0
2023-06-01 09:00:00,182.0,528.0,147.0,0.0,149.0,21.0
2023-06-01 10:00:00,180.0,514.0,141.0,0.0,149.0,26.0
2023-06-01 11:00:00,180.0,606.0,140.0,0.0,149.0,16.0
2023-06-01 12:00:00,181.0,674.0,200.0,0.0,149.0,17.0
2023-06-01 13:00:00,181.0,786.0,207.0,3.0,149.0,20.0
2023-06-01 14:00:00,180.0,628.0,197.0,167.0,149.0,17.0
2023-06-01 15:00:00,180.0,448.0,135.0,591.0,148.0,16.0
2023-06-01 16:00:00,180.0,443.0,110.0,892.0,148.0,24.0
2023-06-01 17:00:00,181.0,442.0,110.0,1026.0,149.0,33.0
2023-06-01 18:00:00,182.0,442.0,105.0,1102.0,149.0,14.0
2023-06-01 19:00:00,183.0,442.0,108.0,1109.0,149.0,3.0
2023-06-01 20:00:00,182.0,443.0,113.0,1104.0,149.0,3.0
2023-06-01 21:00:00,182.0,441.0,119.0,1001.0,149.0,8.0
2023-06-01 22:00:00,181.0,442.0,131.0,1013.0,149.0,35.0
2023-06-01 23:00:00,181.0,469.0,133.0,942.0,148.0,158.0
2023-06-02 00:00:00,195.0,441.0,116.0,856.0,149.0,102.0
2023-06-02 01:00:00,184.0,471.0,128.0,692.0,149.0,107.0
2023-06-02 02:00:00,182.0,561.0,197.0,338.0,149.0,26.0
2023-06-02 03:00:00,181.0,740.0,207.0,48.0,335.0,30.0
2023-06-02 04:00:00,181.0,786.0,215.0,0.0,336.0,42.0
2023-06-02 05:00:00,181.0,787.0,216.0,0.0,334.0,127.0
2023-06-02 06:00:00,181.0,725.0,216.0,0.0,335.0,46.0
2023-06-02 07:00:00,181.0,551.0,210.0,0.0,331.0,31.0
2023-06-02 08:00:00,188.0,659.0,225.0,0.0,139.0,19.0
2023-06-02 09:00:00,188.0,460.0,174.0,0.0,142.0,16.0
2023-06-02 10:00:00,189.0,445.0,155.0,0.0,142.0,14.0
2023-06-02 11:00:00,190.0,476.0,162.0,0.0,142.0,23.0
2023-06-02 12:00:00,189.0,708.0,219.0,0.0,157.0,25.0
2023-06-02 13:00:00,188.0,790.0,232.0,3.0,332.0,99.0
2023-06-02 14:00:00,189.0,620.0,196.0,161.0,328.0,71.0
2023-06-02 15:00:00,188.0,487.0,130.0,582.0,144.0,42.0
2023-06-02 16:00:00,188.0,443.0,131.0,889.0,0.0,51.0
2023-06-02 17:00:00,188.0,444.0,128.0,1025.0,0.0,17.0
2023-06-02 18:00:00,189.0,445.0,123.0,1101.0,0.0,0.0
2023-06-02 19:00:00,188.0,444.0,126.0,1109.0,0.0,0.0
2023-06-02 20:00:00,188.0,443.0,132.0,1108.0,0.0,4.0
2023-06-02 21:00:00,187.0,443.0,133.0,1083.0,0.0,7.0
2023-06-02 22:00:00,187.0,443.0,135.0,1071.0,0.0,5.0
2023-06-02 23:00:00,189.0,444.0,142.0,1022.0,133.0,14.0
2023-06-03 00:00:00,189.0,442.0,141.0,843.0,144.0,136.0
2023-06-03 01:00:00,189.0,455.0,159.0,676.0,146.0,52.0
2023-06-03 02:00:00,188.0,642.0,218.0,350.0,359.0,27.0
2023-06-03 03:00:00,188.0,1150.0,230.0,47.0,333.0,62.0
2023-06-03 04:00:00,188.0,1376.0,234.0,0.0,330.0,46.0
2023-06-03 05:00:00,189.0,1370.0,234.0,0.0,329.0,33.0
2023-06-03 06:00:00,189.0,1294.0,243.0,0.0,330.0,80.0
2023-06-03 07:00:00,190.0,1280.0,233.0,0.0,331.0,51.0
2023-06-03 08:00:00,191.0,810.0,233.0,0.0,382.0,25.0
2023-06-03 09:00:00,224.0,463.0,183.0,0.0,383.0,67.0
2023-06-03 10:00:00,193.0,457.0,162.0,0.0,382.0,33.0
2023-06-03 11:00:00,190.0,483.0,160.0,0.0,384.0,8.0
2023-06-03 12:00:00,190.0,481.0,161.0,0.0,384.0,5.0
2023-06-03 13:00:00,189.0,489.0,222.0,3.0,384.0,2.0
2023-06-03 14:00:00,189.0,427.0,165.0,175.0,381.0,0.0
2023-06-03 15:00:00,188.0,302.0,113.0,599.0,145.0,0.0
2023-06-03 16:00:00,188.0,304.0,110.0,887.0,0.0,0.0
2023-06-03 17:00:00,188.0,305.0,112.0,1018.0,0.0,0.0
2023-06-03 18:00:00,188.0,305.0,108.0,1087.0,0.0,1.0
2023-06-03 19:00:00,188.0,304.0,108.0,1095.0,0.0,0.0
2023-06-03 20:00:00,188.0,342.0,112.0,1094.0,0.0,4.0
2023-06-03 21:00:00,187.0,335.0,108.0,1101.0,0.0,139.0
2023-06-03 22:00:00,188.0,382.0,119.0,1076.0,0.0,116.0
2023-06-03 23:00:00,188.0,429.0,134.0,1001.0,142.0,74.0
2023-06-04 00:00:00,188.0,373.0,134.0,810.0,138.0,102.0
2023-06-04 01:00:00,188.0,514.0,168.0,618.0,229.0,119.0
2023-06-04 02:00:00,188.0,724.0,231.0,327.0,413.0,209.0
2023-06-04 03:00:00,189.0,819.0,233.0,47.0,414.0,131.0
2023-06-04 04:00:00,211.0,831.0,232.0,0.0,413.0,67.0
2023-06-04 05:00:00,192.0,831.0,217.0,0.0,450.0,41.0
2023-06-04 06:00:00,190.0,886.0,238.0,0.0,516.0,34.0
2023-06-04 07:00:00,189.0,818.0,234.0,0.0,515.0,20.0
2023-06-04 08:00:00,189.0,828.0,226.0,0.0,621.0,13.0
2023-06-04 09:00:00,188.0,703.0,180.0,0.0,626.0,14.0
2023-06-04 10:00:00,189.0,672.0,154.0,0.0,615.0,10.0
2023-06-04 11:00:00,189.0,777.0,157.0,0.0,391.0,9.0
2023-06-04 12:00:00,189.0,604.0,153.0,0.0,385.0,9.0
2023-06-04 13:00:00,188.0,720.0,209.0,4.0,384.0,6.0
2023-06-04 14:00:00,188.0,612.0,150.0,169.0,363.0,5.0
2023-06-04 15:00:00,188.0,442.0,117.0,572.0,145.0,2.0
2023-06-04 16:00:00,188.0,442.0,108.0,874.0,0.0,0.0
2023-06-04 17:00:00,189.0,441.0,107.0,1007.0,0.0,0.0
2023-06-04 18:00:00,190.0,472.0,107.0,1077.0,0.0,8.0
2023-06-04 19:00:00,189.0,440.0,107.0,1084.0,0.0,6.0
2023-06-04 20:00:00,189.0,440.0,107.0,1087.0,0.0,5.0
2023-06-04 21:00:00,188.0,440.0,112.0,1100.0,0.0,5.0
2023-06-04 22:00:00,188.0,451.0,111.0,1089.0,0.0,5.0
2023-06-04 23:00:00,188.0,449.0,110.0,992.0,0.0,10.0
2023-06-05 00:00:00,188.0,480.0,119.0,874.0,136.0,0.0
2023-06-05 01:00:00,188.0,875.0,194.0,633.0,329.0,5.0
2023-06-05 02:00:00,189.0,1157.0,223.0,327.0,345.0,11.0
2023-06-05 03:00:00,213.0,1262.0,251.0,47.0,617.0,40.0
2023-06-05 04:00:00,194.0,1260.0,249.0,0.0,380.0,58.0
2023-06-05 05:00:00,192.0,1260.0,215.0,0.0,330.0,45.0
2023-06-05 06:00:00,191.0,1256.0,242.0,0.0,332.0,12.0
2023-06-05 07:00:00,190.0,1248.0,238.0,0.0,331.0,12.0
2023-06-05 08:00:00,189.0,1260.0,235.0,0.0,331.0,19.0
2023-06-05 09:00:00,188.0,1255.0,231.0,0.0,144.0,15.0
2023-06-05 10:00:00,189.0,1258.0,229.0,0.0,141.0,9.0
2023-06-05 11:00:00,190.0,1244.0,191.0,0.0,141.0,3.0
2023-06-05 12:00:00,192.0,1257.0,219.0,0.0,140.0,0.0
2023-06-05 13:00:00,191.0,1264.0,230.0,4.0,140.0,0.0
2023-06-05 14:00:00,190.0,1192.0,208.0,175.0,140.0,1.0
2023-06-05 15:00:00,190.0,700.0,201.0,600.0,138.0,0.0
2023-06-05 16:00:00,189.0,512.0,140.0,875.0,134.0,0.0
2023-06-05 17:00:00,188.0,566.0,130.0,1001.0,133.0,3.0
2023-06-05 18:00:00,188.0,592.0,132.0,986.0,133.0,5.0
2023-06-05 19:00:00,188.0,803.0,144.0,920.0,135.0,4.0
2023-06-05 20:00:00,188.0,895.0,133.0,956.0,138.0,3.0
2023-06-05 21:00:00,188.0,951.0,173.0,900.0,138.0,19.0
2023-06-05 22:00:00,188.0,957.0,196.0,845.0,160.0,39.0
2023-06-05 23:00:00,188.0,971.0,164.0,674.0,139.0,13.0
2023-06-06 00:00:00,189.0,970.0,177.0,446.0,142.0,34.0
2023-06-06 01:00:00,189.0,970.0,216.0,347.0,142.0,79.0
2023-06-06 02:00:00,188.0,1072.0,231.0,112.0,143.0,84.0
2023-06-06 03:00:00,190.0,1218.0,230.0,12.0,327.0,95.0
2023-06-06 04:00:00,190.0,1222.0,225.0,0.0,329.0,73.0
2023-06-06 05:00:00,189.0,1222.0,219.0,0.0,330.0,64.0
2023-06-06 06:00:00,189.0,1151.0,232.0,0.0,335.0,57.0
2023-06-06 07:00:00,189.0,912.0,231.0,0.0,326.0,162.0
2023-06-06 08:00:00,181.0,711.0,230.0,0.0,145.0,99.0
2023-06-06 09:00:00,180.0,731.0,222.0,0.0,149.0,41.0
2023-06-06 10:00:00,180.0,748.0,212.0,0.0,149.0,16.0
2023-06-06 11:00:00,181.0,754.0,216.0,0.0,149.0,63.0
2023-06-06 12:00:00,181.0,774.0,214.0,0.0,136.0,43.0
2023-06-06 13:00:00,181.0,778.0,215.0,6.0,64.0,121.0
2023-06-06 14:00:00,181.0,717.0,213.0,120.0,65.0,49.0
2023-06-06 15:00:00,181.0,655.0,198.0,569.0,65.0,18.0
2023-06-06 16:00:00,181.0,809.0,207.0,878.0,65.0,8.0
2023-06-06 17:00:00,194.0,820.0,197.0,855.0,67.0,15.0
2023-06-06 18:00:00,184.0,766.0,165.0,880.0,69.0,17.0
2023-06-06 19:00:00,184.0,780.0,175.0,1012.0,69.0,15.0
2023-06-06 20:00:00,241.0,747.0,140.0,1057.0,139.0,26.0
2023-06-06 21:00:00,221.0,723.0,145.0,1042.0,148.0,71.0
2023-06-06 22:00:00,185.0,688.0,138.0,1053.0,148.0,138.0
2023-06-06 23:00:00,182.0,691.0,150.0,965.0,148.0,157.0
2023-06-07 00:00:00,182.0,786.0,160.0,562.0,148.0,142.0
2023-06-07 01:00:00,181.0,841.0,222.0,306.0,147.0,101.0
2023-06-07 02:00:00,181.0,1184.0,226.0,110.0,147.0,88.0
2023-06-07 03:00:00,181.0,1223.0,226.0,11.0,318.0,44.0
2023-06-07 04:00:00,181.0,1221.0,226.0,0.0,333.0,30.0
2023-06-07 05:00:00,181.0,1220.0,224.0,0.0,330.0,64.0
2023-06-07 06:00:00,181.0,1220.0,232.0,0.0,323.0,63.0
2023-06-07 07:00:00,180.0,1205.0,234.0,0.0,126.0,40.0
2023-06-07 08:00:00,180.0,1192.0,226.0,0.0,122.0,20.0
2023-06-07 09:00:00,181.0,790.0,223.0,0.0,119.0,76.0
2023-06-07 10:00:00,181.0,702.0,222.0,0.0,113.0,38.0
2023-06-07 11:00:00,181.0,696.0,218.0,0.0,102.0,17.0
2023-06-07 12:00:00,182.0,705.0,220.0,0.0,81.0,16.0
2023-06-07 13:00:00,181.0,717.0,230.0,5.0,81.0,20.0
2023-06-07 14:00:00,181.0,711.0,225.0,73.0,81.0,17.0
2023-06-07 15:00:00,184.0,756.0,215.0,168.0,80.0,30.0
2023-06-07 16:00:00,256.0,747.0,223.0,266.0,81.0,83.0
2023-06-07 17:00:00,250.0,710.0,213.0,365.0,81.0,85.0
2023-06-07 18:00:00,235.0,738.0,181.0,405.0,82.0,54.0
2023-06-07 19:00:00,237.0,701.0,159.0,619.0,79.0,49.0
2023-06-07 20:00:00,221.0,673.0,159.0,688.0,79.0,46.0
2023-06-07 21:00:00,196.0,590.0,155.0,719.0,80.0,46.0
2023-06-07 22:00:00,182.0,603.0,159.0,497.0,80.0,48.0
2023-06-07 23:00:00,183.0,582.0,160.0,386.0,80.0,185.0
2023-06-08 00:00:00,182.0,517.0,166.0,435.0,80.0,147.0
2023-06-08 01:00:00,182.0,567.0,220.0,420.0,80.0,78.0
2023-06-08 02:00:00,181.0,731.0,228.0,296.0,84.0,29.0
2023-06-08 03:00:00,181.0,936.0,232.0,55.0,264.0,66.0
2023-06-08 04:00:00,181.0,1006.0,228.0,0.0,263.0,69.0
2023-06-08 05:00:00,180.0,966.0,237.0,0.0,255.0,150.0
2023-06-08 06:00:00,180.0,965.0,253.0,0.0,256.0,94.0
2023-06-08 07:00:00,186.0,944.0,246.0,0.0,70.0,61.0
2023-06-08 08:00:00,312.0,955.0,237.0,0.0,69.0,45.0
2023-06-08 09:00:00,254.0,912.0,185.0,0.0,69.0,19.0
2023-06-08 10:00:00,223.0,677.0,170.0,0.0,69.0,14.0
2023-06-08 11:00:00,205.0,618.0,162.0,0.0,69.0,18.0
2023-06-08 12:00:00,206.0,625.0,222.0,0.0,69.0,27.0
2023-06-08 13:00:00,252.0,640.0,227.0,4.0,69.0,26.0
2023-06-08 14:00:00,190.0,705.0,225.0,178.0,71.0,27.0
2023-06-08 15:00:00,182.0,554.0,165.0,600.0,73.0,27.0
2023-06-08 16:00:00,181.0,475.0,140.0,890.0,73.0,18.0
2023-06-08 17:00:00,182.0,461.0,145.0,1029.0,72.0,16.0
2023-06-08 18:00:00,181.0,453.0,151.0,1103.0,74.0,36.0
2023-06-08 19:00:00,182.0,452.0,146.0,1119.0,73.0,44.0
2023-06-08 20:00:00,181.0,451.0,145.0,1071.0,74.0,44.0
2023-06-08 21:00:00,179.0,447.0,144.0,986.0,77.0,61.0
2023-06-08 22:00:00,180.0,456.0,163.0,794.0,77.0,85.0
2023-06-08 23:00:00,181.0,470.0,162.0,642.0,76.0,124.0
2023-06-09 00:00:00,183.0,452.0,165.0,701.0,75.0,128.0
2023-06-09 01:00:00,183.0,466.0,166.0,736.0,74.0,104.0
2023-06-09 02:00:00,182.0,719.0,228.0,394.0,75.0,64.0
2023-06-09 03:00:00,179.0,966.0,234.0,60.0,287.0,36.0
2023-06-09 04:00:00,180.0,965.0,237.0,0.0,273.0,19.0
2023-06-09 05:00:00,179.0,966.0,235.0,0.0,302.0,18.0
2023-06-09 06:00:00,182.0,964.0,239.0,0.0,76.0,20.0
2023-06-09 07:00:00,183.0,963.0,237.0,0.0,75.0,19.0
2023-06-09 08:00:00,189.0,951.0,233.0,0.0,64.0,26.0
2023-06-09 09:00:00,189.0,888.0,197.0,0.0,40.0,20.0
2023-06-09 10:00:00,189.0,656.0,165.0,0.0,40.0,27.0
2023-06-09 11:00:00,189.0,646.0,167.0,0.0,40.0,26.0
2023-06-09 12:00:00,189.0,670.0,170.0,0.0,40.0,11.0
2023-06-09 13:00:00,189.0,699.0,224.0,3.0,40.0,13.0
2023-06-09 14:00:00,189.0,696.0,216.0,167.0,42.0,11.0
2023-06-09 15:00:00,189.0,531.0,146.0,573.0,42.0,10.0
2023-06-09 16:00:00,189.0,466.0,145.0,774.0,41.0,19.0
2023-06-09 17:00:00,189.0,442.0,149.0,911.0,72.0,60.0
2023-06-09 18:00:00,189.0,461.0,152.0,1100.0,74.0,43.0
2023-06-09 19:00:00,189.0,492.0,155.0,1064.0,74.0,24.0
2023-06-09 20:00:00,191.0,543.0,157.0,984.0,74.0,30.0
2023-06-09 21:00:00,224.0,472.0,153.0,1023.0,74.0,56.0
2023-06-09 22:00:00,193.0,473.0,154.0,977.0,74.0,54.0
2023-06-09 23:00:00,190.0,466.0,159.0,825.0,74.0,118.0
2023-06-10 00:00:00,189.0,455.0,157.0,658.0,73.0,100.0
2023-06-10 01:00:00,188.0,515.0,164.0,569.0,69.0,120.0
2023-06-10 02:00:00,188.0,680.0,219.0,315.0,69.0,54.0
2023-06-10 03:00:00,192.0,1014.0,216.0,54.0,69.0,26.0
2023-06-10 04:00:00,190.0,1216.0,232.0,0.0,69.0,17.0
2023-06-10 05:00:00,189.0,1219.0,234.0,0.0,68.0,14.0
2023-06-10 06:00:00,190.0,1130.0,240.0,0.0,68.0,13.0
2023-06-10 07:00:00,189.0,1032.0,196.0,0.0,68.0,15.0
2023-06-10 08:00:00,189.0,818.0,228.0,0.0,68.0,15.0
2023-06-10 09:00:00,192.0,568.0,234.0,0.0,68.0,14.0
2023-06-10 10:00:00,190.0,512.0,228.0,0.0,68.0,11.0
2023-06-10 11:00:00,189.0,644.0,225.0,0.0,68.0,9.0
2023-06-10 12:00:00,190.0,497.0,223.0,0.0,68.0,4.0
2023-06-10 13:00:00,190.0,537.0,231.0,4.0,68.0,3.0
2023-06-10 14:00:00,189.0,561.0,215.0,99.0,69.0,6.0
2023-06-10 15:00:00,189.0,535.0,151.0,321.0,69.0,5.0
2023-06-10 16:00:00,189.0,641.0,148.0,517.0,69.0,2.0
2023-06-10 17:00:00,189.0,460.0,132.0,774.0,68.0,0.0
2023-06-10 18:00:00,189.0,448.0,129.0,1086.0,69.0,0.0
2023-06-10 19:00:00,188.0,454.0,127.0,984.0,69.0,0.0
2023-06-10 20:00:00,188.0,463.0,137.0,887.0,69.0,0.0
2023-06-10 21:00:00,188.0,487.0,133.0,840.0,69.0,13.0
2023-06-10 22:00:00,188.0,491.0,126.0,810.0,69.0,31.0
2023-06-10 23:00:00,188.0,470.0,132.0,606.0,69.0,17.0
2023-06-11 00:00:00,188.0,596.0,149.0,468.0,69.0,8.0
2023-06-11 01:00:00,189.0,684.0,211.0,439.0,69.0,9.0
2023-06-11 02:00:00,189.0,792.0,219.0,207.0,69.0,12.0
2023-06-11 03:00:00,189.0,1098.0,218.0,29.0,69.0,11.0
2023-06-11 04:00:00,189.0,1219.0,217.0,0.0,69.0,18.0
2023-06-11 05:00:00,189.0,1218.0,222.0,0.0,70.0,29.0
2023-06-11 06:00:00,189.0,1148.0,233.0,0.0,70.0,80.0
2023-06-11 07:00:00,189.0,962.0,234.0,0.0,70.0,52.0
2023-06-11 08:00:00,181.0,755.0,232.0,0.0,76.0,36.0
2023-06-11 09:00:00,181.0,654.0,228.0,0.0,74.0,41.0
2023-06-11 10:00:00,181.0,556.0,172.0,0.0,77.0,16.0
2023-06-11 11:00:00,181.0,526.0,159.0,0.0,77.0,16.0
2023-06-11 12:00:00,181.0,533.0,160.0,0.0,77.0,14.0
2023-06-11 13:00:00,182.0,494.0,209.0,2.0,76.0,12.0
2023-06-11 14:00:00,181.0,459.0,146.0,58.0,76.0,10.0
2023-06-11 15:00:00,181.0,441.0,125.0,275.0,76.0,10.0
2023-06-11 16:00:00,181.0,439.0,120.0,595.0,76.0,8.0
2023-06-11 17:00:00,181.0,440.0,117.0,813.0,78.0,8.0
2023-06-11 18:00:00,180.0,455.0,114.0,908.0,79.0,6.0
2023-06-11 19:00:00,180.0,442.0,118.0,890.0,79.0,7.0
2023-06-11 20:00:00,182.0,445.0,118.0,1023.0,0.0,28.0
2023-06-11 21:00:00,182.0,441.0,123.0,786.0,0.0,24.0
2023-06-11 22:00:00,182.0,446.0,123.0,508.0,0.0,20.0
2023-06-11 23:00:00,182.0,467.0,124.0,369.0,75.0,17.0
2023-06-12 00:00:00,181.0,454.0,135.0,668.0,75.0,24.0
2023-06-12 01:00:00,181.0,467.0,156.0,423.0,76.0,97.0
2023-06-12 02:00:00,181.0,605.0,209.0,98.0,82.0,72.0
2023-06-12 03:00:00,181.0,981.0,231.0,58.0,265.0,107.0
2023-06-12 04:00:00,181.0,1220.0,233.0,0.0,262.0,96.0
2023-06-12 05:00:00,181.0,1220.0,221.0,0.0,262.0,50.0
2023-06-12 06:00:00,180.0,1221.0,235.0,0.0,263.0,23.0
2023-06-12 07:00:00,180.0,917.0,233.0,0.0,263.0,6.0
2023-06-12 08:00:00,181.0,678.0,235.0,0.0,75.0,6.0
2023-06-12 09:00:00,181.0,644.0,235.0,0.0,77.0,8.0
2023-06-12 10:00:00,180.0,567.0,185.0,0.0,76.0,8.0
2023-06-12 11:00:00,180.0,595.0,170.0,0.0,76.0,8.0
2023-06-12 12:00:00,180.0,614.0,218.0,0.0,76.0,7.0
2023-06-12 13:00:00,181.0,695.0,237.0,3.0,76.0,7.0
2023-06-12 14:00:00,181.0,681.0,227.0,149.0,77.0,12.0
2023-06-12 15:00:00,180.0,589.0,199.0,500.0,77.0,13.0
2023-06-12 16:00:00,181.0,402.0,148.0,686.0,77.0,11.0
2023-06-12 17:00:00,181.0,428.0,154.0,899.0,77.0,16.0
2023-06-12 18:00:00,182.0,528.0,143.0,995.0,75.0,5.0
2023-06-12 19:00:00,183.0,543.0,140.0,1096.0,0.0,1.0
2023-06-12 20:00:00,212.0,549.0,160.0,945.0,0.0,11.0
2023-06-12 21:00:00,222.0,542.0,161.0,959.0,0.0,51.0
2023-06-12 22:00:00,186.0,543.0,153.0,951.0,48.0,252.0
2023-06-12 23:00:00,182.0,543.0,155.0,867.0,77.0,234.0
2023-06-13 00:00:00,182.0,545.0,156.0,909.0,77.0,153.0
2023-06-13 01:00:00,181.0,661.0,162.0,615.0,77.0,74.0
2023-06-13 02:00:00,180.0,872.0,226.0,215.0,77.0,66.0
2023-06-13 03:00:00,180.0,1060.0,238.0,54.0,84.0,46.0
2023-06-13 04:00:00,180.0,1061.0,238.0,0.0,262.0,20.0
2023-06-13 05:00:00,181.0,1057.0,244.0,0.0,262.0,31.0
2023-06-13 06:00:00,182.0,951.0,250.0,0.0,263.0,57.0
2023-06-13 07:00:00,182.0,930.0,244.0,0.0,262.0,38.0
2023-06-13 08:00:00,181.0,721.0,183.0,0.0,264.0,23.0
2023-06-13 09:00:00,181.0,504.0,163.0,0.0,261.0,29.0
2023-06-13 10:00:00,181.0,472.0,159.0,0.0,264.0,25.0
2023-06-13 11:00:00,181.0,472.0,157.0,0.0,264.0,16.0
2023-06-13 12:00:00,182.0,479.0,160.0,0.0,264.0,19.0
2023-06-13 13:00:00,182.0,480.0,220.0,3.0,263.0,14.0
2023-06-13 14:00:00,181.0,557.0,153.0,167.0,262.0,18.0
2023-06-13 15:00:00,181.0,406.0,124.0,582.0,79.0,10.0
2023-06-13 16:00:00,181.0,398.0,120.0,879.0,78.0,21.0
2023-06-13 17:00:00,181.0,399.0,109.0,1020.0,0.0,10.0
2023-06-13 18:00:00,181.0,398.0,109.0,1097.0,0.0,0.0
2023-06-13 19:00:00,181.0,399.0,114.0,1104.0,0.0,0.0
2023-06-13 20:00:00,181.0,399.0,118.0,1097.0,0.0,0.0
2023-06-13 21:00:00,181.0,397.0,118.0,1111.0,0.0,0.0
2023-06-13 22:00:00,180.0,405.0,116.0,1072.0,0.0,0.0
2023-06-13 23:00:00,181.0,426.0,139.0,955.0,0.0,0.0
2023-06-14 00:00:00,181.0,480.0,133.0,923.0,73.0,4.0
2023-06-14 01:00:00,181.0,545.0,144.0,718.0,75.0,43.0
2023-06-14 02:00:00,181.0,688.0,220.0,350.0,77.0,64.0
2023-06-14 03:00:00,180.0,949.0,240.0,57.0,263.0,38.0
2023-06-14 04:00:00,180.0,963.0,240.0,0.0,263.0,19.0
2023-06-14 05:00:00,181.0,957.0,239.0,0.0,262.0,16.0
2023-06-14 06:00:00,181.0,920.0,235.0,4.0,263.0,16.0
2023-06-14 07:00:00,181.0,595.0,192.0,1.0,265.0,16.0
2023-06-14 08:00:00,181.0,476.0,175.0,0.0,261.0,15.0
2023-06-14 09:00:00,183.0,381.0,164.0,7.0,262.0,20.0
2023-06-14 10:00:00,181.0,307.0,167.0,3.0,261.0,37.0
2023-06-14 11:00:00,182.0,307.0,159.0,0.0,262.0,63.0
2023-06-14 12:00:00,182.0,307.0,158.0,0.0,263.0,60.0
2023-06-14 13:00:00,181.0,307.0,164.0,4.0,261.0,67.0
2023-06-14 14:00:00,186.0,307.0,145.0,163.0,74.0,55.0
2023-06-14 15:00:00,183.0,401.0,132.0,563.0,77.0,62.0
2023-06-14 16:00:00,183.0,415.0,133.0,873.0,0.0,104.0
2023-06-14 17:00:00,182.0,406.0,128.0,1001.0,0.0,73.0
2023-06-14 18:00:00,183.0,440.0,122.0,1090.0,0.0,61.0
2023-06-14 19:00:00,223.0,431.0,123.0,1039.0,0.0,33.0
2023-06-14 20:00:00,198.0,448.0,116.0,1006.0,0.0,49.0
2023-06-14 21:00:00,252.0,446.0,116.0,965.0,0.0,132.0
2023-06-14 22:00:00,254.0,441.0,123.0,882.0,0.0,158.0
2023-06-14 23:00:00,190.0,432.0,122.0,800.0,35.0,177.0
2023-06-15 00:00:00,183.0,451.0,132.0,698.0,49.0,191.0
2023-06-15 01:00:00,182.0,545.0,149.0,436.0,49.0,97.0
2023-06-15 02:00:00,181.0,657.0,205.0,314.0,76.0,41.0
2023-06-15 03:00:00,181.0,894.0,228.0,51.0,261.0,80.0
2023-06-15 04:00:00,181.0,1030.0,235.0,0.0,261.0,80.0
2023-06-15 05:00:00,181.0,864.0,233.0,5.0,261.0,43.0
2023-06-15 06:00:00,180.0,688.0,233.0,1.0,263.0,22.0
2023-06-15 07:00:00,180.0,609.0,185.0,2.0,264.0,16.0
2023-06-15 08:00:00,190.0,505.0,169.0,0.0,260.0,15.0
2023-06-15 09:00:00,190.0,473.0,168.0,0.0,259.0,14.0
2023-06-15 10:00:00,190.0,460.0,163.0,0.0,259.0,13.0
2023-06-15 11:00:00,190.0,443.0,158.0,0.0,260.0,13.0
2023-06-15 12:00:00,190.0,466.0,163.0,0.0,70.0,11.0
2023-06-15 13:00:00,189.0,493.0,159.0,3.0,69.0,31.0
2023-06-15 14:00:00,188.0,494.0,138.0,135.0,69.0,11.0
2023-06-15 15:00:00,188.0,554.0,124.0,532.0,69.0,9.0
2023-06-15 16:00:00,188.0,542.0,124.0,813.0,0.0,11.0
2023-06-15 17:00:00,188.0,541.0,131.0,903.0,0.0,26.0
2023-06-15 18:00:00,188.0,540.0,123.0,992.0,0.0,56.0
2023-06-15 19:00:00,188.0,542.0,119.0,898.0,0.0,114.0
2023-06-15 20:00:00,188.0,551.0,125.0,988.0,0.0,61.0
2023-06-15 21:00:00,188.0,556.0,130.0,941.0,0.0,43.0
2023-06-15 22:00:00,189.0,542.0,136.0,903.0,0.0,47.0
2023-06-15 23:00:00,189.0,547.0,139.0,611.0,69.0,108.0
2023-06-16 00:00:00,190.0,548.0,143.0,315.0,69.0,162.0
2023-06-16 01:00:00,206.0,586.0,143.0,415.0,77.0,41.0
2023-06-16 02:00:00,192.0,874.0,207.0,263.0,258.0,28.0
2023-06-16 03:00:00,189.0,1187.0,231.0,94.0,260.0,22.0
2023-06-16 04:00:00,189.0,1313.0,244.0,1.0,258.0,24.0
2023-06-16 05:00:00,189.0,1314.0,242.0,0.0,258.0,21.0
2023-06-16 06:00:00,189.0,1175.0,235.0,0.0,256.0,17.0
2023-06-16 07:00:00,189.0,979.0,190.0,0.0,70.0,14.0
2023-06-16 08:00:00,190.0,882.0,168.0,0.0,69.0,5.0
2023-06-16 09:00:00,189.0,724.0,167.0,0.0,69.0,1.0
2023-06-16 10:00:00,189.0,608.0,161.0,0.0,69.0,0.0
2023-06-16 11:00:00,189.0,610.0,162.0,0.0,69.0,0.0
2023-06-16 12:00:00,189.0,686.0,163.0,0.0,69.0,1.0
2023-06-16 13:00:00,189.0,692.0,163.0,1.0,72.0,1.0
2023-06-16 14:00:00,188.0,684.0,145.0,86.0,259.0,1.0
2023-06-16 15:00:00,189.0,691.0,131.0,414.0,260.0,7.0
2023-06-16 16:00:00,189.0,665.0,139.0,597.0,259.0,1.0
2023-06-16 17:00:00,189.0,663.0,141.0,655.0,259.0,2.0
2023-06-16 18:00:00,189.0,592.0,132.0,790.0,256.0,2.0
2023-06-16 19:00:00,188.0,563.0,127.0,876.0,76.0,1.0
2023-06-16 20:00:00,189.0,541.0,126.0,871.0,73.0,1.0
2023-06-16 21:00:00,188.0,541.0,119.0,952.0,73.0,26.0
2023-06-16 22:00:00,188.0,542.0,112.0,1085.0,71.0,45.0
2023-06-16 23:00:00,188.0,563.0,117.0,1016.0,0.0,27.0
2023-06-17 00:00:00,189.0,559.0,119.0,813.0,70.0,35.0
2023-06-17 01:00:00,189.0,653.0,122.0,315.0,73.0,36.0
2023-06-17 02:00:00,189.0,677.0,144.0,244.0,73.0,34.0
2023-06-17 03:00:00,188.0,951.0,208.0,58.0,73.0,24.0
2023-06-17 04:00:00,189.0,965.0,217.0,0.0,263.0,22.0
2023-06-17 05:00:00,189.0,952.0,213.0,0.0,275.0,18.0
2023-06-17 06:00:00,188.0,920.0,170.0,0.0,278.0,16.0
2023-06-17 07:00:00,188.0,851.0,154.0,2.0,278.0,17.0
2023-06-17 08:00:00,189.0,709.0,164.0,1.0,278.0,17.0
2023-06-17 09:00:00,190.0,715.0,156.0,1.0,276.0,15.0
2023-06-17 10:00:00,190.0,714.0,154.0,2.0,275.0,15.0
2023-06-17 11:00:00,190.0,714.0,150.0,1.0,88.0,38.0
2023-06-17 12:00:00,189.0,717.0,141.0,0.0,87.0,92.0
2023-06-17 13:00:00,189.0,718.0,151.0,3.0,87.0,53.0
2023-06-17 14:00:00,188.0,546.0,124.0,168.0,87.0,34.0
2023-06-17 15:00:00,190.0,304.0,110.0,583.0,88.0,37.0
2023-06-17 16:00:00,231.0,172.0,106.0,868.0,0.0,75.0
2023-06-17 17:00:00,194.0,163.0,107.0,1006.0,0.0,114.0
2023-06-17 18:00:00,189.0,164.0,109.0,1085.0,0.0,119.0
2023-06-17 19:00:00,188.0,164.0,108.0,1102.0,0.0,104.0
2023-06-17 20:00:00,188.0,164.0,116.0,1104.0,0.0,74.0
2023-06-17 21:00:00,188.0,164.0,128.0,1088.0,0.0,66.0
2023-06-17 22:00:00,188.0,180.0,128.0,954.0,90.0,110.0
2023-06-17 23:00:00,206.0,228.0,129.0,873.0,91.0,126.0
2023-06-18 00:00:00,191.0,347.0,145.0,845.0,91.0,103.0
2023-06-18 01:00:00,189.0,457.0,149.0,716.0,91.0,67.0
2023-06-18 02:00:00,188.0,579.0,163.0,385.0,91.0,92.0
2023-06-18 03:00:00,185.0,800.0,214.0,64.0,280.0,97.0
2023-06-18 04:00:00,186.0,938.0,215.0,0.0,278.0,165.0
2023-06-18 05:00:00,191.0,928.0,209.0,4.0,279.0,196.0
2023-06-18 06:00:00,192.0,910.0,179.0,0.0,279.0,182.0
2023-06-18 07:00:00,191.0,882.0,165.0,0.0,279.0,189.0
2023-06-18 08:00:00,190.0,830.0,166.0,0.0,280.0,188.0
2023-06-18 09:00:00,190.0,675.0,164.0,3.0,279.0,178.0
2023-06-18 10:00:00,189.0,378.0,164.0,0.0,281.0,150.0
2023-06-18 11:00:00,189.0,393.0,164.0,0.0,279.0,107.0
2023-06-18 12:00:00,189.0,348.0,157.0,1.0,279.0,138.0
2023-06-18 13:00:00,188.0,349.0,151.0,3.0,278.0,155.0
2023-06-18 14:00:00,190.0,369.0,124.0,175.0,277.0,143.0
2023-06-18 15:00:00,241.0,198.0,107.0,602.0,88.0,150.0
2023-06-18 16:00:00,194.0,163.0,103.0,892.0,91.0,155.0
2023-06-18 17:00:00,189.0,163.0,104.0,1029.0,0.0,229.0
2023-06-18 18:00:00,188.0,162.0,104.0,1104.0,0.0,235.0
2023-06-18 19:00:00,188.0,184.0,104.0,1096.0,0.0,240.0
2023-06-18 20:00:00,188.0,208.0,104.0,1110.0,0.0,234.0
2023-06-18 21:00:00,188.0,312.0,107.0,1111.0,0.0,230.0
2023-06-18 22:00:00,187.0,303.0,106.0,1110.0,0.0,228.0
2023-06-18 23:00:00,187.0,332.0,105.0,1051.0,0.0,233.0
2023-06-19 00:00:00,188.0,431.0,107.0,937.0,0.0,229.0
2023-06-19 01:00:00,188.0,445.0,118.0,756.0,93.0,230.0
2023-06-19 02:00:00,188.0,483.0,134.0,419.0,96.0,225.0
2023-06-19 03:00:00,188.0,643.0,201.0,73.0,280.0,224.0
2023-06-19 04:00:00,188.0,696.0,231.0,0.0,282.0,227.0
2023-06-19 05:00:00,188.0,699.0,226.0,1.0,282.0,223.0
2023-06-19 06:00:00,188.0,594.0,188.0,4.0,282.0,226.0
2023-06-19 07:00:00,187.0,505.0,167.0,2.0,281.0,181.0
2023-06-19 08:00:00,180.0,474.0,169.0,0.0,103.0,156.0
2023-06-19 09:00:00,181.0,450.0,156.0,0.0,99.0,183.0
2023-06-19 10:00:00,182.0,308.0,154.0,1.0,99.0,197.0
2023-06-19 11:00:00,182.0,307.0,143.0,0.0,99.0,219.0
2023-06-19 12:00:00,182.0,305.0,132.0,0.0,99.0,219.0
2023-06-19 13:00:00,181.0,306.0,137.0,3.0,99.0,210.0
2023-06-19 14:00:00,181.0,303.0,138.0,180.0,99.0,227.0
2023-06-19 15:00:00,181.0,304.0,124.0,627.0,0.0,233.0
2023-06-19 16:00:00,181.0,305.0,125.0,928.0,0.0,235.0
2023-06-19 17:00:00,181.0,303.0,129.0,1063.0,0.0,243.0
2023-06-19 18:00:00,181.0,302.0,130.0,1140.0,0.0,245.0
2023-06-19 19:00:00,181.0,302.0,122.0,1147.0,0.0,244.0
2023-06-19 20:00:00,181.0,305.0,123.0,1136.0,0.0,239.0
2023-06-19 21:00:00,180.0,304.0,119.0,1139.0,0.0,225.0
2023-06-19 22:00:00,180.0,304.0,121.0,1117.0,0.0,224.0
2023-06-19 23:00:00,181.0,305.0,125.0,939.0,0.0,225.0
2023-06-20 00:00:00,181.0,315.0,127.0,756.0,0.0,214.0
2023-06-20 01:00:00,181.0,306.0,134.0,433.0,96.0,221.0
2023-06-20 02:00:00,181.0,376.0,146.0,220.0,456.0,221.0
2023-06-20 03:00:00,181.0,505.0,212.0,93.0,475.0,219.0
2023-06-20 04:00:00,181.0,730.0,215.0,5.0,472.0,215.0
2023-06-20 05:00:00,181.0,737.0,224.0,2.0,471.0,167.0
2023-06-20 06:00:00,180.0,685.0,181.0,0.0,472.0,115.0
2023-06-20 07:00:00,180.0,511.0,160.0,1.0,469.0,140.0
2023-06-20 08:00:00,181.0,324.0,169.0,0.0,341.0,185.0
2023-06-20 09:00:00,181.0,315.0,159.0,0.0,340.0,175.0
2023-06-20 10:00:00,181.0,321.0,155.0,1.0,340.0,158.0
2023-06-20 11:00:00,182.0,324.0,135.0,0.0,340.0,154.0
2023-06-20 12:00:00,181.0,329.0,132.0,0.0,340.0,145.0
2023-06-20 13:00:00,180.0,403.0,137.0,3.0,338.0,127.0
2023-06-20 14:00:00,180.0,373.0,132.0,190.0,102.0,85.0
2023-06-20 15:00:00,180.0,402.0,124.0,643.0,0.0,53.0
2023-06-20 16:00:00,181.0,410.0,120.0,905.0,0.0,74.0
2023-06-20 17:00:00,181.0,412.0,119.0,1075.0,0.0,66.0
2023-06-20 18:00:00,183.0,280.0,119.0,1132.0,0.0,129.0
2023-06-20 19:00:00,228.0,279.0,114.0,1131.0,0.0,209.0
2023-06-20 20:00:00,235.0,281.0,114.0,1132.0,0.0,186.0
2023-06-20 21:00:00,246.0,281.0,125.0,1130.0,0.0,205.0
2023-06-20 22:00:00,192.0,294.0,126.0,1114.0,0.0,227.0
2023-06-20 23:00:00,272.0,382.0,140.0,1071.0,0.0,226.0
2023-06-21 00:00:00,198.0,436.0,150.0,960.0,48.0,234.0
2023-06-21 01:00:00,182.0,486.0,155.0,788.0,58.0,232.0
2023-06-21 02:00:00,186.0,638.0,169.0,443.0,66.0,211.0
2023-06-21 03:00:00,183.0,837.0,236.0,81.0,270.0,183.0
2023-06-21 04:00:00,202.0,1024.0,238.0,0.0,245.0,95.0
2023-06-21 05:00:00,184.0,1037.0,241.0,0.0,245.0,99.0
2023-06-21 06:00:00,182.0,1033.0,239.0,0.0,243.0,89.0
2023-06-21 07:00:00,182.0,824.0,185.0,0.0,244.0,21.0
2023-06-21 08:00:00,181.0,782.0,166.0,0.0,243.0,10.0
2023-06-21 09:00:00,180.0,709.0,158.0,0.0,244.0,11.0
2023-06-21 10:00:00,181.0,709.0,147.0,0.0,244.0,5.0
2023-06-21 11:00:00,181.0,754.0,142.0,0.0,59.0,3.0
2023-06-21 12:00:00,181.0,784.0,164.0,0.0,58.0,8.0
2023-06-21 13:00:00,181.0,751.0,217.0,4.0,58.0,16.0
2023-06-21 14:00:00,182.0,544.0,166.0,184.0,58.0,16.0
2023-06-21 15:00:00,183.0,392.0,137.0,611.0,58.0,26.0
2023-06-21 16:00:00,209.0,502.0,225.0,899.0,0.0,40.0
2023-06-21 17:00:00,257.0,590.0,233.0,1032.0,0.0,26.0
2023-06-21 18:00:00,195.0,607.0,232.0,1112.0,0.0,6.0
2023-06-21 19:00:00,187.0,591.0,232.0,1114.0,0.0,0.0
2023-06-21 20:00:00,207.0,586.0,231.0,1106.0,54.0,0.0
2023-06-21 21:00:00,197.0,599.0,230.0,1093.0,54.0,2.0
2023-06-21 22:00:00,194.0,677.0,231.0,1060.0,57.0,3.0
2023-06-21 23:00:00,183.0,684.0,231.0,1026.0,63.0,5.0
2023-06-22 00:00:00,182.0,652.0,232.0,886.0,60.0,8.0
2023-06-22 01:00:00,181.0,736.0,228.0,791.0,63.0,14.0
2023-06-22 02:00:00,179.0,955.0,218.0,456.0,251.0,57.0
2023-06-22 03:00:00,178.0,1088.0,228.0,85.0,281.0,93.0
2023-06-22 04:00:00,177.0,1097.0,227.0,0.0,428.0,65.0
2023-06-22 05:00:00,183.0,1251.0,232.0,0.0,250.0,36.0
2023-06-22 06:00:00,183.0,1184.0,237.0,0.0,244.0,20.0
2023-06-22 07:00:00,183.0,1212.0,224.0,0.0,245.0,47.0
2023-06-22 08:00:00,183.0,1034.0,172.0,0.0,243.0,15.0
2023-06-22 09:00:00,183.0,1025.0,157.0,0.0,234.0,12.0
2023-06-22 10:00:00,181.0,984.0,154.0,0.0,234.0,11.0
2023-06-22 11:00:00,181.0,970.0,151.0,0.0,235.0,10.0
2023-06-22 12:00:00,182.0,1025.0,156.0,0.0,234.0,4.0
2023-06-22 13:00:00,181.0,1043.0,164.0,3.0,234.0,2.0
2023-06-22 14:00:00,180.0,955.0,233.0,181.0,53.0,3.0
2023-06-22 15:00:00,180.0,582.0,233.0,613.0,49.0,4.0
2023-06-22 16:00:00,180.0,434.0,233.0,894.0,48.0,4.0
2023-06-22 17:00:00,180.0,434.0,233.0,1044.0,48.0,3.0
2023-06-22 18:00:00,182.0,433.0,233.0,1123.0,49.0,2.0
2023-06-22 19:00:00,182.0,432.0,237.0,1122.0,49.0,4.0
2023-06-22 20:00:00,182.0,433.0,266.0,1143.0,0.0,33.0
2023-06-22 21:00:00,181.0,434.0,258.0,1139.0,0.0,49.0
2023-06-22 22:00:00,181.0,434.0,161.0,1138.0,0.0,99.0
2023-06-22 23:00:00,181.0,443.0,125.0,1081.0,0.0,174.0
2023-06-23 00:00:00,181.0,463.0,130.0,968.0,0.0,201.0
2023-06-23 01:00:00,181.0,537.0,148.0,780.0,49.0,225.0
2023-06-23 02:00:00,180.0,730.0,168.0,409.0,49.0,187.0
2023-06-23 03:00:00,178.0,918.0,233.0,70.0,49.0,126.0
2023-06-23 04:00:00,178.0,1126.0,238.0,0.0,49.0,57.0
2023-06-23 05:00:00,182.0,1070.0,237.0,0.0,231.0,78.0
2023-06-23 06:00:00,182.0,957.0,195.0,1.0,234.0,81.0
2023-06-23 07:00:00,183.0,939.0,174.0,3.0,232.0,49.0
2023-06-23 08:00:00,190.0,836.0,131.0,0.0,231.0,31.0
2023-06-23 09:00:00,190.0,614.0,120.0,4.0,230.0,31.0
2023-06-23 10:00:00,190.0,620.0,112.0,0.0,231.0,31.0
2023-06-23 11:00:00,190.0,564.0,115.0,1.0,231.0,80.0
2023-06-23 12:00:00,189.0,621.0,111.0,0.0,231.0,157.0
2023-06-23 13:00:00,189.0,661.0,110.0,3.0,230.0,144.0
2023-06-23 14:00:00,188.0,594.0,122.0,171.0,43.0,162.0
2023-06-23 15:00:00,188.0,409.0,105.0,604.0,41.0,212.0
2023-06-23 16:00:00,188.0,378.0,106.0,905.0,0.0,232.0
2023-06-23 17:00:00,188.0,378.0,104.0,1047.0,0.0,237.0
2023-06-23 18:00:00,188.0,380.0,103.0,1120.0,0.0,228.0
2023-06-23 19:00:00,188.0,380.0,105.0,1126.0,0.0,236.0
2023-06-23 20:00:00,188.0,377.0,104.0,1125.0,0.0,206.0
2023-06-23 21:00:00,188.0,377.0,102.0,1127.0,0.0,184.0
2023-06-23 22:00:00,188.0,380.0,104.0,1119.0,0.0,182.0
2023-06-23 23:00:00,189.0,382.0,106.0,1055.0,0.0,208.0
2023-06-24 00:00:00,189.0,380.0,105.0,934.0,0.0,213.0
2023-06-24 01:00:00,188.0,382.0,97.0,752.0,225.0,221.0
2023-06-24 02:00:00,189.0,497.0,0.0,418.0,417.0,194.0
2023-06-24 03:00:00,189.0,619.0,0.0,77.0,416.0,169.0
2023-06-24 04:00:00,190.0,622.0,0.0,2.0,415.0,141.0
2023-06-24 05:00:00,190.0,644.0,0.0,1.0,414.0,101.0
2023-06-24 06:00:00,189.0,640.0,0.0,0.0,234.0,115.0
2023-06-24 07:00:00,191.0,622.0,0.0,5.0,229.0,77.0
2023-06-24 08:00:00,193.0,635.0,0.0,0.0,281.0,64.0
2023-06-24 09:00:00,190.0,574.0,0.0,0.0,282.0,68.0
2023-06-24 10:00:00,191.0,554.0,0.0,0.0,282.0,27.0
2023-06-24 11:00:00,217.0,595.0,0.0,0.0,282.0,23.0
2023-06-24 12:00:00,212.0,622.0,0.0,0.0,284.0,19.0
2023-06-24 13:00:00,191.0,631.0,0.0,3.0,283.0,21.0
2023-06-24 14:00:00,190.0,543.0,0.0,175.0,279.0,23.0
2023-06-24 15:00:00,189.0,404.0,0.0,611.0,50.0,8.0
2023-06-24 16:00:00,189.0,404.0,0.0,907.0,34.0,0.0
2023-06-24 17:00:00,189.0,403.0,0.0,951.0,0.0,0.0
2023-06-24 18:00:00,189.0,404.0,0.0,912.0,0.0,0.0
2023-06-24 19:00:00,189.0,404.0,0.0,1041.0,0.0,2.0
2023-06-24 20:00:00,188.0,409.0,0.0,1087.0,41.0,22.0
2023-06-24 21:00:00,188.0,404.0,0.0,1069.0,45.0,39.0
2023-06-24 22:00:00,188.0,426.0,0.0,1061.0,45.0,53.0
2023-06-24 23:00:00,188.0,433.0,0.0,918.0,45.0,40.0
2023-06-25 00:00:00,189.0,515.0,0.0,935.0,45.0,57.0
2023-06-25 01:00:00,189.0,587.0,0.0,788.0,45.0,89.0
2023-06-25 02:00:00,189.0,758.0,0.0,434.0,45.0,100.0
2023-06-25 03:00:00,188.0,1055.0,0.0,76.0,269.0,79.0
2023-06-25 04:00:00,191.0,1132.0,0.0,0.0,490.0,62.0
2023-06-25 05:00:00,192.0,1135.0,0.0,1.0,413.0,50.0
2023-06-25 06:00:00,217.0,1137.0,0.0,0.0,236.0,26.0
2023-06-25 07:00:00,194.0,1084.0,0.0,5.0,232.0,46.0
2023-06-25 08:00:00,182.0,878.0,0.0,0.0,276.0,63.0
2023-06-25 09:00:00,182.0,752.0,0.0,1.0,233.0,60.0
2023-06-25 10:00:00,180.0,622.0,0.0,1.0,234.0,34.0
2023-06-25 11:00:00,181.0,570.0,0.0,1.0,234.0,22.0
2023-06-25 12:00:00,182.0,591.0,0.0,0.0,235.0,38.0
2023-06-25 13:00:00,182.0,612.0,0.0,3.0,49.0,44.0
2023-06-25 14:00:00,181.0,606.0,0.0,171.0,49.0,31.0
2023-06-25 15:00:00,181.0,388.0,0.0,599.0,0.0,28.0
2023-06-25 16:00:00,179.0,387.0,0.0,902.0,0.0,40.0
2023-06-25 17:00:00,181.0,387.0,0.0,1038.0,0.0,69.0
2023-06-25 18:00:00,182.0,388.0,0.0,1115.0,0.0,101.0
2023-06-25 19:00:00,182.0,387.0,0.0,1126.0,0.0,102.0
2023-06-25 20:00:00,182.0,386.0,0.0,1122.0,0.0,128.0
2023-06-25 21:00:00,181.0,387.0,0.0,1129.0,0.0,153.0
2023-06-25 22:00:00,180.0,391.0,0.0,1123.0,0.0,165.0
2023-06-25 23:00:00,179.0,412.0,0.0,1068.0,0.0,201.0
2023-06-26 00:00:00,180.0,450.0,0.0,960.0,36.0,187.0
2023-06-26 01:00:00,182.0,614.0,0.0,784.0,232.0,203.0
2023-06-26 02:00:00,183.0,744.0,0.0,441.0,254.0,187.0
2023-06-26 03:00:00,184.0,1204.0,0.0,78.0,286.0,121.0
2023-06-26 04:00:00,217.0,1325.0,0.0,0.0,283.0,45.0
2023-06-26 05:00:00,186.0,1326.0,0.0,0.0,283.0,62.0
2023-06-26 06:00:00,182.0,1266.0,0.0,0.0,277.0,79.0
2023-06-26 07:00:00,182.0,1017.0,0.0,1.0,280.0,87.0
2023-06-26 08:00:00,181.0,792.0,0.0,0.0,53.0,75.0
2023-06-26 09:00:00,181.0,749.0,0.0,4.0,48.0,58.0
2023-06-26 10:00:00,181.0,617.0,0.0,2.0,48.0,62.0
2023-06-26 11:00:00,181.0,614.0,0.0,3.0,48.0,51.0
2023-06-26 12:00:00,182.0,663.0,0.0,0.0,48.0,53.0
2023-06-26 13:00:00,181.0,771.0,0.0,2.0,49.0,51.0
2023-06-26 14:00:00,181.0,674.0,8.0,170.0,49.0,45.0
2023-06-26 15:00:00,180.0,496.0,16.0,608.0,44.0,41.0
2023-06-26 16:00:00,180.0,479.0,35.0,917.0,0.0,36.0
2023-06-26 17:00:00,180.0,417.0,44.0,1050.0,0.0,84.0
2023-06-26 18:00:00,180.0,417.0,73.0,1121.0,0.0,133.0
2023-06-26 19:00:00,180.0,420.0,125.0,1127.0,0.0,143.0
2023-06-26 20:00:00,178.0,480.0,116.0,1127.0,0.0,187.0
2023-06-26 21:00:00,179.0,522.0,107.0,1130.0,0.0,157.0
2023-06-26 22:00:00,180.0,485.0,112.0,1129.0,0.0,181.0
2023-06-26 23:00:00,181.0,521.0,119.0,1074.0,0.0,185.0
2023-06-27 00:00:00,181.0,538.0,123.0,972.0,230.0,178.0
2023-06-27 01:00:00,181.0,725.0,131.0,800.0,234.0,171.0
2023-06-27 02:00:00,180.0,795.0,201.0,446.0,253.0,174.0
2023-06-27 03:00:00,177.0,994.0,231.0,72.0,288.0,113.0
2023-06-27 04:00:00,182.0,1097.0,235.0,0.0,285.0,64.0
2023-06-27 05:00:00,185.0,1100.0,225.0,0.0,287.0,109.0
2023-06-27 06:00:00,181.0,1076.0,203.0,0.0,285.0,131.0
2023-06-27 07:00:00,182.0,987.0,180.0,0.0,51.0,173.0
2023-06-27 08:00:00,235.0,805.0,167.0,0.0,49.0,165.0
2023-06-27 09:00:00,187.0,780.0,158.0,4.0,49.0,115.0
2023-06-27 10:00:00,181.0,611.0,159.0,2.0,49.0,73.0
2023-06-27 11:00:00,181.0,644.0,157.0,1.0,49.0,56.0
2023-06-27 12:00:00,182.0,766.0,155.0,3.0,49.0,32.0
2023-06-27 13:00:00,181.0,790.0,155.0,3.0,49.0,32.0
2023-06-27 14:00:00,179.0,641.0,133.0,164.0,49.0,28.0
2023-06-27 15:00:00,182.0,440.0,127.0,589.0,50.0,13.0
2023-06-27 16:00:00,183.0,460.0,126.0,887.0,0.0,11.0
2023-06-27 17:00:00,182.0,447.0,123.0,1026.0,0.0,9.0
2023-06-27 18:00:00,182.0,444.0,123.0,1104.0,0.0,6.0
2023-06-27 19:00:00,180.0,445.0,124.0,1115.0,0.0,17.0
2023-06-27 20:00:00,178.0,450.0,128.0,1114.0,0.0,35.0
2023-06-27 21:00:00,180.0,451.0,130.0,1118.0,0.0,74.0
2023-06-27 22:00:00,179.0,488.0,132.0,1102.0,49.0,93.0
2023-06-27 23:00:00,181.0,505.0,141.0,1043.0,49.0,144.0
2023-06-28 00:00:00,182.0,616.0,146.0,942.0,49.0,169.0
2023-06-28 01:00:00,183.0,695.0,160.0,769.0,49.0,179.0
2023-06-28 02:00:00,179.0,747.0,233.0,424.0,56.0,146.0
2023-06-28 03:00:00,178.0,1078.0,247.0,73.0,258.0,113.0
2023-06-28 04:00:00,204.0,1234.0,261.0,0.0,287.0,106.0
2023-06-28 05:00:00,186.0,1236.0,244.0,0.0,245.0,104.0
2023-06-28 06:00:00,187.0,1270.0,233.0,1.0,236.0,62.0
2023-06-28 07:00:00,186.0,1180.0,188.0,0.0,233.0,26.0
2023-06-28 08:00:00,183.0,928.0,161.0,0.0,52.0,35.0
2023-06-28 09:00:00,182.0,716.0,159.0,0.0,47.0,23.0
2023-06-28 10:00:00,181.0,610.0,162.0,0.0,49.0,13.0
2023-06-28 11:00:00,181.0,556.0,157.0,0.0,49.0,12.0
2023-06-28 12:00:00,181.0,570.0,150.0,0.0,48.0,13.0
2023-06-28 13:00:00,181.0,618.0,160.0,3.0,48.0,14.0
2023-06-28 14:00:00,181.0,594.0,129.0,164.0,48.0,14.0
2023-06-28 15:00:00,181.0,455.0,118.0,588.0,49.0,11.0
2023-06-28 16:00:00,180.0,440.0,124.0,881.0,0.0,11.0
2023-06-28 17:00:00,180.0,452.0,119.0,1020.0,0.0,12.0
2023-06-28 18:00:00,180.0,456.0,122.0,1098.0,0.0,10.0
2023-06-28 19:00:00,181.0,491.0,123.0,1116.0,0.0,8.0
2023-06-28 20:00:00,178.0,459.0,120.0,1112.0,0.0,10.0
2023-06-28 21:00:00,179.0,440.0,123.0,1111.0,0.0,12.0
2023-06-28 22:00:00,180.0,442.0,132.0,1100.0,0.0,13.0
2023-06-28 23:00:00,180.0,439.0,150.0,1039.0,0.0,30.0
2023-06-29 00:00:00,181.0,475.0,171.0,933.0,49.0,43.0
2023-06-29 01:00:00,181.0,520.0,178.0,750.0,49.0,41.0
2023-06-29 02:00:00,183.0,766.0,183.0,402.0,49.0,179.0
2023-06-29 03:00:00,180.0,1021.0,243.0,70.0,255.0,223.0
2023-06-29 04:00:00,178.0,1037.0,241.0,0.0,253.0,236.0
2023-06-29 05:00:00,182.0,979.0,235.0,0.0,234.0,186.0
2023-06-29 06:00:00,182.0,976.0,189.0,0.0,233.0,85.0
2023-06-29 07:00:00,182.0,833.0,167.0,1.0,234.0,51.0
2023-06-29 08:00:00,194.0,784.0,154.0,0.0,228.0,33.0
2023-06-29 09:00:00,194.0,781.0,157.0,0.0,229.0,23.0
2023-06-29 10:00:00,193.0,787.0,147.0,0.0,228.0,21.0
2023-06-29 11:00:00,194.0,786.0,137.0,0.0,228.0,12.0
2023-06-29 12:00:00,193.0,785.0,147.0,0.0,230.0,17.0
2023-06-29 13:00:00,193.0,745.0,143.0,3.0,273.0,27.0
2023-06-29 14:00:00,192.0,672.0,127.0,153.0,268.0,10.0
2023-06-29 15:00:00,192.0,504.0,113.0,561.0,42.0,6.0
2023-06-29 16:00:00,192.0,441.0,109.0,846.0,0.0,5.0
2023-06-29 17:00:00,193.0,441.0,111.0,959.0,0.0,10.0
2023-06-29 18:00:00,194.0,441.0,110.0,1046.0,0.0,18.0
2023-06-29 19:00:00,193.0,440.0,109.0,1059.0,0.0,24.0
2023-06-29 20:00:00,192.0,440.0,116.0,1058.0,0.0,32.0
2023-06-29 21:00:00,212.0,523.0,117.0,1059.0,0.0,32.0
2023-06-29 22:00:00,204.0,572.0,125.0,1040.0,39.0,24.0
2023-06-29 23:00:00,196.0,564.0,136.0,973.0,42.0,17.0
2023-06-30 00:00:00,184.0,691.0,164.0,839.0,42.0,62.0
2023-06-30 01:00:00,183.0,935.0,205.0,645.0,43.0,120.0
2023-06-30 02:00:00,179.0,1091.0,210.0,388.0,243.0,150.0
2023-06-30 03:00:00,186.0,1379.0,216.0,68.0,255.0,109.0
2023-06-30 04:00:00,213.0,1372.0,220.0,0.0,230.0,96.0
2023-06-30 05:00:00,185.0,1334.0,221.0,0.0,229.0,41.0
2023-06-30 06:00:00,184.0,1143.0,231.0,0.0,226.0,13.0
2023-06-30 07:00:00,191.0,783.0,222.0,0.0,73.0,13.0
2023-06-30 08:00:00,183.0,751.0,167.0,0.0,38.0,12.0
2023-06-30 09:00:00,198.0,755.0,158.0,0.0,38.0,10.0
2023-06-30 10:00:00,185.0,494.0,153.0,0.0,38.0,11.0
2023-06-30 11:00:00,194.0,481.0,153.0,1.0,38.0,9.0
2023-06-30 12:00:00,196.0,482.0,155.0,0.0,38.0,4.0
2023-06-30 13:00:00,205.0,482.0,155.0,5.0,38.0,2.0
2023-06-30 14:00:00,202.0,448.0,113.0,149.0,39.0,2.0
2023-06-30 15:00:00,197.0,361.0,102.0,549.0,40.0,0.0
2023-06-30 16:00:00,196.0,304.0,105.0,835.0,0.0,0.0
2023-06-30 17:00:00,197.0,304.0,104.0,974.0,0.0,0.0
2023-06-30 18:00:00,194.0,303.0,119.0,1050.0,0.0,9.0
2023-06-30 19:00:00,183.0,343.0,129.0,1068.0,0.0,45.0
2023-06-30 20:00:00,179.0,401.0,120.0,1065.0,37.0,34.0
2023-06-30 21:00:00,185.0,432.0,113.0,1061.0,42.0,27.0
2023-06-30 22:00:00,235.0,557.0,131.0,1029.0,42.0,27.0
2023-06-30 23:00:00,192.0,963.0,189.0,973.0,42.0,24.0
2023-07-01 00:00:00,192.0,1229.0,192.0,886.0,225.0,22.0
2023-07-01 01:00:00,233.0,1266.0,206.0,715.0,227.0,34.0
2023-07-01 02:00:00,194.0,1266.0,213.0,391.0,421.0,42.0
2023-07-01 03:00:00,210.0,1267.0,213.0,68.0,417.0,36.0
2023-07-01 04:00:00,269.0,1274.0,209.0,0.0,412.0,40.0
2023-07-01 05:00:00,193.0,1275.0,221.0,0.0,412.0,42.0
2023-07-01 06:00:00,204.0,1226.0,234.0,0.0,413.0,20.0
2023-07-01 07:00:00,227.0,997.0,231.0,0.0,226.0,7.0
2023-07-01 08:00:00,245.0,1034.0,211.0,1.0,227.0,10.0
2023-07-01 09:00:00,255.0,1026.0,156.0,0.0,39.0,10.0
2023-07-01 10:00:00,264.0,940.0,132.0,9.0,38.0,9.0
2023-07-01 11:00:00,264.0,807.0,127.0,0.0,38.0,9.0
2023-07-01 12:00:00,264.0,784.0,180.0,0.0,38.0,7.0
2023-07-01 13:00:00,296.0,784.0,196.0,2.0,38.0,6.0
2023-07-01 14:00:00,359.0,617.0,122.0,145.0,38.0,4.0
2023-07-01 15:00:00,366.0,446.0,103.0,550.0,0.0,2.0
2023-07-01 16:00:00,365.0,453.0,101.0,838.0,37.0,0.0
2023-07-01 17:00:00,350.0,462.0,104.0,970.0,0.0,0.0
2023-07-01 18:00:00,360.0,491.0,102.0,1047.0,0.0,0.0
2023-07-01 19:00:00,361.0,643.0,110.0,1063.0,0.0,0.0
2023-07-01 20:00:00,369.0,707.0,117.0,1060.0,25.0,0.0
2023-07-01 21:00:00,369.0,741.0,130.0,1060.0,41.0,0.0
2023-07-01 22:00:00,367.0,729.0,148.0,1035.0,41.0,0.0
2023-07-01 23:00:00,370.0,859.0,196.0,967.0,41.0,5.0
2023-07-02 00:00:00,371.0,912.0,203.0,857.0,41.0,10.0
2023-07-02 01:00:00,373.0,1230.0,217.0,690.0,42.0,18.0
2023-07-02 02:00:00,391.0,1622.0,228.0,379.0,42.0,18.0
2023-07-02 03:00:00,375.0,1745.0,237.0,64.0,42.0,28.0
2023-07-02 04:00:00,374.0,1747.0,238.0,0.0,42.0,35.0
2023-07-02 05:00:00,377.0,1730.0,236.0,0.0,42.0,26.0
2023-07-02 06:00:00,377.0,1562.0,231.0,0.0,42.0,16.0
2023-07-02 07:00:00,378.0,1508.0,215.0,0.0,42.0,14.0
2023-07-02 08:00:00,397.0,1448.0,208.0,0.0,42.0,14.0
2023-07-02 09:00:00,399.0,1284.0,195.0,0.0,42.0,14.0
2023-07-02 10:00:00,396.0,1023.0,147.0,0.0,36.0,13.0
2023-07-02 11:00:00,394.0,955.0,179.0,0.0,39.0,11.0
2023-07-02 12:00:00,394.0,955.0,157.0,0.0,38.0,11.0
2023-07-02 13:00:00,393.0,875.0,185.0,2.0,40.0,8.0
2023-07-02 14:00:00,391.0,698.0,132.0,140.0,0.0,8.0
2023-07-02 15:00:00,388.0,472.0,103.0,542.0,0.0,5.0
2023-07-02 16:00:00,372.0,442.0,101.0,840.0,0.0,3.0
2023-07-02 17:00:00,378.0,442.0,102.0,966.0,0.0,2.0
2023-07-02 18:00:00,378.0,442.0,116.0,1034.0,0.0,0.0
2023-07-02 19:00:00,379.0,437.0,118.0,1063.0,0.0,0.0
2023-07-02 20:00:00,389.0,462.0,118.0,1055.0,0.0,1.0
2023-07-02 21:00:00,390.0,600.0,129.0,1059.0,0.0,4.0
2023-07-02 22:00:00,392.0,869.0,139.0,1032.0,0.0,3.0
2023-07-02 23:00:00,396.0,1141.0,195.0,944.0,0.0,4.0
2023-07-03 00:00:00,397.0,1634.0,203.0,853.0,42.0,5.0
2023-07-03 01:00:00,394.0,1722.0,213.0,717.0,288.0,6.0
2023-07-03 02:00:00,398.0,1727.0,225.0,393.0,524.0,11.0
2023-07-03 03:00:00,524.0,1736.0,228.0,67.0,520.0,11.0
2023-07-03 04:00:00,414.0,1742.0,231.0,0.0,519.0,15.0
2023-07-03 05:00:00,408.0,1750.0,225.0,0.0,522.0,16.0
2023-07-03 06:00:00,411.0,1751.0,217.0,0.0,521.0,9.0
2023-07-03 07:00:00,403.0,1622.0,218.0,0.0,520.0,8.0
2023-07-03 08:00:00,401.0,1507.0,207.0,0.0,44.0,11.0
2023-07-03 09:00:00,400.0,1422.0,201.0,0.0,42.0,14.0
2023-07-03 10:00:00,396.0,1043.0,196.0,0.0,42.0,10.0
2023-07-03 11:00:00,395.0,985.0,192.0,0.0,42.0,9.0
2023-07-03 12:00:00,395.0,974.0,190.0,0.0,42.0,10.0
2023-07-03 13:00:00,397.0,933.0,187.0,1.0,42.0,25.0
2023-07-03 14:00:00,398.0,863.0,171.0,133.0,42.0,17.0
2023-07-03 15:00:00,391.0,632.0,125.0,538.0,42.0,17.0
2023-07-03 16:00:00,391.0,603.0,105.0,832.0,43.0,30.0
2023-07-03 17:00:00,391.0,600.0,110.0,958.0,0.0,108.0
2023-07-03 18:00:00,394.0,726.0,121.0,1047.0,0.0,123.0
2023-07-03 19:00:00,395.0,817.0,124.0,1097.0,0.0,83.0
2023-07-03 20:00:00,396.0,941.0,128.0,1085.0,0.0,102.0
2023-07-03 21:00:00,397.0,1081.0,161.0,1046.0,0.0,120.0
2023-07-03 22:00:00,398.0,1140.0,212.0,1035.0,34.0,136.0
2023-07-03 23:00:00,399.0,1236.0,215.0,1006.0,46.0,155.0
2023-07-04 00:00:00,399.0,1354.0,220.0,887.0,46.0,176.0
2023-07-04 01:00:00,394.0,1529.0,224.0,732.0,229.0,192.0
2023-07-04 02:00:00,391.0,1654.0,234.0,402.0,231.0,197.0
2023-07-04 03:00:00,394.0,1731.0,236.0,76.0,229.0,174.0
2023-07-04 04:00:00,398.0,1738.0,233.0,0.0,230.0,162.0
2023-07-04 05:00:00,401.0,1746.0,233.0,0.0,42.0,122.0
2023-07-04 06:00:00,402.0,1738.0,228.0,0.0,42.0,105.0
2023-07-04 07:00:00,402.0,1306.0,217.0,1.0,42.0,127.0
2023-07-04 08:00:00,400.0,1255.0,203.0,0.0,48.0,138.0
2023-07-04 09:00:00,399.0,1237.0,192.0,6.0,48.0,43.0
2023-07-04 10:00:00,396.0,1066.0,180.0,2.0,48.0,13.0
2023-07-04 11:00:00,394.0,1060.0,175.0,0.0,48.0,12.0
2023-07-04 12:00:00,392.0,1065.0,176.0,0.0,48.0,15.0
2023-07-04 13:00:00,391.0,984.0,169.0,2.0,48.0,13.0
2023-07-04 14:00:00,388.0,874.0,112.0,146.0,48.0,14.0
2023-07-04 15:00:00,387.0,440.0,101.0,562.0,48.0,13.0
2023-07-04 16:00:00,383.0,440.0,101.0,861.0,49.0,13.0
2023-07-04 17:00:00,375.0,440.0,101.0,991.0,0.0,16.0
2023-07-04 18:00:00,377.0,441.0,102.0,1077.0,0.0,12.0
2023-07-04 19:00:00,378.0,442.0,102.0,1102.0,0.0,13.0
2023-07-04 20:00:00,384.0,441.0,102.0,1103.0,49.0,49.0
2023-07-04 21:00:00,392.0,442.0,114.0,1093.0,49.0,110.0
2023-07-04 22:00:00,396.0,442.0,121.0,1087.0,49.0,153.0
2023-07-04 23:00:00,398.0,440.0,128.0,1036.0,51.0,179.0
2023-07-05 00:00:00,399.0,442.0,150.0,935.0,236.0,212.0
2023-07-05 01:00:00,400.0,626.0,209.0,765.0,235.0,210.0
2023-07-05 02:00:00,400.0,768.0,219.0,427.0,236.0,210.0
2023-07-05 03:00:00,491.0,1168.0,229.0,75.0,234.0,194.0
2023-07-05 04:00:00,413.0,1276.0,217.0,0.0,412.0,182.0
2023-07-05 05:00:00,405.0,1282.0,220.0,0.0,418.0,82.0
2023-07-05 06:00:00,405.0,1286.0,222.0,0.0,239.0,53.0
2023-07-05 07:00:00,405.0,1042.0,207.0,0.0,229.0,53.0
2023-07-05 08:00:00,400.0,784.0,172.0,0.0,45.0,65.0
2023-07-05 09:00:00,399.0,785.0,133.0,0.0,48.0,39.0
2023-07-05 10:00:00,391.0,785.0,133.0,0.0,48.0,11.0
2023-07-05 11:00:00,391.0,785.0,131.0,0.0,48.0,8.0
2023-07-05 12:00:00,390.0,785.0,133.0,0.0,48.0,9.0
2023-07-05 13:00:00,391.0,788.0,126.0,2.0,48.0,10.0
2023-07-05 14:00:00,393.0,766.0,124.0,138.0,48.0,8.0
2023-07-05 15:00:00,389.0,540.0,111.0,545.0,48.0,8.0
2023-07-05 16:00:00,391.0,443.0,105.0,834.0,49.0,7.0
2023-07-05 17:00:00,390.0,445.0,103.0,950.0,49.0,6.0
2023-07-05 18:00:00,392.0,592.0,104.0,1016.0,49.0,4.0
2023-07-05 19:00:00,393.0,616.0,110.0,1033.0,49.0,1.0
2023-07-05 20:00:00,390.0,778.0,121.0,1078.0,49.0,0.0
2023-07-05 21:00:00,393.0,780.0,168.0,1081.0,49.0,2.0
2023-07-05 22:00:00,394.0,789.0,229.0,1065.0,49.0,6.0
2023-07-05 23:00:00,397.0,943.0,236.0,1013.0,71.0,12.0
2023-07-06 00:00:00,412.0,1126.0,192.0,908.0,285.0,20.0
2023-07-06 01:00:00,441.0,1269.0,234.0,732.0,242.0,22.0
2023-07-06 02:00:00,402.0,1388.0,242.0,406.0,255.0,31.0
2023-07-06 03:00:00,394.0,1357.0,239.0,71.0,473.0,56.0
2023-07-06 04:00:00,400.0,1317.0,238.0,0.0,435.0,78.0
2023-07-06 05:00:00,403.0,1281.0,237.0,0.0,419.0,149.0
2023-07-06 06:00:00,400.0,1283.0,225.0,0.0,49.0,173.0
2023-07-06 07:00:00,400.0,1243.0,218.0,0.0,48.0,153.0
2023-07-06 08:00:00,399.0,1273.0,230.0,0.0,49.0,74.0
2023-07-06 09:00:00,373.0,1253.0,210.0,0.0,49.0,78.0
2023-07-06 10:00:00,369.0,1212.0,167.0,0.0,48.0,53.0
2023-07-06 11:00:00,369.0,1240.0,160.0,0.0,48.0,76.0
2023-07-06 12:00:00,368.0,1269.0,165.0,0.0,48.0,76.0
2023-07-06 13:00:00,371.0,1288.0,220.0,2.0,48.0,71.0
2023-07-06 14:00:00,371.0,977.0,191.0,146.0,48.0,84.0
2023-07-06 15:00:00,371.0,560.0,122.0,570.0,47.0,53.0
2023-07-06 16:00:00,377.0,450.0,115.0,876.0,0.0,57.0
2023-07-06 17:00:00,378.0,440.0,122.0,995.0,0.0,105.0
2023-07-06 18:00:00,379.0,441.0,127.0,1060.0,0.0,88.0
2023-07-06 19:00:00,378.0,441.0,137.0,1096.0,0.0,73.0
2023-07-06 20:00:00,380.0,443.0,144.0,1099.0,37.0,54.0
2023-07-06 21:00:00,382.0,451.0,145.0,1100.0,48.0,68.0
2023-07-06 22:00:00,386.0,528.0,153.0,1083.0,48.0,100.0
2023-07-06 23:00:00,389.0,455.0,155.0,1027.0,49.0,141.0
2023-07-07 00:00:00,391.0,561.0,156.0,927.0,52.0,189.0
2023-07-07 01:00:00,393.0,858.0,164.0,765.0,409.0,211.0
2023-07-07 02:00:00,391.0,1230.0,227.0,436.0,436.0,208.0
2023-07-07 03:00:00,386.0,1274.0,237.0,78.0,493.0,166.0
2023-07-07 04:00:00,394.0,1279.0,237.0,0.0,481.0,139.0
2023-07-07 05:00:00,402.0,1284.0,234.0,0.0,520.0,145.0
2023-07-07 06:00:00,398.0,1285.0,238.0,5.0,521.0,138.0
2023-07-07 07:00:00,388.0,1283.0,228.0,0.0,237.0,123.0
2023-07-07 08:00:00,378.0,1133.0,230.0,0.0,43.0,97.0
2023-07-07 09:00:00,374.0,805.0,227.0,0.0,38.0,67.0
2023-07-07 10:00:00,369.0,689.0,200.0,0.0,38.0,86.0
2023-07-07 11:00:00,368.0,480.0,161.0,0.0,38.0,67.0
2023-07-07 12:00:00,368.0,481.0,200.0,0.0,38.0,43.0
2023-07-07 13:00:00,368.0,484.0,227.0,1.0,38.0,30.0
2023-07-07 14:00:00,372.0,431.0,218.0,146.0,38.0,27.0
2023-07-07 15:00:00,372.0,318.0,150.0,572.0,40.0,24.0
2023-07-07 16:00:00,370.0,301.0,131.0,878.0,0.0,35.0
2023-07-07 17:00:00,371.0,331.0,127.0,1002.0,0.0,85.0
2023-07-07 18:00:00,370.0,441.0,128.0,1074.0,0.0,121.0
2023-07-07 19:00:00,371.0,447.0,128.0,1111.0,0.0,142.0
2023-07-07 20:00:00,372.0,443.0,138.0,1108.0,0.0,134.0
2023-07-07 21:00:00,376.0,463.0,145.0,1099.0,0.0,115.0
2023-07-07 22:00:00,381.0,574.0,151.0,1088.0,40.0,105.0
2023-07-07 23:00:00,385.0,467.0,158.0,1037.0,40.0,98.0
2023-07-08 00:00:00,387.0,488.0,168.0,936.0,39.0,104.0
2023-07-08 01:00:00,389.0,624.0,177.0,769.0,273.0,133.0
2023-07-08 02:00:00,390.0,897.0,237.0,435.0,280.0,182.0
2023-07-08 03:00:00,387.0,1193.0,242.0,77.0,519.0,163.0
2023-07-08 04:00:00,389.0,1213.0,241.0,0.0,521.0,185.0
2023-07-08 05:00:00,400.0,1286.0,241.0,0.0,517.0,175.0
2023-07-08 06:00:00,393.0,1183.0,240.0,0.0,282.0,133.0
2023-07-08 07:00:00,389.0,931.0,238.0,0.0,284.0,121.0
2023-07-08 08:00:00,379.0,749.0,234.0,0.0,231.0,109.0
2023-07-08 09:00:00,371.0,384.0,231.0,0.0,228.0,60.0
2023-07-08 10:00:00,371.0,349.0,177.0,0.0,229.0,99.0
2023-07-08 11:00:00,369.0,357.0,162.0,0.0,228.0,94.0
2023-07-08 12:00:00,369.0,387.0,169.0,0.0,228.0,43.0
2023-07-08 13:00:00,371.0,475.0,228.0,1.0,229.0,32.0
2023-07-08 14:00:00,370.0,404.0,183.0,138.0,227.0,27.0
2023-07-08 15:00:00,367.0,308.0,120.0,565.0,44.0,30.0
2023-07-08 16:00:00,362.0,306.0,110.0,882.0,43.0,41.0
2023-07-08 17:00:00,363.0,306.0,102.0,1016.0,43.0,97.0
2023-07-08 18:00:00,363.0,307.0,102.0,1092.0,43.0,93.0
2023-07-08 19:00:00,362.0,305.0,103.0,1108.0,43.0,51.0
2023-07-08 20:00:00,363.0,317.0,107.0,1097.0,43.0,24.0
2023-07-08 21:00:00,366.0,335.0,112.0,1096.0,43.0,28.0
2023-07-08 22:00:00,370.0,365.0,124.0,1084.0,43.0,45.0
2023-07-08 23:00:00,369.0,428.0,129.0,1014.0,43.0,75.0
2023-07-09 00:00:00,373.0,541.0,150.0,907.0,43.0,130.0
2023-07-09 01:00:00,379.0,830.0,177.0,745.0,43.0,158.0
2023-07-09 02:00:00,380.0,1019.0,232.0,424.0,218.0,192.0
2023-07-09 03:00:00,379.0,1021.0,240.0,73.0,269.0,163.0
2023-07-09 04:00:00,387.0,1123.0,240.0,0.0,249.0,163.0
2023-07-09 05:00:00,445.0,1125.0,238.0,0.0,229.0,179.0
2023-07-09 06:00:00,396.0,1125.0,237.0,0.0,44.0,141.0
2023-07-09 07:00:00,382.0,1076.0,235.0,0.0,40.0,121.0
2023-07-09 08:00:00,378.0,938.0,234.0,0.0,50.0,92.0
2023-07-09 09:00:00,372.0,779.0,229.0,0.0,50.0,70.0
2023-07-09 10:00:00,370.0,654.0,219.0,0.0,50.0,70.0
2023-07-09 11:00:00,371.0,626.0,179.0,0.0,50.0,78.0
2023-07-09 12:00:00,370.0,782.0,208.0,0.0,50.0,77.0
2023-07-09 13:00:00,370.0,785.0,216.0,1.0,50.0,81.0
2023-07-09 14:00:00,371.0,645.0,168.0,140.0,51.0,72.0
2023-07-09 15:00:00,369.0,521.0,115.0,562.0,0.0,59.0
2023-07-09 16:00:00,368.0,444.0,108.0,866.0,0.0,64.0
2023-07-09 17:00:00,362.0,444.0,104.0,996.0,0.0,86.0
2023-07-09 18:00:00,361.0,444.0,103.0,1081.0,0.0,185.0
2023-07-09 19:00:00,364.0,443.0,103.0,1083.0,0.0,141.0
2023-07-09 20:00:00,367.0,442.0,112.0,1106.0,0.0,150.0
2023-07-09 21:00:00,367.0,442.0,119.0,1115.0,0.0,145.0
2023-07-09 22:00:00,367.0,446.0,133.0,1100.0,0.0,198.0
2023-07-09 23:00:00,373.0,471.0,144.0,1037.0,50.0,221.0
2023-07-10 00:00:00,377.0,800.0,147.0,929.0,229.0,223.0
2023-07-10 01:00:00,378.0,1100.0,204.0,759.0,236.0,210.0
2023-07-10 02:00:00,382.0,1335.0,235.0,424.0,235.0,183.0
2023-07-10 03:00:00,382.0,1359.0,238.0,74.0,259.0,154.0
2023-07-10 04:00:00,392.0,1425.0,234.0,0.0,240.0,74.0
2023-07-10 05:00:00,392.0,1544.0,233.0,0.0,238.0,80.0
2023-07-10 06:00:00,390.0,1605.0,238.0,0.0,235.0,109.0
2023-07-10 07:00:00,418.0,1521.0,226.0,0.0,50.0,142.0
2023-07-10 08:00:00,402.0,1342.0,213.0,0.0,50.0,125.0
2023-07-10 09:00:00,374.0,939.0,201.0,0.0,50.0,114.0
2023-07-10 10:00:00,371.0,861.0,195.0,0.0,50.0,141.0
2023-07-10 11:00:00,370.0,938.0,196.0,0.0,50.0,102.0
2023-07-10 12:00:00,363.0,966.0,209.0,0.0,50.0,88.0
2023-07-10 13:00:00,363.0,1003.0,217.0,1.0,50.0,121.0
2023-07-10 14:00:00,386.0,971.0,204.0,139.0,50.0,96.0
2023-07-10 15:00:00,540.0,714.0,134.0,568.0,0.0,77.0
2023-07-10 16:00:00,693.0,607.0,116.0,881.0,0.0,126.0
2023-07-10 17:00:00,771.0,608.0,103.0,1010.0,0.0,211.0
2023-07-10 18:00:00,773.0,596.0,106.0,1084.0,0.0,221.0
2023-07-10 19:00:00,773.0,704.0,122.0,1107.0,0.0,219.0
2023-07-10 20:00:00,776.0,711.0,140.0,1106.0,0.0,218.0
2023-07-10 21:00:00,784.0,682.0,152.0,1102.0,30.0,225.0
2023-07-10 22:00:00,795.0,744.0,209.0,1086.0,50.0,220.0
2023-07-10 23:00:00,795.0,869.0,225.0,947.0,50.0,219.0
2023-07-11 00:00:00,796.0,981.0,242.0,838.0,50.0,221.0
2023-07-11 01:00:00,797.0,1072.0,245.0,713.0,224.0,223.0
2023-07-11 02:00:00,790.0,1590.0,241.0,421.0,256.0,212.0
2023-07-11 03:00:00,654.0,2025.0,240.0,73.0,493.0,194.0
2023-07-11 04:00:00,600.0,1796.0,239.0,0.0,417.0,186.0
2023-07-11 05:00:00,550.0,1749.0,241.0,0.0,233.0,130.0
2023-07-11 06:00:00,427.0,1748.0,240.0,0.0,237.0,94.0
2023-07-11 07:00:00,395.0,1749.0,238.0,0.0,242.0,106.0
2023-07-11 08:00:00,380.0,1283.0,236.0,0.0,237.0,88.0
2023-07-11 09:00:00,371.0,775.0,229.0,0.0,236.0,52.0
2023-07-11 10:00:00,365.0,814.0,174.0,0.0,237.0,54.0
2023-07-11 11:00:00,365.0,820.0,164.0,0.0,238.0,72.0
2023-07-11 12:00:00,385.0,915.0,219.0,0.0,238.0,75.0
2023-07-11 13:00:00,405.0,978.0,232.0,1.0,237.0,84.0
2023-07-11 14:00:00,432.0,951.0,217.0,127.0,54.0,77.0
2023-07-11 15:00:00,608.0,685.0,156.0,521.0,53.0,54.0
2023-07-11 16:00:00,789.0,606.0,126.0,795.0,0.0,95.0
2023-07-11 17:00:00,828.0,611.0,141.0,893.0,0.0,112.0
2023-07-11 18:00:00,815.0,627.0,159.0,892.0,0.0,100.0
2023-07-11 19:00:00,966.0,641.0,177.0,866.0,0.0,87.0
2023-07-11 20:00:00,1024.0,864.0,184.0,865.0,38.0,112.0
2023-07-11 21:00:00,1025.0,952.0,193.0,866.0,53.0,143.0
2023-07-11 22:00:00,1023.0,979.0,228.0,960.0,53.0,139.0
2023-07-11 23:00:00,1023.0,997.0,232.0,915.0,53.0,147.0
2023-07-12 00:00:00,1023.0,1481.0,238.0,832.0,53.0,171.0
2023-07-12 01:00:00,1021.0,1649.0,242.0,656.0,53.0,196.0
2023-07-12 02:00:00,1003.0,1808.0,249.0,359.0,95.0,197.0
2023-07-12 03:00:00,829.0,1827.0,248.0,61.0,295.0,188.0
2023-07-12 04:00:00,601.0,1832.0,242.0,0.0,291.0,185.0
2023-07-12 05:00:00,493.0,1839.0,249.0,0.0,271.0,154.0
2023-07-12 06:00:00,432.0,1749.0,249.0,0.0,246.0,112.0
2023-07-12 07:00:00,413.0,1745.0,247.0,0.0,238.0,105.0
2023-07-12 08:00:00,396.0,1615.0,235.0,0.0,59.0,154.0
2023-07-12 09:00:00,382.0,1502.0,235.0,0.0,53.0,156.0
2023-07-12 10:00:00,372.0,1505.0,235.0,0.0,53.0,121.0
2023-07-12 11:00:00,368.0,1367.0,235.0,0.0,53.0,129.0
2023-07-12 12:00:00,368.0,1269.0,230.0,0.0,53.0,133.0
2023-07-12 13:00:00,368.0,1279.0,234.0,1.0,53.0,82.0
2023-07-12 14:00:00,388.0,1217.0,216.0,107.0,53.0,82.0
2023-07-12 15:00:00,526.0,739.0,172.0,486.0,52.0,81.0
2023-07-12 16:00:00,689.0,668.0,153.0,795.0,0.0,102.0
2023-07-12 17:00:00,774.0,669.0,160.0,938.0,0.0,125.0
2023-07-12 18:00:00,783.0,731.0,153.0,1012.0,0.0,140.0
2023-07-12 19:00:00,790.0,849.0,153.0,1046.0,0.0,120.0
2023-07-12 20:00:00,804.0,959.0,169.0,1058.0,28.0,149.0
2023-07-12 21:00:00,808.0,1181.0,212.0,1070.0,38.0,155.0
2023-07-12 22:00:00,809.0,1389.0,221.0,1050.0,38.0,175.0
2023-07-12 23:00:00,809.0,1355.0,222.0,995.0,151.0,175.0
2023-07-13 00:00:00,810.0,1432.0,235.0,892.0,452.0,209.0
2023-07-13 01:00:00,807.0,1438.0,232.0,723.0,510.0,229.0
2023-07-13 02:00:00,801.0,1473.0,247.0,394.0,514.0,214.0
2023-07-13 03:00:00,628.0,1718.0,256.0,66.0,513.0,203.0
2023-07-13 04:00:00,536.0,1754.0,235.0,0.0,511.0,200.0
2023-07-13 05:00:00,480.0,1768.0,246.0,0.0,423.0,152.0
2023-07-13 06:00:00,510.0,1728.0,248.0,0.0,43.0,124.0
2023-07-13 07:00:00,428.0,1712.0,238.0,0.0,38.0,139.0
2023-07-13 08:00:00,412.0,1649.0,236.0,0.0,38.0,166.0
2023-07-13 09:00:00,395.0,1454.0,236.0,0.0,38.0,120.0
2023-07-13 10:00:00,382.0,1457.0,235.0,0.0,38.0,118.0
2023-07-13 11:00:00,376.0,1455.0,231.0,0.0,38.0,112.0
2023-07-13 12:00:00,372.0,1460.0,233.0,0.0,38.0,76.0
2023-07-13 13:00:00,370.0,1461.0,237.0,1.0,38.0,74.0
2023-07-13 14:00:00,390.0,1320.0,233.0,120.0,38.0,100.0
2023-07-13 15:00:00,531.0,668.0,191.0,532.0,39.0,91.0
2023-07-13 16:00:00,705.0,506.0,167.0,836.0,0.0,93.0
2023-07-13 17:00:00,890.0,481.0,170.0,963.0,0.0,49.0
2023-07-13 18:00:00,897.0,522.0,173.0,1040.0,0.0,14.0
2023-07-13 19:00:00,897.0,686.0,173.0,1058.0,0.0,9.0
2023-07-13 20:00:00,897.0,905.0,177.0,1067.0,0.0,7.0
2023-07-13 21:00:00,897.0,1227.0,212.0,1043.0,39.0,8.0
2023-07-13 22:00:00,896.0,1474.0,238.0,1023.0,42.0,11.0
2023-07-13 23:00:00,895.0,1686.0,238.0,978.0,226.0,15.0
2023-07-14 00:00:00,841.0,1854.0,241.0,904.0,227.0,20.0
2023-07-14 01:00:00,806.0,1960.0,245.0,732.0,227.0,22.0
2023-07-14 02:00:00,800.0,1975.0,246.0,422.0,238.0,26.0
2023-07-14 03:00:00,655.0,2150.0,248.0,70.0,277.0,34.0
2023-07-14 04:00:00,587.0,2177.0,239.0,0.0,265.0,76.0
2023-07-14 05:00:00,476.0,2155.0,234.0,0.0,235.0,62.0
2023-07-14 06:00:00,457.0,1996.0,234.0,0.0,223.0,47.0
2023-07-14 07:00:00,445.0,1753.0,234.0,0.0,221.0,30.0
2023-07-14 08:00:00,419.0,1756.0,228.0,0.0,34.0,22.0
2023-07-14 09:00:00,407.0,1757.0,223.0,0.0,31.0,20.0
2023-07-14 10:00:00,396.0,1759.0,228.0,0.0,31.0,21.0
2023-07-14 11:00:00,394.0,1762.0,235.0,0.0,31.0,16.0
2023-07-14 12:00:00,393.0,1721.0,234.0,0.0,0.0,13.0
2023-07-14 13:00:00,394.0,1763.0,231.0,1.0,0.0,16.0
2023-07-14 14:00:00,401.0,1669.0,212.0,120.0,0.0,35.0
2023-07-14 15:00:00,402.0,855.0,166.0,529.0,0.0,40.0
2023-07-14 16:00:00,405.0,649.0,156.0,838.0,0.0,42.0
2023-07-14 17:00:00,408.0,702.0,154.0,969.0,0.0,33.0
2023-07-14 18:00:00,417.0,880.0,159.0,1027.0,0.0,34.0
2023-07-14 19:00:00,420.0,988.0,229.0,1052.0,26.0,50.0
2023-07-14 20:00:00,427.0,995.0,231.0,1048.0,35.0,48.0
2023-07-14 21:00:00,426.0,1027.0,228.0,1041.0,35.0,31.0
2023-07-14 22:00:00,417.0,1093.0,234.0,1007.0,254.0,18.0
2023-07-14 23:00:00,526.0,1300.0,236.0,941.0,501.0,29.0
2023-07-15 00:00:00,521.0,1514.0,242.0,836.0,510.0,38.0
2023-07-15 01:00:00,420.0,1808.0,246.0,683.0,526.0,40.0
2023-07-15 02:00:00,408.0,2052.0,261.0,388.0,513.0,60.0
2023-07-15 03:00:00,390.0,2104.0,263.0,63.0,525.0,95.0
2023-07-15 04:00:00,414.0,2117.0,259.0,0.0,524.0,139.0
2023-07-15 05:00:00,432.0,2212.0,239.0,0.0,483.0,159.0
2023-07-15 06:00:00,443.0,2148.0,238.0,0.0,48.0,119.0
2023-07-15 07:00:00,450.0,2123.0,236.0,0.0,45.0,52.0
2023-07-15 08:00:00,432.0,1877.0,234.0,0.0,45.0,9.0
2023-07-15 09:00:00,403.0,1625.0,233.0,0.0,45.0,5.0
2023-07-15 10:00:00,400.0,1503.0,234.0,0.0,44.0,2.0
2023-07-15 11:00:00,392.0,1508.0,235.0,0.0,0.0,2.0
2023-07-15 12:00:00,390.0,1507.0,235.0,0.0,0.0,2.0
2023-07-15 13:00:00,392.0,1507.0,234.0,1.0,0.0,1.0
2023-07-15 14:00:00,398.0,1189.0,215.0,113.0,0.0,0.0
2023-07-15 15:00:00,393.0,871.0,153.0,516.0,0.0,0.0
2023-07-15 16:00:00,396.0,725.0,146.0,823.0,0.0,0.0
2023-07-15 17:00:00,400.0,892.0,155.0,948.0,0.0,1.0
2023-07-15 18:00:00,404.0,802.0,162.0,1015.0,0.0,6.0
2023-07-15 19:00:00,410.0,904.0,165.0,1035.0,0.0,14.0
2023-07-15 20:00:00,425.0,999.0,215.0,1025.0,0.0,10.0
2023-07-15 21:00:00,422.0,1351.0,214.0,1017.0,40.0,13.0
2023-07-15 22:00:00,415.0,1874.0,217.0,989.0,46.0,14.0
2023-07-15 23:00:00,415.0,2090.0,222.0,925.0,46.0,12.0
2023-07-16 00:00:00,416.0,2127.0,222.0,828.0,54.0,19.0
2023-07-16 01:00:00,418.0,2158.0,225.0,675.0,281.0,35.0
2023-07-16 02:00:00,421.0,2292.0,239.0,376.0,285.0,59.0
2023-07-16 03:00:00,451.0,2430.0,240.0,57.0,283.0,65.0
2023-07-16 04:00:00,428.0,2401.0,239.0,0.0,283.0,48.0
2023-07-16 05:00:00,435.0,2242.0,232.0,0.0,284.0,12.0
2023-07-16 06:00:00,431.0,2225.0,237.0,0.0,282.0,5.0
2023-07-16 07:00:00,431.0,2119.0,239.0,0.0,45.0,4.0
2023-07-16 08:00:00,413.0,2118.0,235.0,0.0,52.0,4.0
2023-07-16 09:00:00,395.0,1861.0,235.0,0.0,52.0,2.0
2023-07-16 10:00:00,390.0,1764.0,234.0,0.0,52.0,1.0
2023-07-16 11:00:00,382.0,1755.0,223.0,0.0,52.0,1.0
2023-07-16 12:00:00,376.0,1756.0,232.0,0.0,52.0,1.0
2023-07-16 13:00:00,374.0,1756.0,232.0,1.0,52.0,0.0
2023-07-16 14:00:00,370.0,1569.0,213.0,98.0,52.0,2.0
2023-07-16 15:00:00,363.0,888.0,153.0,457.0,0.0,3.0
2023-07-16 16:00:00,362.0,755.0,121.0,669.0,0.0,1.0
2023-07-16 17:00:00,363.0,751.0,123.0,788.0,0.0,0.0
2023-07-16 18:00:00,363.0,886.0,148.0,872.0,0.0,12.0
2023-07-16 19:00:00,372.0,1324.0,166.0,970.0,52.0,60.0
2023-07-16 20:00:00,391.0,1954.0,227.0,962.0,52.0,36.0
2023-07-16 21:00:00,433.0,2027.0,222.0,960.0,53.0,16.0
2023-07-16 22:00:00,384.0,2047.0,223.0,950.0,290.0,10.0
2023-07-16 23:00:00,441.0,2071.0,223.0,884.0,293.0,6.0
2023-07-17 00:00:00,469.0,2116.0,223.0,748.0,533.0,7.0
2023-07-17 01:00:00,572.0,2134.0,219.0,633.0,531.0,10.0
2023-07-17 02:00:00,573.0,2285.0,231.0,341.0,535.0,13.0
2023-07-17 03:00:00,605.0,2359.0,235.0,52.0,528.0,19.0
2023-07-17 04:00:00,497.0,2265.0,227.0,0.0,527.0,51.0
2023-07-17 05:00:00,472.0,2241.0,218.0,0.0,519.0,107.0
2023-07-17 06:00:00,402.0,2181.0,236.0,0.0,259.0,160.0
2023-07-17 07:00:00,407.0,2102.0,233.0,0.0,66.0,124.0
2023-07-17 08:00:00,388.0,1792.0,235.0,0.0,52.0,74.0
2023-07-17 09:00:00,389.0,1631.0,235.0,0.0,52.0,63.0
2023-07-17 10:00:00,387.0,1487.0,235.0,0.0,52.0,65.0
2023-07-17 11:00:00,382.0,1490.0,235.0,0.0,52.0,81.0
2023-07-17 12:00:00,381.0,1505.0,235.0,0.0,52.0,91.0
2023-07-17 13:00:00,411.0,1632.0,244.0,0.0,52.0,87.0
2023-07-17 14:00:00,590.0,1720.0,235.0,60.0,52.0,94.0
2023-07-17 15:00:00,695.0,1652.0,213.0,249.0,0.0,74.0
2023-07-17 16:00:00,696.0,1579.0,211.0,578.0,0.0,80.0
2023-07-17 17:00:00,706.0,1644.0,222.0,701.0,0.0,140.0
2023-07-17 18:00:00,706.0,1631.0,229.0,964.0,52.0,155.0
2023-07-17 19:00:00,710.0,1760.0,224.0,961.0,52.0,108.0
2023-07-17 20:00:00,787.0,1761.0,223.0,1005.0,52.0,155.0
2023-07-17 21:00:00,790.0,1886.0,216.0,921.0,71.0,182.0
2023-07-17 22:00:00,794.0,2001.0,238.0,776.0,244.0,193.0
2023-07-17 23:00:00,898.0,2109.0,238.0,766.0,288.0,192.0
2023-07-18 00:00:00,1030.0,2197.0,238.0,665.0,291.0,116.0
2023-07-18 01:00:00,1166.0,1940.0,235.0,588.0,291.0,112.0
2023-07-18 02:00:00,1178.0,1981.0,237.0,343.0,292.0,43.0
2023-07-18 03:00:00,1175.0,1853.0,238.0,53.0,474.0,85.0
2023-07-18 04:00:00,1171.0,1965.0,226.0,0.0,472.0,60.0
2023-07-18 05:00:00,1170.0,1729.0,239.0,0.0,476.0,17.0
2023-07-18 06:00:00,1180.0,1461.0,245.0,0.0,476.0,54.0
2023-07-18 07:00:00,1153.0,1249.0,243.0,0.0,377.0,108.0
2023-07-18 08:00:00,915.0,1268.0,235.0,0.0,53.0,135.0
2023-07-18 09:00:00,644.0,1231.0,236.0,0.0,52.0,54.0
2023-07-18 10:00:00,621.0,1169.0,234.0,0.0,0.0,22.0
2023-07-18 11:00:00,550.0,1155.0,188.0,0.0,0.0,22.0
2023-07-18 12:00:00,494.0,981.0,229.0,0.0,0.0,24.0
2023-07-18 13:00:00,431.0,990.0,236.0,0.0,0.0,54.0
2023-07-18 14:00:00,605.0,994.0,221.0,96.0,0.0,63.0
2023-07-18 15:00:00,700.0,889.0,177.0,465.0,0.0,39.0
2023-07-18 16:00:00,709.0,775.0,143.0,771.0,0.0,55.0
2023-07-18 17:00:00,713.0,818.0,157.0,911.0,0.0,60.0
2023-07-18 18:00:00,713.0,923.0,218.0,981.0,0.0,60.0
2023-07-18 19:00:00,713.0,1032.0,236.0,1005.0,0.0,36.0
2023-07-18 20:00:00,712.0,1296.0,239.0,1030.0,55.0,73.0
2023-07-18 21:00:00,705.0,1637.0,238.0,977.0,54.0,75.0
2023-07-18 22:00:00,707.0,1902.0,238.0,956.0,54.0,52.0
2023-07-18 23:00:00,710.0,1942.0,238.0,890.0,276.0,72.0
2023-07-19 00:00:00,711.0,1962.0,240.0,858.0,294.0,122.0
2023-07-19 01:00:00,808.0,1990.0,241.0,693.0,295.0,243.0
2023-07-19 02:00:00,751.0,2046.0,242.0,371.0,298.0,168.0
2023-07-19 03:00:00,843.0,2006.0,244.0,55.0,249.0,100.0
2023-07-19 04:00:00,730.0,2211.0,262.0,0.0,64.0,186.0
2023-07-19 05:00:00,539.0,2181.0,259.0,0.0,54.0,162.0
2023-07-19 06:00:00,354.0,1969.0,248.0,0.0,54.0,138.0
2023-07-19 07:00:00,222.0,1835.0,234.0,0.0,52.0,155.0
2023-07-19 08:00:00,215.0,1729.0,227.0,0.0,54.0,107.0
2023-07-19 09:00:00,219.0,1694.0,227.0,0.0,54.0,87.0
2023-07-19 10:00:00,236.0,1547.0,239.0,0.0,0.0,50.0
2023-07-19 11:00:00,215.0,1424.0,236.0,0.0,0.0,17.0
2023-07-19 12:00:00,213.0,1437.0,236.0,0.0,0.0,5.0
2023-07-19 13:00:00,346.0,1478.0,236.0,0.0,0.0,6.0
2023-07-19 14:00:00,519.0,1369.0,222.0,94.0,0.0,12.0
2023-07-19 15:00:00,665.0,962.0,214.0,475.0,0.0,13.0
2023-07-19 16:00:00,557.0,979.0,182.0,797.0,0.0,5.0
2023-07-19 17:00:00,572.0,988.0,196.0,934.0,0.0,7.0
2023-07-19 18:00:00,572.0,1017.0,236.0,1000.0,0.0,6.0
2023-07-19 19:00:00,577.0,1272.0,240.0,1023.0,33.0,10.0
2023-07-19 20:00:00,596.0,1672.0,238.0,1033.0,52.0,17.0
2023-07-19 21:00:00,600.0,2044.0,240.0,1026.0,240.0,98.0
2023-07-19 22:00:00,580.0,2105.0,241.0,1003.0,289.0,50.0
2023-07-19 23:00:00,596.0,2112.0,243.0,938.0,295.0,61.0
2023-07-20 00:00:00,611.0,2178.0,235.0,862.0,518.0,150.0
2023-07-20 01:00:00,549.0,2213.0,233.0,676.0,539.0,199.0
2023-07-20 02:00:00,541.0,2349.0,250.0,371.0,538.0,33.0
2023-07-20 03:00:00,602.0,2429.0,258.0,55.0,530.0,69.0
2023-07-20 04:00:00,670.0,2399.0,258.0,0.0,527.0,57.0
2023-07-20 05:00:00,683.0,2274.0,244.0,0.0,296.0,66.0
2023-07-20 06:00:00,500.0,2185.0,247.0,0.0,79.0,41.0
2023-07-20 07:00:00,482.0,2072.0,245.0,0.0,54.0,19.0
2023-07-20 08:00:00,431.0,1853.0,235.0,0.0,52.0,33.0
2023-07-20 09:00:00,469.0,1762.0,238.0,0.0,0.0,24.0
2023-07-20 10:00:00,391.0,1745.0,239.0,0.0,0.0,23.0
2023-07-20 11:00:00,384.0,1748.0,239.0,0.0,0.0,24.0
2023-07-20 12:00:00,466.0,1749.0,216.0,0.0,0.0,10.0
2023-07-20 13:00:00,412.0,1750.0,230.0,0.0,0.0,7.0
2023-07-20 14:00:00,561.0,1652.0,216.0,99.0,0.0,6.0
2023-07-20 15:00:00,699.0,1229.0,187.0,493.0,0.0,2.0
2023-07-20 16:00:00,702.0,973.0,126.0,810.0,0.0,5.0
2023-07-20 17:00:00,706.0,980.0,169.0,943.0,0.0,3.0
2023-07-20 18:00:00,711.0,1121.0,213.0,1015.0,0.0,0.0
2023-07-20 19:00:00,714.0,1551.0,234.0,1044.0,0.0,2.0
2023-07-20 20:00:00,716.0,1705.0,235.0,1042.0,54.0,3.0
2023-07-20 21:00:00,714.0,1698.0,236.0,1034.0,62.0,11.0
2023-07-20 22:00:00,706.0,1802.0,235.0,995.0,290.0,20.0
2023-07-20 23:00:00,717.0,1945.0,242.0,925.0,294.0,27.0
2023-07-21 00:00:00,721.0,1949.0,244.0,781.0,529.0,30.0
2023-07-21 01:00:00,720.0,1950.0,247.0,654.0,532.0,32.0
2023-07-21 02:00:00,724.0,2088.0,251.0,382.0,536.0,37.0
2023-07-21 03:00:00,791.0,2317.0,253.0,57.0,534.0,57.0
2023-07-21 04:00:00,644.0,2319.0,245.0,0.0,530.0,53.0
2023-07-21 05:00:00,487.0,2357.0,235.0,0.0,528.0,34.0
2023-07-21 06:00:00,459.0,2336.0,219.0,0.0,283.0,19.0
2023-07-21 07:00:00,437.0,2132.0,214.0,0.0,280.0,16.0
2023-07-21 08:00:00,422.0,1736.0,229.0,0.0,51.0,13.0
2023-07-21 09:00:00,405.0,1710.0,228.0,0.0,0.0,10.0
2023-07-21 10:00:00,390.0,1668.0,222.0,0.0,0.0,12.0
2023-07-21 11:00:00,377.0,1690.0,225.0,0.0,0.0,10.0
2023-07-21 12:00:00,365.0,1675.0,226.0,0.0,0.0,8.0
2023-07-21 13:00:00,372.0,1648.0,225.0,0.0,0.0,5.0
2023-07-21 14:00:00,387.0,1568.0,223.0,96.0,0.0,1.0
2023-07-21 15:00:00,382.0,736.0,150.0,487.0,0.0,1.0
2023-07-21 16:00:00,390.0,640.0,143.0,809.0,0.0,0.0
2023-07-21 17:00:00,402.0,666.0,153.0,940.0,0.0,0.0
2023-07-21 18:00:00,406.0,711.0,161.0,981.0,0.0,0.0
2023-07-21 19:00:00,410.0,802.0,180.0,1038.0,51.0,0.0
2023-07-21 20:00:00,420.0,1009.0,201.0,1038.0,51.0,2.0
2023-07-21 21:00:00,423.0,1253.0,211.0,1024.0,47.0,4.0
2023-07-21 22:00:00,456.0,1379.0,214.0,994.0,47.0,10.0
2023-07-21 23:00:00,609.0,1687.0,218.0,939.0,111.0,19.0
2023-07-22 00:00:00,560.0,1695.0,232.0,818.0,278.0,22.0
2023-07-22 01:00:00,626.0,1957.0,253.0,644.0,287.0,24.0
2023-07-22 02:00:00,547.0,2090.0,257.0,336.0,287.0,28.0
2023-07-22 03:00:00,550.0,2179.0,261.0,47.0,288.0,38.0
2023-07-22 04:00:00,540.0,2136.0,252.0,0.0,286.0,43.0
2023-07-22 05:00:00,446.0,2007.0,240.0,0.0,288.0,35.0
2023-07-22 06:00:00,433.0,1972.0,230.0,0.0,285.0,19.0
2023-07-22 07:00:00,436.0,1843.0,223.0,0.0,49.0,12.0
2023-07-22 08:00:00,421.0,1498.0,234.0,0.0,47.0,11.0
2023-07-22 09:00:00,409.0,1451.0,233.0,0.0,47.0,8.0
2023-07-22 10:00:00,398.0,1320.0,231.0,0.0,47.0,6.0
2023-07-22 11:00:00,385.0,1210.0,222.0,0.0,47.0,5.0
2023-07-22 12:00:00,376.0,1184.0,224.0,0.0,47.0,9.0
2023-07-22 13:00:00,376.0,1150.0,237.0,0.0,47.0,13.0
2023-07-22 14:00:00,375.0,947.0,221.0,84.0,49.0,8.0
2023-07-22 15:00:00,367.0,717.0,155.0,437.0,0.0,1.0
2023-07-22 16:00:00,368.0,642.0,129.0,778.0,0.0,0.0
2023-07-22 17:00:00,370.0,692.0,129.0,914.0,0.0,0.0
2023-07-22 18:00:00,378.0,636.0,136.0,977.0,0.0,0.0
2023-07-22 19:00:00,392.0,679.0,148.0,1018.0,0.0,0.0
2023-07-22 20:00:00,409.0,814.0,211.0,1019.0,50.0,2.0
2023-07-22 21:00:00,411.0,1123.0,210.0,1017.0,50.0,1.0
2023-07-22 22:00:00,427.0,1687.0,214.0,926.0,51.0,4.0
2023-07-22 23:00:00,569.0,1817.0,227.0,907.0,51.0,87.0
2023-07-23 00:00:00,637.0,1847.0,227.0,791.0,52.0,47.0
2023-07-23 01:00:00,620.0,1819.0,239.0,605.0,282.0,110.0
2023-07-23 02:00:00,603.0,1943.0,242.0,177.0,292.0,129.0
2023-07-23 03:00:00,638.0,2129.0,261.0,16.0,411.0,107.0
2023-07-23 04:00:00,602.0,2053.0,243.0,0.0,336.0,147.0
2023-07-23 05:00:00,618.0,1951.0,235.0,0.0,289.0,64.0
2023-07-23 06:00:00,637.0,1965.0,242.0,0.0,55.0,24.0
2023-07-23 07:00:00,460.0,1966.0,237.0,0.0,50.0,16.0
2023-07-23 08:00:00,423.0,1930.0,225.0,0.0,51.0,17.0
2023-07-23 09:00:00,414.0,1916.0,223.0,0.0,0.0,9.0
2023-07-23 10:00:00,402.0,1849.0,222.0,0.0,0.0,10.0
2023-07-23 11:00:00,391.0,1693.0,222.0,0.0,0.0,30.0
2023-07-23 12:00:00,379.0,1549.0,223.0,0.0,0.0,24.0
2023-07-23 13:00:00,376.0,1443.0,220.0,0.0,0.0,23.0
2023-07-23 14:00:00,372.0,1042.0,199.0,63.0,0.0,28.0
2023-07-23 15:00:00,367.0,986.0,141.0,362.0,0.0,15.0
2023-07-23 16:00:00,366.0,996.0,167.0,460.0,0.0,17.0
2023-07-23 17:00:00,367.0,992.0,181.0,796.0,0.0,83.0
2023-07-23 18:00:00,368.0,1119.0,182.0,947.0,0.0,116.0
2023-07-23 19:00:00,367.0,1446.0,191.0,912.0,0.0,94.0
2023-07-23 20:00:00,380.0,1523.0,198.0,820.0,47.0,69.0
2023-07-23 21:00:00,382.0,1557.0,196.0,910.0,53.0,55.0
2023-07-23 22:00:00,385.0,1727.0,200.0,744.0,53.0,66.0
2023-07-23 23:00:00,481.0,1866.0,206.0,655.0,52.0,154.0
2023-07-24 00:00:00,499.0,1899.0,207.0,381.0,286.0,198.0
2023-07-24 01:00:00,569.0,1966.0,202.0,186.0,290.0,71.0
2023-07-24 02:00:00,571.0,2012.0,224.0,85.0,290.0,13.0
2023-07-24 03:00:00,485.0,2148.0,237.0,12.0,290.0,16.0
2023-07-24 04:00:00,476.0,2056.0,231.0,0.0,290.0,22.0
2023-07-24 05:00:00,491.0,1957.0,230.0,0.0,288.0,148.0
2023-07-24 06:00:00,417.0,1935.0,238.0,0.0,52.0,168.0
2023-07-24 07:00:00,278.0,1938.0,237.0,0.0,53.0,157.0
2023-07-24 08:00:00,211.0,1621.0,234.0,0.0,53.0,149.0
2023-07-24 09:00:00,211.0,1433.0,234.0,0.0,53.0,48.0
2023-07-24 10:00:00,212.0,1274.0,232.0,0.0,54.0,28.0
2023-07-24 11:00:00,211.0,1298.0,233.0,0.0,0.0,24.0
2023-07-24 12:00:00,209.0,1357.0,229.0,0.0,0.0,60.0
2023-07-24 13:00:00,212.0,1378.0,225.0,0.0,0.0,59.0
2023-07-24 14:00:00,210.0,1434.0,218.0,80.0,0.0,37.0
2023-07-24 15:00:00,214.0,1171.0,175.0,429.0,0.0,55.0
2023-07-24 16:00:00,215.0,906.0,141.0,764.0,0.0,72.0
2023-07-24 17:00:00,216.0,761.0,160.0,916.0,0.0,111.0
2023-07-24 18:00:00,217.0,816.0,172.0,1000.0,0.0,127.0
2023-07-24 19:00:00,219.0,899.0,175.0,1013.0,49.0,127.0
2023-07-24 20:00:00,256.0,1040.0,184.0,999.0,278.0,153.0
2023-07-24 21:00:00,345.0,1225.0,235.0,1040.0,289.0,180.0
2023-07-24 22:00:00,491.0,1500.0,235.0,1017.0,288.0,199.0
2023-07-24 23:00:00,501.0,1906.0,237.0,954.0,259.0,202.0
2023-07-25 00:00:00,500.0,2038.0,233.0,844.0,287.0,210.0
2023-07-25 01:00:00,426.0,2319.0,234.0,673.0,287.0,210.0
2023-07-25 02:00:00,408.0,2404.0,245.0,346.0,384.0,209.0
2023-07-25 03:00:00,504.0,2421.0,269.0,45.0,473.0,168.0
2023-07-25 04:00:00,496.0,2451.0,257.0,0.0,326.0,136.0
2023-07-25 05:00:00,341.0,2383.0,230.0,0.0,288.0,153.0
2023-07-25 06:00:00,223.0,2112.0,236.0,0.0,289.0,166.0
2023-07-25 07:00:00,221.0,2070.0,242.0,0.0,288.0,137.0
2023-07-25 08:00:00,212.0,1922.0,239.0,0.0,55.0,79.0
2023-07-25 09:00:00,213.0,1593.0,218.0,0.0,49.0,24.0
2023-07-25 10:00:00,256.0,1569.0,184.0,0.0,0.0,21.0
2023-07-25 11:00:00,211.0,1579.0,160.0,0.0,0.0,13.0
2023-07-25 12:00:00,211.0,1446.0,181.0,0.0,0.0,9.0
2023-07-25 13:00:00,205.0,1333.0,228.0,0.0,0.0,7.0
2023-07-25 14:00:00,208.0,1425.0,203.0,83.0,0.0,9.0
2023-07-25 15:00:00,214.0,1365.0,136.0,455.0,0.0,2.0
2023-07-25 16:00:00,214.0,1372.0,130.0,783.0,0.0,4.0
2023-07-25 17:00:00,212.0,1433.0,131.0,922.0,0.0,22.0
2023-07-25 18:00:00,212.0,1504.0,143.0,979.0,0.0,29.0
2023-07-25 19:00:00,208.0,1741.0,197.0,916.0,41.0,20.0
2023-07-25 20:00:00,224.0,2132.0,231.0,972.0,48.0,50.0
2023-07-25 21:00:00,318.0,2357.0,241.0,842.0,49.0,108.0
2023-07-25 22:00:00,485.0,2447.0,245.0,780.0,52.0,57.0
2023-07-25 23:00:00,539.0,2622.0,253.0,836.0,284.0,60.0
2023-07-26 00:00:00,428.0,2708.0,250.0,850.0,517.0,40.0
2023-07-26 01:00:00,320.0,2717.0,249.0,615.0,528.0,7.0
2023-07-26 02:00:00,348.0,2727.0,263.0,252.0,529.0,21.0
2023-07-26 03:00:00,494.0,2728.0,273.0,50.0,553.0,177.0
2023-07-26 04:00:00,467.0,2785.0,276.0,0.0,353.0,128.0
2023-07-26 05:00:00,415.0,2767.0,255.0,0.0,280.0,112.0
2023-07-26 06:00:00,404.0,2678.0,243.0,0.0,287.0,33.0
2023-07-26 07:00:00,402.0,2407.0,244.0,0.0,288.0,49.0
2023-07-26 08:00:00,392.0,2227.0,237.0,0.0,55.0,8.0
2023-07-26 09:00:00,397.0,2023.0,238.0,0.0,50.0,5.0
2023-07-26 10:00:00,399.0,1916.0,239.0,0.0,0.0,5.0
2023-07-26 11:00:00,390.0,1845.0,235.0,0.0,0.0,5.0
2023-07-26 12:00:00,385.0,1921.0,236.0,0.0,0.0,15.0
2023-07-26 13:00:00,375.0,1919.0,240.0,0.0,0.0,31.0
2023-07-26 14:00:00,364.0,1915.0,229.0,72.0,0.0,37.0
2023-07-26 15:00:00,392.0,1830.0,236.0,421.0,0.0,30.0
2023-07-26 16:00:00,587.0,1549.0,215.0,692.0,0.0,29.0
2023-07-26 17:00:00,790.0,1609.0,216.0,843.0,0.0,39.0
2023-07-26 18:00:00,821.0,1457.0,239.0,890.0,0.0,95.0
2023-07-26 19:00:00,911.0,1532.0,219.0,938.0,0.0,64.0
2023-07-26 20:00:00,931.0,1771.0,232.0,995.0,43.0,70.0
2023-07-26 21:00:00,885.0,1725.0,227.0,1021.0,51.0,53.0
2023-07-26 22:00:00,876.0,1689.0,236.0,984.0,235.0,65.0
2023-07-26 23:00:00,881.0,1693.0,235.0,953.0,420.0,150.0
2023-07-27 00:00:00,916.0,1656.0,227.0,881.0,422.0,158.0
2023-07-27 01:00:00,716.0,2196.0,232.0,708.0,422.0,96.0
2023-07-27 02:00:00,867.0,2236.0,236.0,365.0,427.0,60.0
2023-07-27 03:00:00,873.0,2336.0,246.0,41.0,449.0,20.0
2023-07-27 04:00:00,719.0,2365.0,239.0,0.0,422.0,22.0
2023-07-27 05:00:00,490.0,2338.0,238.0,0.0,420.0,26.0
2023-07-27 06:00:00,463.0,2242.0,243.0,0.0,420.0,12.0
2023-07-27 07:00:00,524.0,1885.0,244.0,0.0,420.0,10.0
2023-07-27 08:00:00,612.0,1876.0,238.0,0.0,57.0,12.0
2023-07-27 09:00:00,688.0,1743.0,183.0,0.0,0.0,13.0
2023-07-27 10:00:00,566.0,1611.0,139.0,0.0,0.0,30.0
2023-07-27 11:00:00,444.0,1538.0,134.0,0.0,0.0,78.0
2023-07-27 12:00:00,425.0,1538.0,125.0,0.0,0.0,120.0
2023-07-27 13:00:00,425.0,1539.0,141.0,0.0,0.0,86.0
2023-07-27 14:00:00,430.0,1578.0,143.0,84.0,0.0,73.0
2023-07-27 15:00:00,434.0,1546.0,118.0,473.0,0.0,70.0
2023-07-27 16:00:00,432.0,1193.0,120.0,806.0,0.0,88.0
2023-07-27 17:00:00,432.0,1227.0,129.0,953.0,0.0,142.0
2023-07-27 18:00:00,433.0,1204.0,133.0,1044.0,0.0,147.0
2023-07-27 19:00:00,427.0,1379.0,145.0,1077.0,34.0,214.0
2023-07-27 20:00:00,421.0,1442.0,159.0,1072.0,46.0,219.0
2023-07-27 21:00:00,422.0,1786.0,191.0,1054.0,45.0,210.0
2023-07-27 22:00:00,430.0,1990.0,222.0,1038.0,43.0,212.0
2023-07-27 23:00:00,432.0,2061.0,217.0,981.0,43.0,209.0
2023-07-28 00:00:00,437.0,2122.0,213.0,880.0,228.0,204.0
2023-07-28 01:00:00,515.0,2229.0,238.0,703.0,271.0,191.0
2023-07-28 02:00:00,651.0,2312.0,254.0,358.0,282.0,151.0
2023-07-28 03:00:00,774.0,2377.0,253.0,43.0,276.0,153.0
2023-07-28 04:00:00,628.0,2292.0,244.0,4.0,436.0,167.0
2023-07-28 05:00:00,510.0,2255.0,243.0,3.0,276.0,102.0
2023-07-28 06:00:00,495.0,2229.0,244.0,0.0,47.0,105.0
2023-07-28 07:00:00,493.0,2044.0,229.0,0.0,0.0,132.0
2023-07-28 08:00:00,586.0,1638.0,209.0,0.0,0.0,132.0
2023-07-28 09:00:00,454.0,1569.0,145.0,0.0,0.0,138.0
2023-07-28 10:00:00,432.0,1543.0,157.0,0.0,0.0,78.0
2023-07-28 11:00:00,430.0,1573.0,168.0,0.0,0.0,17.0
2023-07-28 12:00:00,430.0,1579.0,169.0,5.0,0.0,15.0
2023-07-28 13:00:00,525.0,1579.0,175.0,0.0,0.0,25.0
2023-07-28 14:00:00,586.0,1579.0,176.0,80.0,0.0,58.0
2023-07-28 15:00:00,462.0,1517.0,124.0,453.0,0.0,55.0
2023-07-28 16:00:00,437.0,1420.0,119.0,796.0,0.0,46.0
2023-07-28 17:00:00,434.0,1254.0,127.0,936.0,0.0,64.0
2023-07-28 18:00:00,424.0,1342.0,132.0,1015.0,41.0,75.0
2023-07-28 19:00:00,429.0,1448.0,152.0,1030.0,44.0,62.0
2023-07-28 20:00:00,429.0,1720.0,176.0,1026.0,45.0,81.0
2023-07-28 21:00:00,429.0,1899.0,210.0,1025.0,45.0,108.0
2023-07-28 22:00:00,439.0,1924.0,206.0,1022.0,212.0,122.0
2023-07-28 23:00:00,593.0,1834.0,159.0,925.0,230.0,151.0
2023-07-29 00:00:00,701.0,1784.0,155.0,871.0,230.0,168.0
2023-07-29 01:00:00,743.0,1833.0,153.0,700.0,230.0,151.0
2023-07-29 02:00:00,749.0,1973.0,188.0,366.0,230.0,133.0
2023-07-29 03:00:00,834.0,2169.0,217.0,45.0,266.0,116.0
2023-07-29 04:00:00,783.0,2168.0,208.0,0.0,259.0,156.0
2023-07-29 05:00:00,573.0,2182.0,195.0,0.0,242.0,149.0
2023-07-29 06:00:00,443.0,1984.0,195.0,0.0,230.0,131.0
2023-07-29 07:00:00,440.0,1707.0,185.0,0.0,233.0,109.0
2023-07-29 08:00:00,438.0,1479.0,158.0,0.0,44.0,118.0
2023-07-29 09:00:00,440.0,1423.0,137.0,0.0,43.0,113.0
2023-07-29 10:00:00,438.0,1292.0,118.0,0.0,0.0,107.0
2023-07-29 11:00:00,434.0,1364.0,108.0,0.0,0.0,86.0
2023-07-29 12:00:00,423.0,1276.0,108.0,0.0,0.0,73.0
2023-07-29 13:00:00,428.0,1364.0,108.0,0.0,0.0,64.0
2023-07-29 14:00:00,433.0,1433.0,112.0,64.0,0.0,69.0
2023-07-29 15:00:00,422.0,1174.0,109.0,347.0,0.0,45.0
2023-07-29 16:00:00,423.0,1075.0,107.0,743.0,0.0,35.0
2023-07-29 17:00:00,423.0,1024.0,112.0,881.0,0.0,65.0
2023-07-29 18:00:00,427.0,1057.0,122.0,972.0,0.0,100.0
2023-07-29 19:00:00,555.0,1398.0,151.0,969.0,0.0,70.0
2023-07-29 20:00:00,585.0,1327.0,179.0,954.0,0.0,91.0
2023-07-29 21:00:00,600.0,1545.0,190.0,875.0,41.0,97.0
2023-07-29 22:00:00,673.0,1708.0,215.0,782.0,228.0,99.0
2023-07-29 23:00:00,598.0,1898.0,224.0,606.0,454.0,57.0
2023-07-30 00:00:00,627.0,1948.0,212.0,523.0,420.0,40.0
2023-07-30 01:00:00,629.0,1982.0,195.0,494.0,421.0,9.0
2023-07-30 02:00:00,616.0,2240.0,238.0,320.0,436.0,95.0
2023-07-30 03:00:00,709.0,2294.0,248.0,39.0,511.0,73.0
2023-07-30 04:00:00,705.0,2093.0,222.0,0.0,412.0,122.0
2023-07-30 05:00:00,547.0,1831.0,230.0,0.0,415.0,90.0
2023-07-30 06:00:00,446.0,1659.0,213.0,0.0,420.0,21.0
2023-07-30 07:00:00,441.0,1581.0,194.0,0.0,236.0,35.0
2023-07-30 08:00:00,441.0,1615.0,153.0,0.0,68.0,46.0
2023-07-30 09:00:00,438.0,1575.0,131.0,0.0,44.0,63.0
2023-07-30 10:00:00,435.0,1491.0,115.0,0.0,35.0,74.0
2023-07-30 11:00:00,432.0,1519.0,107.0,0.0,0.0,74.0
2023-07-30 12:00:00,423.0,1515.0,107.0,0.0,0.0,67.0
2023-07-30 13:00:00,420.0,1518.0,108.0,0.0,0.0,53.0
2023-07-30 14:00:00,419.0,1446.0,108.0,70.0,0.0,61.0
2023-07-30 15:00:00,410.0,1159.0,106.0,400.0,0.0,37.0
2023-07-30 16:00:00,409.0,1011.0,107.0,723.0,0.0,32.0
2023-07-30 17:00:00,406.0,1019.0,106.0,913.0,0.0,26.0
2023-07-30 18:00:00,406.0,1034.0,108.0,970.0,0.0,49.0
2023-07-30 19:00:00,452.0,1053.0,118.0,941.0,0.0,47.0
2023-07-30 20:00:00,446.0,1159.0,148.0,806.0,44.0,46.0
2023-07-30 21:00:00,482.0,1207.0,132.0,742.0,44.0,62.0
2023-07-30 22:00:00,717.0,1317.0,137.0,733.0,44.0,61.0
2023-07-30 23:00:00,628.0,1474.0,162.0,692.0,255.0,48.0
2023-07-31 00:00:00,618.0,1611.0,159.0,701.0,280.0,114.0
2023-07-31 01:00:00,654.0,1850.0,168.0,577.0,232.0,112.0
2023-07-31 02:00:00,694.0,2034.0,208.0,330.0,480.0,30.0
2023-07-31 03:00:00,838.0,2158.0,237.0,54.0,524.0,23.0
2023-07-31 04:00:00,712.0,2077.0,239.0,0.0,491.0,36.0
2023-07-31 05:00:00,522.0,1979.0,232.0,0.0,419.0,29.0
2023-07-31 06:00:00,444.0,1992.0,233.0,0.0,287.0,52.0
2023-07-31 07:00:00,442.0,1696.0,188.0,0.0,234.0,68.0
2023-07-31 08:00:00,442.0,1520.0,162.0,0.0,62.0,44.0
2023-07-31 09:00:00,533.0,1520.0,134.0,0.0,0.0,35.0
2023-07-31 10:00:00,441.0,1517.0,124.0,0.0,0.0,30.0
2023-07-31 11:00:00,443.0,1523.0,109.0,0.0,0.0,49.0
2023-07-31 12:00:00,488.0,1528.0,110.0,0.0,0.0,45.0
2023-07-31 13:00:00,558.0,1534.0,129.0,0.0,0.0,40.0
2023-07-31 14:00:00,682.0,1535.0,127.0,37.0,0.0,76.0
2023-07-31 15:00:00,608.0,1550.0,141.0,246.0,39.0,82.0
2023-07-31 16:00:00,590.0,1647.0,141.0,338.0,47.0,62.0
2023-07-31 17:00:00,505.0,2005.0,179.0,547.0,47.0,90.0
2023-07-31 18:00:00,607.0,2277.0,197.0,747.0,47.0,131.0
2023-07-31 19:00:00,625.0,2296.0,168.0,777.0,47.0,155.0
2023-07-31 20:00:00,630.0,2292.0,212.0,807.0,235.0,138.0
2023-07-31 21:00:00,782.0,2327.0,235.0,896.0,283.0,124.0
2023-07-31 22:00:00,894.0,2318.0,227.0,753.0,286.0,135.0
2023-07-31 23:00:00,965.0,2344.0,231.0,503.0,511.0,149.0
2023-08-01 00:00:00,898.0,2330.0,225.0,325.0,525.0,71.0
2023-08-01 01:00:00,881.0,2238.0,236.0,181.0,509.0,56.0
2023-08-01 02:00:00,792.0,2027.0,237.0,107.0,495.0,51.0
2023-08-01 03:00:00,757.0,1889.0,224.0,13.0,425.0,68.0
2023-08-01 04:00:00,674.0,1851.0,211.0,0.0,418.0,105.0
2023-08-01 05:00:00,535.0,1878.0,219.0,0.0,417.0,40.0
2023-08-01 06:00:00,602.0,1758.0,223.0,0.0,54.0,53.0
2023-08-01 07:00:00,458.0,1736.0,197.0,0.0,47.0,75.0
2023-08-01 08:00:00,433.0,1740.0,161.0,0.0,0.0,163.0
2023-08-01 09:00:00,457.0,1836.0,170.0,0.0,0.0,130.0
2023-08-01 10:00:00,435.0,1509.0,135.0,0.0,0.0,100.0
2023-08-01 11:00:00,404.0,1477.0,131.0,0.0,0.0,46.0
2023-08-01 12:00:00,403.0,1578.0,134.0,0.0,0.0,23.0
2023-08-01 13:00:00,400.0,1739.0,148.0,0.0,0.0,18.0
2023-08-01 14:00:00,407.0,1825.0,190.0,18.0,0.0,44.0
2023-08-01 15:00:00,440.0,1789.0,184.0,195.0,0.0,76.0
2023-08-01 16:00:00,422.0,1742.0,156.0,566.0,41.0,77.0
2023-08-01 17:00:00,422.0,1392.0,166.0,654.0,44.0,70.0
2023-08-01 18:00:00,438.0,1529.0,212.0,573.0,45.0,74.0
2023-08-01 19:00:00,638.0,1622.0,180.0,707.0,44.0,69.0
2023-08-01 20:00:00,798.0,1841.0,211.0,611.0,44.0,98.0
2023-08-01 21:00:00,799.0,1917.0,245.0,568.0,44.0,95.0
2023-08-01 22:00:00,786.0,2080.0,260.0,802.0,226.0,135.0
2023-08-01 23:00:00,797.0,2171.0,256.0,555.0,267.0,147.0
2023-08-02 00:00:00,825.0,2174.0,260.0,358.0,242.0,120.0
2023-08-02 01:00:00,813.0,2145.0,261.0,359.0,450.0,82.0
2023-08-02 02:00:00,707.0,2072.0,261.0,162.0,511.0,72.0
2023-08-02 03:00:00,644.0,2065.0,249.0,41.0,522.0,77.0
2023-08-02 04:00:00,597.0,1955.0,245.0,0.0,489.0,71.0
2023-08-02 05:00:00,453.0,1771.0,259.0,0.0,433.0,59.0
2023-08-02 06:00:00,421.0,1724.0,256.0,0.0,251.0,21.0
2023-08-02 07:00:00,437.0,1633.0,200.0,0.0,230.0,15.0
2023-08-02 08:00:00,458.0,1637.0,172.0,0.0,48.0,5.0
2023-08-02 09:00:00,428.0,1371.0,180.0,0.0,43.0,5.0
2023-08-02 10:00:00,418.0,1324.0,122.0,0.0,0.0,5.0
2023-08-02 11:00:00,403.0,1310.0,124.0,0.0,0.0,2.0
2023-08-02 12:00:00,390.0,1319.0,133.0,0.0,0.0,1.0
2023-08-02 13:00:00,399.0,1363.0,199.0,0.0,0.0,1.0
2023-08-02 14:00:00,491.0,1369.0,197.0,47.0,0.0,1.0
2023-08-02 15:00:00,458.0,1384.0,136.0,347.0,0.0,2.0
2023-08-02 16:00:00,579.0,1316.0,147.0,610.0,0.0,3.0
2023-08-02 17:00:00,683.0,1368.0,159.0,728.0,0.0,3.0
2023-08-02 18:00:00,695.0,1473.0,175.0,690.0,0.0,61.0
2023-08-02 19:00:00,576.0,1456.0,178.0,827.0,40.0,104.0
2023-08-02 20:00:00,672.0,1461.0,183.0,937.0,44.0,110.0
2023-08-02 21:00:00,826.0,1656.0,217.0,890.0,44.0,40.0
2023-08-02 22:00:00,798.0,1770.0,211.0,954.0,44.0,42.0
2023-08-02 23:00:00,883.0,1834.0,195.0,933.0,44.0,46.0
2023-08-03 00:00:00,1007.0,1857.0,188.0,854.0,44.0,94.0
2023-08-03 01:00:00,947.0,1960.0,200.0,627.0,44.0,64.0
2023-08-03 02:00:00,1062.0,1895.0,247.0,323.0,44.0,20.0
2023-08-03 03:00:00,1043.0,1763.0,260.0,32.0,44.0,17.0
2023-08-03 04:00:00,951.0,1695.0,254.0,0.0,44.0,11.0
2023-08-03 05:00:00,767.0,1685.0,239.0,0.0,44.0,24.0
2023-08-03 06:00:00,720.0,1567.0,231.0,0.0,44.0,22.0
2023-08-03 07:00:00,537.0,1413.0,160.0,0.0,44.0,15.0
2023-08-03 08:00:00,506.0,1302.0,141.0,0.0,47.0,14.0
2023-08-03 09:00:00,500.0,1290.0,127.0,0.0,0.0,14.0
2023-08-03 10:00:00,461.0,1291.0,120.0,0.0,0.0,17.0
2023-08-03 11:00:00,399.0,1323.0,119.0,0.0,0.0,23.0
2023-08-03 12:00:00,389.0,1327.0,121.0,0.0,0.0,31.0
2023-08-03 13:00:00,393.0,1287.0,126.0,0.0,0.0,35.0
2023-08-03 14:00:00,432.0,1328.0,118.0,67.0,0.0,44.0
2023-08-03 15:00:00,407.0,1138.0,111.0,460.0,0.0,23.0
2023-08-03 16:00:00,407.0,977.0,112.0,825.0,0.0,21.0
2023-08-03 17:00:00,406.0,980.0,125.0,968.0,0.0,14.0
2023-08-03 18:00:00,406.0,1076.0,135.0,1044.0,0.0,19.0
2023-08-03 19:00:00,405.0,1091.0,152.0,1072.0,0.0,43.0
2023-08-03 20:00:00,406.0,1074.0,164.0,1067.0,0.0,69.0
2023-08-03 21:00:00,408.0,1107.0,174.0,1061.0,51.0,104.0
2023-08-03 22:00:00,459.0,1123.0,178.0,1046.0,51.0,42.0
2023-08-03 23:00:00,488.0,1080.0,182.0,992.0,51.0,21.0
2023-08-04 00:00:00,412.0,1221.0,178.0,900.0,51.0,37.0
2023-08-04 01:00:00,408.0,1299.0,174.0,731.0,407.0,72.0
2023-08-04 02:00:00,466.0,1515.0,180.0,355.0,424.0,23.0
2023-08-04 03:00:00,538.0,1692.0,239.0,33.0,423.0,45.0
2023-08-04 04:00:00,451.0,1697.0,203.0,0.0,423.0,40.0
2023-08-04 05:00:00,421.0,1702.0,182.0,0.0,425.0,42.0
2023-08-04 06:00:00,515.0,1575.0,166.0,0.0,63.0,50.0
2023-08-04 07:00:00,425.0,1352.0,152.0,0.0,51.0,33.0
2023-08-04 08:00:00,412.0,1163.0,140.0,0.0,47.0,60.0
2023-08-04 09:00:00,406.0,1184.0,127.0,1.0,0.0,60.0
2023-08-04 10:00:00,398.0,973.0,120.0,0.0,0.0,46.0
2023-08-04 11:00:00,394.0,1067.0,118.0,0.0,0.0,27.0
2023-08-04 12:00:00,392.0,1134.0,116.0,0.0,0.0,19.0
2023-08-04 13:00:00,393.0,1310.0,120.0,0.0,0.0,16.0
2023-08-04 14:00:00,401.0,1311.0,114.0,70.0,0.0,13.0
2023-08-04 15:00:00,387.0,1102.0,106.0,466.0,0.0,11.0
2023-08-04 16:00:00,368.0,1006.0,108.0,832.0,0.0,7.0
2023-08-04 17:00:00,365.0,1006.0,121.0,977.0,0.0,1.0
2023-08-04 18:00:00,367.0,1001.0,127.0,1050.0,0.0,0.0
2023-08-04 19:00:00,372.0,1035.0,141.0,1064.0,0.0,1.0
2023-08-04 20:00:00,374.0,1055.0,143.0,1056.0,30.0,28.0
2023-08-04 21:00:00,386.0,1173.0,141.0,1059.0,45.0,25.0
2023-08-04 22:00:00,399.0,1389.0,147.0,1045.0,45.0,15.0
2023-08-04 23:00:00,400.0,1456.0,165.0,982.0,228.0,25.0
2023-08-05 00:00:00,402.0,1352.0,180.0,874.0,410.0,28.0
2023-08-05 01:00:00,403.0,1385.0,182.0,697.0,404.0,28.0
2023-08-05 02:00:00,401.0,1437.0,200.0,335.0,404.0,28.0
2023-08-05 03:00:00,422.0,1525.0,243.0,29.0,400.0,32.0
2023-08-05 04:00:00,405.0,1428.0,218.0,0.0,399.0,30.0
2023-08-05 05:00:00,410.0,1438.0,236.0,0.0,216.0,30.0
2023-08-05 06:00:00,409.0,1428.0,216.0,1.0,32.0,47.0
2023-08-05 07:00:00,408.0,1382.0,163.0,0.0,30.0,50.0
2023-08-05 08:00:00,412.0,1357.0,152.0,0.0,30.0,39.0
2023-08-05 09:00:00,411.0,1323.0,143.0,0.0,30.0,19.0
2023-08-05 10:00:00,397.0,1325.0,128.0,0.0,20.0,19.0
2023-08-05 11:00:00,392.0,1327.0,123.0,0.0,0.0,16.0
2023-08-05 12:00:00,393.0,1302.0,121.0,0.0,0.0,15.0
2023-08-05 13:00:00,405.0,1342.0,121.0,0.0,0.0,18.0
2023-08-05 14:00:00,402.0,1304.0,116.0,67.0,0.0,16.0
2023-08-05 15:00:00,400.0,951.0,112.0,460.0,0.0,16.0
2023-08-05 16:00:00,393.0,855.0,105.0,822.0,0.0,10.0
2023-08-05 17:00:00,392.0,856.0,106.0,966.0,0.0,7.0
2023-08-05 18:00:00,396.0,862.0,116.0,1042.0,0.0,6.0
2023-08-05 19:00:00,401.0,897.0,124.0,1054.0,0.0,11.0
2023-08-05 20:00:00,403.0,1020.0,152.0,1049.0,19.0,5.0
2023-08-05 21:00:00,404.0,1210.0,169.0,1051.0,30.0,9.0
2023-08-05 22:00:00,400.0,1269.0,166.0,1034.0,31.0,17.0
2023-08-05 23:00:00,397.0,1311.0,170.0,997.0,216.0,16.0
2023-08-06 00:00:00,401.0,1289.0,168.0,904.0,397.0,13.0
2023-08-06 01:00:00,420.0,1325.0,162.0,721.0,401.0,17.0
2023-08-06 02:00:00,623.0,1520.0,178.0,343.0,400.0,18.0
2023-08-06 03:00:00,760.0,1616.0,212.0,28.0,398.0,22.0
2023-08-06 04:00:00,724.0,1741.0,176.0,6.0,398.0,48.0
2023-08-06 05:00:00,592.0,1714.0,184.0,2.0,401.0,35.0
2023-08-06 06:00:00,430.0,1659.0,198.0,0.0,402.0,32.0
2023-08-06 07:00:00,411.0,1447.0,154.0,0.0,50.0,49.0
2023-08-06 08:00:00,412.0,1458.0,149.0,0.0,30.0,53.0
2023-08-06 09:00:00,411.0,1453.0,128.0,0.0,29.0,47.0
2023-08-06 10:00:00,399.0,1452.0,123.0,0.0,0.0,21.0
2023-08-06 11:00:00,399.0,1413.0,119.0,0.0,0.0,18.0
2023-08-06 12:00:00,396.0,1459.0,115.0,0.0,0.0,14.0
2023-08-06 13:00:00,396.0,1463.0,105.0,0.0,0.0,13.0
2023-08-06 14:00:00,397.0,1390.0,105.0,64.0,0.0,12.0
2023-08-06 15:00:00,389.0,1095.0,104.0,448.0,0.0,9.0
2023-08-06 16:00:00,388.0,878.0,105.0,816.0,0.0,6.0
2023-08-06 17:00:00,390.0,853.0,105.0,960.0,0.0,7.0
2023-08-06 18:00:00,387.0,852.0,106.0,1037.0,0.0,3.0
2023-08-06 19:00:00,400.0,873.0,110.0,1066.0,0.0,1.0
2023-08-06 20:00:00,401.0,1191.0,127.0,1052.0,19.0,6.0
2023-08-06 21:00:00,401.0,1325.0,131.0,1049.0,30.0,17.0
2023-08-06 22:00:00,401.0,1356.0,159.0,1032.0,30.0,23.0
2023-08-06 23:00:00,428.0,1516.0,172.0,987.0,219.0,32.0
2023-08-07 00:00:00,412.0,1408.0,163.0,898.0,399.0,25.0
2023-08-07 01:00:00,469.0,1509.0,180.0,710.0,438.0,23.0
2023-08-07 02:00:00,569.0,1827.0,203.0,326.0,475.0,27.0
2023-08-07 03:00:00,680.0,2114.0,230.0,25.0,513.0,37.0
2023-08-07 04:00:00,617.0,2111.0,223.0,0.0,508.0,37.0
2023-08-07 05:00:00,489.0,2011.0,233.0,0.0,507.0,31.0
2023-08-07 06:00:00,415.0,1941.0,232.0,0.0,506.0,52.0
2023-08-07 07:00:00,411.0,1632.0,161.0,0.0,255.0,32.0
2023-08-07 08:00:00,410.0,1492.0,152.0,0.0,39.0,33.0
2023-08-07 09:00:00,412.0,1429.0,128.0,0.0,30.0,48.0
2023-08-07 10:00:00,406.0,1326.0,123.0,0.0,30.0,24.0
2023-08-07 11:00:00,397.0,1277.0,120.0,0.0,30.0,22.0
2023-08-07 12:00:00,387.0,1295.0,121.0,0.0,30.0,14.0
2023-08-07 13:00:00,390.0,1407.0,130.0,0.0,30.0,11.0
2023-08-07 14:00:00,404.0,1547.0,173.0,63.0,29.0,6.0
2023-08-07 15:00:00,409.0,1373.0,114.0,454.0,0.0,8.0
2023-08-07 16:00:00,414.0,1382.0,114.0,830.0,0.0,10.0
2023-08-07 17:00:00,413.0,1223.0,126.0,973.0,0.0,10.0
2023-08-07 18:00:00,416.0,1239.0,155.0,1042.0,0.0,5.0
2023-08-07 19:00:00,418.0,1235.0,168.0,1058.0,0.0,5.0
2023-08-07 20:00:00,423.0,1215.0,174.0,1053.0,29.0,5.0
2023-08-07 21:00:00,430.0,1283.0,179.0,1063.0,30.0,8.0
2023-08-07 22:00:00,432.0,1410.0,182.0,1061.0,210.0,18.0
2023-08-07 23:00:00,445.0,1516.0,179.0,1009.0,230.0,77.0
2023-08-08 00:00:00,486.0,1648.0,170.0,899.0,231.0,144.0
2023-08-08 01:00:00,636.0,1766.0,171.0,700.0,216.0,163.0
2023-08-08 02:00:00,650.0,1763.0,184.0,316.0,242.0,167.0
2023-08-08 03:00:00,649.0,1816.0,207.0,23.0,268.0,157.0
2023-08-08 04:00:00,629.0,1821.0,207.0,0.0,268.0,147.0
2023-08-08 05:00:00,602.0,1762.0,234.0,4.0,268.0,156.0
2023-08-08 06:00:00,529.0,1774.0,230.0,0.0,268.0,120.0
2023-08-08 07:00:00,433.0,1609.0,197.0,0.0,37.0,129.0
2023-08-08 08:00:00,422.0,1319.0,164.0,0.0,30.0,146.0
2023-08-08 09:00:00,410.0,1131.0,139.0,0.0,30.0,116.0
2023-08-08 10:00:00,401.0,1122.0,132.0,2.0,30.0,44.0
2023-08-08 11:00:00,395.0,1104.0,128.0,0.0,30.0,87.0
2023-08-08 12:00:00,388.0,1105.0,129.0,0.0,30.0,134.0
2023-08-08 13:00:00,390.0,1154.0,135.0,0.0,30.0,55.0
2023-08-08 14:00:00,403.0,1366.0,176.0,59.0,30.0,20.0
2023-08-08 15:00:00,401.0,1022.0,131.0,442.0,30.0,11.0
2023-08-08 16:00:00,402.0,890.0,121.0,817.0,0.0,8.0
2023-08-08 17:00:00,402.0,968.0,124.0,969.0,0.0,6.0
2023-08-08 18:00:00,444.0,968.0,135.0,1060.0,0.0,2.0
2023-08-08 19:00:00,410.0,988.0,152.0,1082.0,36.0,2.0
2023-08-08 20:00:00,401.0,1121.0,172.0,1078.0,44.0,5.0
2023-08-08 21:00:00,403.0,1360.0,174.0,1071.0,44.0,12.0
2023-08-08 22:00:00,405.0,1576.0,176.0,1057.0,44.0,23.0
2023-08-08 23:00:00,487.0,1728.0,229.0,998.0,44.0,17.0
2023-08-09 00:00:00,431.0,1712.0,224.0,885.0,47.0,12.0
2023-08-09 01:00:00,406.0,1949.0,223.0,681.0,448.0,12.0
2023-08-09 02:00:00,401.0,1848.0,228.0,302.0,456.0,7.0
2023-08-09 03:00:00,400.0,1869.0,243.0,22.0,517.0,7.0
2023-08-09 04:00:00,407.0,1871.0,237.0,0.0,494.0,51.0
2023-08-09 05:00:00,410.0,1871.0,236.0,3.0,270.0,81.0
2023-08-09 06:00:00,410.0,1569.0,238.0,0.0,260.0,62.0
2023-08-09 07:00:00,412.0,1529.0,226.0,0.0,44.0,37.0
2023-08-09 08:00:00,410.0,1330.0,220.0,0.0,44.0,24.0
2023-08-09 09:00:00,404.0,1253.0,211.0,0.0,44.0,10.0
2023-08-09 10:00:00,397.0,1092.0,200.0,0.0,44.0,12.0
2023-08-09 11:00:00,394.0,1038.0,201.0,0.0,44.0,11.0
2023-08-09 12:00:00,387.0,1029.0,196.0,0.0,44.0,10.0
2023-08-09 13:00:00,393.0,1126.0,206.0,2.0,44.0,9.0
2023-08-09 14:00:00,406.0,1297.0,194.0,40.0,44.0,9.0
2023-08-09 15:00:00,408.0,1262.0,189.0,265.0,44.0,8.0
2023-08-09 16:00:00,406.0,1202.0,148.0,484.0,44.0,6.0
2023-08-09 17:00:00,401.0,1246.0,176.0,533.0,44.0,1.0
2023-08-09 18:00:00,408.0,1209.0,162.0,668.0,44.0,7.0
2023-08-09 19:00:00,408.0,1298.0,197.0,997.0,44.0,63.0
2023-08-09 20:00:00,541.0,1247.0,177.0,948.0,44.0,87.0
2023-08-09 21:00:00,426.0,1284.0,197.0,941.0,235.0,71.0
2023-08-09 22:00:00,408.0,1329.0,237.0,878.0,259.0,80.0
2023-08-09 23:00:00,404.0,1458.0,240.0,941.0,281.0,133.0
2023-08-10 00:00:00,409.0,1520.0,228.0,764.0,509.0,169.0
2023-08-10 01:00:00,478.0,1780.0,212.0,324.0,515.0,187.0
2023-08-10 02:00:00,420.0,1913.0,223.0,100.0,495.0,204.0
2023-08-10 03:00:00,404.0,1919.0,229.0,7.0,520.0,195.0
2023-08-10 04:00:00,412.0,1922.0,230.0,1.0,282.0,118.0
2023-08-10 05:00:00,410.0,1929.0,236.0,0.0,276.0,107.0
2023-08-10 06:00:00,406.0,1726.0,241.0,0.0,44.0,126.0
2023-08-10 07:00:00,401.0,1529.0,233.0,3.0,41.0,108.0
2023-08-10 08:00:00,415.0,1299.0,218.0,0.0,41.0,84.0
2023-08-10 09:00:00,407.0,1267.0,209.0,1.0,41.0,85.0
2023-08-10 10:00:00,397.0,1083.0,195.0,0.0,41.0,85.0
2023-08-10 11:00:00,396.0,1045.0,192.0,0.0,41.0,82.0
2023-08-10 12:00:00,390.0,1045.0,187.0,0.0,41.0,101.0
2023-08-10 13:00:00,398.0,1062.0,196.0,1.0,41.0,95.0
2023-08-10 14:00:00,434.0,1090.0,187.0,24.0,41.0,95.0
2023-08-10 15:00:00,497.0,1085.0,180.0,133.0,39.0,111.0
2023-08-10 16:00:00,499.0,1075.0,178.0,194.0,41.0,133.0
2023-08-10 17:00:00,515.0,1064.0,171.0,431.0,40.0,136.0
2023-08-10 18:00:00,527.0,1090.0,146.0,718.0,41.0,129.0
2023-08-10 19:00:00,418.0,1197.0,157.0,863.0,41.0,96.0
2023-08-10 20:00:00,408.0,1287.0,187.0,895.0,41.0,123.0
2023-08-10 21:00:00,404.0,1316.0,210.0,901.0,128.0,210.0
2023-08-10 22:00:00,416.0,1314.0,234.0,829.0,147.0,228.0
2023-08-10 23:00:00,501.0,1332.0,251.0,704.0,145.0,196.0
2023-08-11 00:00:00,451.0,1499.0,263.0,728.0,144.0,135.0
2023-08-11 01:00:00,427.0,1824.0,265.0,256.0,325.0,124.0
2023-08-11 02:00:00,404.0,1986.0,261.0,71.0,350.0,107.0
2023-08-11 03:00:00,509.0,2014.0,254.0,13.0,324.0,67.0
2023-08-11 04:00:00,425.0,1891.0,248.0,0.0,223.0,90.0
2023-08-11 05:00:00,492.0,1762.0,242.0,0.0,38.0,118.0
2023-08-11 06:00:00,415.0,1627.0,241.0,2.0,37.0,98.0
2023-08-11 07:00:00,422.0,1306.0,231.0,0.0,41.0,106.0
2023-08-11 08:00:00,395.0,1291.0,208.0,0.0,44.0,132.0
2023-08-11 09:00:00,375.0,1294.0,207.0,0.0,44.0,108.0
2023-08-11 10:00:00,371.0,1239.0,197.0,0.0,44.0,120.0
2023-08-11 11:00:00,369.0,1231.0,199.0,0.0,44.0,108.0
2023-08-11 12:00:00,368.0,1278.0,204.0,0.0,44.0,102.0
2023-08-11 13:00:00,367.0,1308.0,218.0,0.0,44.0,93.0
2023-08-11 14:00:00,382.0,1315.0,204.0,53.0,44.0,77.0
2023-08-11 15:00:00,382.0,1144.0,195.0,398.0,43.0,56.0
2023-08-11 16:00:00,378.0,936.0,148.0,776.0,43.0,67.0
2023-08-11 17:00:00,379.0,930.0,156.0,944.0,43.0,127.0
2023-08-11 18:00:00,379.0,1044.0,167.0,1030.0,43.0,101.0
2023-08-11 19:00:00,384.0,911.0,168.0,984.0,43.0,51.0
2023-08-11 20:00:00,390.0,1192.0,183.0,872.0,44.0,79.0
2023-08-11 21:00:00,395.0,1401.0,211.0,933.0,69.0,100.0
2023-08-11 22:00:00,401.0,1393.0,246.0,987.0,61.0,129.0
2023-08-11 23:00:00,403.0,1432.0,246.0,911.0,61.0,105.0
2023-08-12 00:00:00,405.0,1340.0,238.0,826.0,60.0,30.0
2023-08-12 01:00:00,406.0,1692.0,239.0,654.0,60.0,45.0
2023-08-12 02:00:00,532.0,1744.0,241.0,277.0,243.0,95.0
2023-08-12 03:00:00,696.0,1823.0,243.0,15.0,273.0,113.0
2023-08-12 04:00:00,683.0,1802.0,244.0,0.0,237.0,77.0
2023-08-12 05:00:00,563.0,1560.0,243.0,0.0,226.0,80.0
2023-08-12 06:00:00,463.0,1282.0,245.0,0.0,43.0,70.0
2023-08-12 07:00:00,396.0,1278.0,244.0,0.0,43.0,53.0
2023-08-12 08:00:00,398.0,1290.0,213.0,0.0,43.0,27.0
2023-08-12 09:00:00,401.0,1279.0,205.0,0.0,43.0,27.0
2023-08-12 10:00:00,396.0,1280.0,198.0,0.0,39.0,25.0
2023-08-12 11:00:00,392.0,1275.0,168.0,0.0,31.0,24.0
2023-08-12 12:00:00,391.0,1226.0,186.0,0.0,31.0,19.0
2023-08-12 13:00:00,390.0,1268.0,191.0,0.0,31.0,30.0
2023-08-12 14:00:00,398.0,1279.0,175.0,41.0,31.0,37.0
2023-08-12 15:00:00,396.0,1041.0,125.0,362.0,0.0,25.0
2023-08-12 16:00:00,388.0,828.0,118.0,653.0,0.0,23.0
2023-08-12 17:00:00,388.0,825.0,127.0,792.0,0.0,33.0
2023-08-12 18:00:00,391.0,827.0,138.0,864.0,0.0,21.0
2023-08-12 19:00:00,388.0,813.0,143.0,994.0,0.0,34.0
2023-08-12 20:00:00,396.0,811.0,150.0,1036.0,0.0,23.0
2023-08-12 21:00:00,401.0,846.0,159.0,1057.0,0.0,38.0
2023-08-12 22:00:00,404.0,882.0,170.0,1039.0,44.0,7.0
2023-08-12 23:00:00,412.0,1118.0,222.0,948.0,48.0,0.0
2023-08-13 00:00:00,561.0,1197.0,235.0,846.0,48.0,46.0
2023-08-13 01:00:00,687.0,1496.0,236.0,645.0,51.0,132.0
2023-08-13 02:00:00,608.0,1747.0,239.0,162.0,291.0,194.0
2023-08-13 03:00:00,693.0,1780.0,242.0,5.0,280.0,172.0
2023-08-13 04:00:00,698.0,1667.0,241.0,0.0,264.0,182.0
2023-08-13 05:00:00,574.0,1550.0,241.0,0.0,265.0,86.0
2023-08-13 06:00:00,426.0,1576.0,236.0,0.0,265.0,59.0
2023-08-13 07:00:00,424.0,1539.0,234.0,0.0,29.0,54.0
2023-08-13 08:00:00,488.0,1541.0,232.0,0.0,26.0,38.0
2023-08-13 09:00:00,405.0,1545.0,222.0,0.0,26.0,41.0
2023-08-13 10:00:00,376.0,1537.0,217.0,0.0,26.0,31.0
2023-08-13 11:00:00,373.0,1553.0,215.0,0.0,26.0,30.0
2023-08-13 12:00:00,371.0,1540.0,212.0,0.0,26.0,27.0
2023-08-13 13:00:00,369.0,1329.0,212.0,0.0,26.0,30.0
2023-08-13 14:00:00,369.0,1269.0,200.0,44.0,26.0,16.0
2023-08-13 15:00:00,359.0,966.0,147.0,401.0,26.0,1.0
2023-08-13 16:00:00,361.0,829.0,132.0,785.0,0.0,0.0
2023-08-13 17:00:00,362.0,827.0,133.0,947.0,0.0,0.0
2023-08-13 18:00:00,362.0,831.0,134.0,1018.0,0.0,0.0
2023-08-13 19:00:00,362.0,1017.0,156.0,1049.0,0.0,3.0
2023-08-13 20:00:00,363.0,1196.0,176.0,1044.0,40.0,2.0
2023-08-13 21:00:00,381.0,1314.0,194.0,987.0,42.0,1.0
2023-08-13 22:00:00,515.0,1402.0,242.0,855.0,43.0,1.0
2023-08-13 23:00:00,734.0,1451.0,246.0,434.0,168.0,2.0
2023-08-14 00:00:00,774.0,1536.0,250.0,413.0,485.0,26.0
2023-08-14 01:00:00,744.0,1790.0,254.0,571.0,535.0,100.0
2023-08-14 02:00:00,771.0,1964.0,255.0,182.0,526.0,31.0
2023-08-14 03:00:00,767.0,1971.0,265.0,8.0,519.0,7.0
2023-08-14 04:00:00,723.0,1970.0,252.0,0.0,501.0,2.0
2023-08-14 05:00:00,748.0,1795.0,244.0,0.0,267.0,6.0
2023-08-14 06:00:00,586.0,1765.0,240.0,0.0,265.0,3.0
2023-08-14 07:00:00,424.0,1747.0,235.0,0.0,264.0,1.0
2023-08-14 08:00:00,387.0,1620.0,236.0,0.0,30.0,10.0
2023-08-14 09:00:00,378.0,1676.0,233.0,0.0,30.0,46.0
2023-08-14 10:00:00,371.0,1795.0,225.0,0.0,30.0,24.0
2023-08-14 11:00:00,369.0,1795.0,221.0,0.0,30.0,3.0
2023-08-14 12:00:00,363.0,1790.0,222.0,0.0,30.0,2.0
2023-08-14 13:00:00,366.0,1800.0,229.0,0.0,30.0,3.0
2023-08-14 14:00:00,379.0,1814.0,234.0,49.0,32.0,0.0
2023-08-14 15:00:00,388.0,1729.0,234.0,405.0,0.0,0.0
2023-08-14 16:00:00,384.0,1359.0,197.0,789.0,0.0,0.0
2023-08-14 17:00:00,395.0,1415.0,172.0,947.0,0.0,0.0
2023-08-14 18:00:00,405.0,1463.0,174.0,1026.0,0.0,2.0
2023-08-14 19:00:00,412.0,1373.0,174.0,1056.0,26.0,5.0
2023-08-14 20:00:00,430.0,1606.0,219.0,1047.0,46.0,8.0
2023-08-14 21:00:00,533.0,1702.0,235.0,1017.0,47.0,18.0
2023-08-14 22:00:00,731.0,1749.0,236.0,936.0,46.0,35.0
2023-08-14 23:00:00,777.0,1950.0,247.0,844.0,287.0,11.0
2023-08-15 00:00:00,887.0,2033.0,249.0,621.0,291.0,101.0
2023-08-15 01:00:00,830.0,2115.0,252.0,551.0,517.0,125.0
2023-08-15 02:00:00,946.0,2148.0,265.0,102.0,527.0,34.0
2023-08-15 03:00:00,929.0,2103.0,266.0,5.0,521.0,30.0
2023-08-15 04:00:00,810.0,1924.0,256.0,0.0,503.0,10.0
2023-08-15 05:00:00,655.0,1833.0,245.0,0.0,280.0,9.0
2023-08-15 06:00:00,502.0,1834.0,234.0,0.0,31.0,5.0
2023-08-15 07:00:00,423.0,1844.0,214.0,0.0,31.0,0.0
2023-08-15 08:00:00,409.0,1675.0,220.0,0.0,0.0,1.0
2023-08-15 09:00:00,407.0,1835.0,217.0,0.0,0.0,1.0
2023-08-15 10:00:00,396.0,1901.0,217.0,0.0,0.0,1.0
2023-08-15 11:00:00,393.0,1853.0,216.0,0.0,0.0,0.0
2023-08-15 12:00:00,394.0,1850.0,217.0,0.0,0.0,0.0
2023-08-15 13:00:00,385.0,1890.0,216.0,0.0,0.0,0.0
2023-08-15 14:00:00,388.0,1889.0,206.0,16.0,21.0,0.0
2023-08-15 15:00:00,405.0,1514.0,187.0,143.0,33.0,0.0
2023-08-15 16:00:00,411.0,1388.0,194.0,224.0,50.0,0.0
2023-08-15 17:00:00,399.0,1404.0,198.0,505.0,46.0,0.0
2023-08-15 18:00:00,400.0,1537.0,175.0,664.0,51.0,0.0
2023-08-15 19:00:00,413.0,1777.0,166.0,1007.0,59.0,0.0
2023-08-15 20:00:00,421.0,1994.0,194.0,1009.0,58.0,2.0
2023-08-15 21:00:00,528.0,2100.0,225.0,1007.0,58.0,2.0
2023-08-15 22:00:00,721.0,2226.0,233.0,702.0,60.0,14.0
2023-08-15 23:00:00,771.0,2362.0,246.0,382.0,256.0,119.0
2023-08-16 00:00:00,909.0,2432.0,271.0,307.0,275.0,71.0
2023-08-16 01:00:00,1020.0,2466.0,274.0,358.0,470.0,57.0
2023-08-16 02:00:00,1046.0,2569.0,275.0,248.0,539.0,139.0
2023-08-16 03:00:00,1040.0,2576.0,275.0,15.0,533.0,118.0
2023-08-16 04:00:00,898.0,2443.0,250.0,0.0,300.0,66.0
2023-08-16 05:00:00,656.0,2095.0,266.0,0.0,294.0,29.0
2023-08-16 06:00:00,465.0,2071.0,244.0,0.0,64.0,14.0
2023-08-16 07:00:00,587.0,1731.0,232.0,0.0,0.0,1.0
2023-08-16 08:00:00,496.0,1688.0,209.0,0.0,0.0,1.0
2023-08-16 09:00:00,419.0,1642.0,209.0,0.0,0.0,5.0
2023-08-16 10:00:00,397.0,1450.0,205.0,0.0,0.0,3.0
2023-08-16 11:00:00,388.0,1385.0,207.0,0.0,0.0,3.0
2023-08-16 12:00:00,375.0,1352.0,211.0,0.0,0.0,11.0
2023-08-16 13:00:00,369.0,1401.0,220.0,0.0,0.0,6.0
2023-08-16 14:00:00,379.0,1457.0,189.0,33.0,0.0,23.0
2023-08-16 15:00:00,386.0,1429.0,200.0,269.0,0.0,12.0
2023-08-16 16:00:00,400.0,1474.0,198.0,677.0,0.0,0.0
2023-08-16 17:00:00,410.0,1481.0,198.0,648.0,0.0,0.0
2023-08-16 18:00:00,409.0,1554.0,200.0,774.0,61.0,0.0
2023-08-16 19:00:00,424.0,1740.0,216.0,1011.0,60.0,0.0
2023-08-16 20:00:00,566.0,1903.0,235.0,942.0,66.0,0.0
2023-08-16 21:00:00,637.0,2117.0,246.0,934.0,236.0,0.0
2023-08-16 22:00:00,862.0,2337.0,247.0,884.0,283.0,0.0
2023-08-16 23:00:00,914.0,2515.0,254.0,577.0,359.0,22.0
2023-08-17 00:00:00,879.0,2562.0,273.0,241.0,387.0,56.0
2023-08-17 01:00:00,904.0,2463.0,266.0,263.0,292.0,72.0
2023-08-17 02:00:00,1125.0,2427.0,253.0,173.0,292.0,34.0
2023-08-17 03:00:00,1110.0,2411.0,271.0,9.0,312.0,6.0
2023-08-17 04:00:00,1033.0,2213.0,261.0,0.0,327.0,3.0
2023-08-17 05:00:00,894.0,2017.0,253.0,0.0,327.0,7.0
2023-08-17 06:00:00,831.0,1796.0,253.0,0.0,327.0,11.0
2023-08-17 07:00:00,643.0,1753.0,244.0,0.0,93.0,17.0
2023-08-17 08:00:00,476.0,1673.0,227.0,0.0,92.0,19.0
2023-08-17 09:00:00,472.0,1676.0,217.0,0.0,0.0,4.0
2023-08-17 10:00:00,419.0,1672.0,210.0,0.0,0.0,19.0
2023-08-17 11:00:00,409.0,1601.0,201.0,0.0,0.0,17.0
2023-08-17 12:00:00,396.0,1562.0,197.0,0.0,0.0,17.0
2023-08-17 13:00:00,399.0,1589.0,207.0,0.0,0.0,24.0
2023-08-17 14:00:00,410.0,1705.0,193.0,38.0,0.0,27.0
2023-08-17 15:00:00,412.0,1674.0,133.0,371.0,0.0,27.0
2023-08-17 16:00:00,410.0,1266.0,127.0,727.0,0.0,18.0
2023-08-17 17:00:00,410.0,1291.0,158.0,888.0,0.0,22.0
2023-08-17 18:00:00,414.0,1336.0,171.0,922.0,95.0,35.0
2023-08-17 19:00:00,415.0,1333.0,171.0,1010.0,100.0,67.0
2023-08-17 20:00:00,425.0,1669.0,197.0,882.0,68.0,52.0
2023-08-17 21:00:00,535.0,1891.0,234.0,846.0,68.0,32.0
2023-08-17 22:00:00,541.0,1857.0,224.0,940.0,242.0,83.0
2023-08-17 23:00:00,502.0,1882.0,209.0,907.0,249.0,233.0
2023-08-18 00:00:00,458.0,2064.0,205.0,840.0,255.0,131.0
2023-08-18 01:00:00,614.0,2085.0,198.0,668.0,245.0,29.0
2023-08-18 02:00:00,739.0,2162.0,206.0,262.0,254.0,24.0
2023-08-18 03:00:00,851.0,2232.0,240.0,10.0,246.0,11.0
2023-08-18 04:00:00,702.0,2043.0,237.0,0.0,247.0,12.0
2023-08-18 05:00:00,517.0,1814.0,234.0,0.0,296.0,16.0
2023-08-18 06:00:00,434.0,1653.0,224.0,0.0,294.0,29.0
2023-08-18 07:00:00,483.0,1394.0,214.0,0.0,61.0,33.0
2023-08-18 08:00:00,421.0,1361.0,207.0,0.0,0.0,53.0
2023-08-18 09:00:00,405.0,1322.0,207.0,0.0,0.0,40.0
2023-08-18 10:00:00,398.0,1259.0,162.0,0.0,0.0,37.0
2023-08-18 11:00:00,395.0,1186.0,144.0,0.0,0.0,41.0
2023-08-18 12:00:00,389.0,1146.0,147.0,0.0,0.0,25.0
2023-08-18 13:00:00,391.0,1295.0,197.0,1.0,0.0,26.0
2023-08-18 14:00:00,392.0,1340.0,186.0,37.0,0.0,44.0
2023-08-18 15:00:00,391.0,1360.0,138.0,373.0,0.0,60.0
2023-08-18 16:00:00,396.0,1231.0,142.0,691.0,0.0,98.0
2023-08-18 17:00:00,394.0,1009.0,156.0,796.0,0.0,160.0
2023-08-18 18:00:00,403.0,1001.0,161.0,831.0,38.0,191.0
2023-08-18 19:00:00,505.0,1006.0,181.0,693.0,61.0,195.0
2023-08-18 20:00:00,439.0,1116.0,190.0,839.0,60.0,164.0
2023-08-18 21:00:00,597.0,1093.0,187.0,894.0,60.0,149.0
2023-08-18 22:00:00,583.0,1264.0,183.0,921.0,210.0,200.0
2023-08-18 23:00:00,619.0,1326.0,225.0,887.0,247.0,139.0
2023-08-19 00:00:00,640.0,1434.0,235.0,618.0,280.0,134.0
2023-08-19 01:00:00,786.0,1523.0,238.0,524.0,251.0,106.0
2023-08-19 02:00:00,643.0,1458.0,242.0,220.0,429.0,144.0
2023-08-19 03:00:00,596.0,1397.0,250.0,6.0,428.0,112.0
2023-08-19 04:00:00,447.0,1534.0,245.0,0.0,432.0,67.0
2023-08-19 05:00:00,436.0,1570.0,215.0,0.0,250.0,29.0
2023-08-19 06:00:00,434.0,1450.0,229.0,0.0,69.0,1.0
2023-08-19 07:00:00,483.0,1258.0,216.0,0.0,60.0,1.0
2023-08-19 08:00:00,429.0,1036.0,210.0,0.0,55.0,79.0
2023-08-19 09:00:00,409.0,909.0,202.0,0.0,56.0,147.0
2023-08-19 10:00:00,398.0,868.0,200.0,0.0,56.0,160.0
2023-08-19 11:00:00,394.0,671.0,194.0,0.0,56.0,167.0
2023-08-19 12:00:00,391.0,669.0,190.0,0.0,56.0,135.0
2023-08-19 13:00:00,390.0,807.0,197.0,0.0,56.0,64.0
2023-08-19 14:00:00,401.0,808.0,182.0,25.0,56.0,4.0
2023-08-19 15:00:00,396.0,766.0,178.0,312.0,57.0,0.0
2023-08-19 16:00:00,393.0,760.0,137.0,458.0,57.0,4.0
2023-08-19 17:00:00,391.0,837.0,129.0,437.0,56.0,9.0
2023-08-19 18:00:00,389.0,914.0,136.0,572.0,56.0,36.0
2023-08-19 19:00:00,393.0,1095.0,156.0,752.0,56.0,54.0
2023-08-19 20:00:00,407.0,1302.0,211.0,598.0,56.0,107.0
2023-08-19 21:00:00,421.0,1330.0,214.0,385.0,56.0,112.0
2023-08-19 22:00:00,424.0,1351.0,217.0,302.0,56.0,135.0
2023-08-19 23:00:00,426.0,1542.0,220.0,354.0,56.0,136.0
2023-08-20 00:00:00,425.0,1800.0,219.0,203.0,57.0,96.0
2023-08-20 01:00:00,422.0,1797.0,227.0,115.0,57.0,70.0
2023-08-20 02:00:00,421.0,1828.0,233.0,37.0,58.0,34.0
2023-08-20 03:00:00,423.0,1779.0,216.0,1.0,59.0,34.0
2023-08-20 04:00:00,432.0,1564.0,219.0,0.0,58.0,90.0
2023-08-20 05:00:00,429.0,1573.0,215.0,0.0,56.0,188.0
2023-08-20 06:00:00,416.0,1491.0,233.0,0.0,57.0,86.0
2023-08-20 07:00:00,417.0,1387.0,229.0,4.0,57.0,4.0
2023-08-20 08:00:00,516.0,1355.0,211.0,0.0,63.0,1.0
2023-08-20 09:00:00,405.0,1302.0,213.0,0.0,63.0,8.0
2023-08-20 10:00:00,374.0,1279.0,211.0,0.0,64.0,1.0
2023-08-20 11:00:00,371.0,1278.0,203.0,0.0,64.0,3.0
2023-08-20 12:00:00,370.0,1277.0,201.0,0.0,64.0,1.0
2023-08-20 13:00:00,366.0,1259.0,201.0,0.0,65.0,2.0
2023-08-20 14:00:00,366.0,1259.0,201.0,3.0,65.0,1.0
2023-08-20 15:00:00,363.0,1279.0,198.0,27.0,66.0,6.0
2023-08-20 16:00:00,370.0,1325.0,198.0,57.0,66.0,5.0
2023-08-20 17:00:00,408.0,1349.0,198.0,105.0,66.0,0.0
2023-08-20 18:00:00,378.0,1644.0,197.0,130.0,64.0,0.0
2023-08-20 19:00:00,374.0,1745.0,196.0,203.0,65.0,12.0
2023-08-20 20:00:00,372.0,1725.0,196.0,162.0,290.0,36.0
2023-08-20 21:00:00,375.0,1638.0,209.0,155.0,304.0,35.0
2023-08-20 22:00:00,377.0,1632.0,215.0,126.0,306.0,14.0
2023-08-20 23:00:00,378.0,1607.0,220.0,141.0,303.0,1.0
2023-08-21 00:00:00,379.0,1601.0,212.0,93.0,300.0,12.0
2023-08-21 01:00:00,379.0,1602.0,200.0,89.0,300.0,21.0
2023-08-21 02:00:00,388.0,1605.0,215.0,32.0,298.0,34.0
2023-08-21 03:00:00,388.0,1616.0,215.0,0.0,470.0,40.0
2023-08-21 04:00:00,390.0,1619.0,211.0,0.0,482.0,19.0
2023-08-21 05:00:00,391.0,1564.0,208.0,0.0,477.0,17.0
2023-08-21 06:00:00,393.0,1626.0,221.0,0.0,297.0,19.0
2023-08-21 07:00:00,383.0,1624.0,211.0,0.0,60.0,6.0
2023-08-21 08:00:00,375.0,1345.0,164.0,0.0,59.0,2.0
2023-08-21 09:00:00,376.0,1130.0,146.0,0.0,59.0,2.0
2023-08-21 10:00:00,371.0,1103.0,138.0,0.0,59.0,39.0
2023-08-21 11:00:00,370.0,1045.0,137.0,0.0,59.0,33.0
2023-08-21 12:00:00,363.0,944.0,143.0,0.0,59.0,72.0
2023-08-21 13:00:00,366.0,1222.0,206.0,0.0,59.0,72.0
2023-08-21 14:00:00,390.0,1283.0,204.0,11.0,60.0,102.0
2023-08-21 15:00:00,435.0,1287.0,202.0,111.0,60.0,116.0
2023-08-21 16:00:00,434.0,1079.0,168.0,193.0,60.0,73.0
2023-08-21 17:00:00,404.0,887.0,150.0,415.0,60.0,93.0
2023-08-21 18:00:00,400.0,871.0,164.0,871.0,60.0,145.0
2023-08-21 19:00:00,389.0,767.0,153.0,1027.0,60.0,196.0
2023-08-21 20:00:00,390.0,756.0,153.0,927.0,60.0,217.0
2023-08-21 21:00:00,380.0,752.0,153.0,1035.0,61.0,224.0
2023-08-21 22:00:00,394.0,767.0,152.0,888.0,62.0,213.0
2023-08-21 23:00:00,398.0,805.0,172.0,878.0,61.0,197.0
2023-08-22 00:00:00,401.0,937.0,188.0,845.0,62.0,167.0
2023-08-22 01:00:00,451.0,1390.0,235.0,631.0,67.0,128.0
2023-08-22 02:00:00,408.0,1503.0,241.0,224.0,257.0,147.0
2023-08-22 03:00:00,409.0,1782.0,243.0,5.0,300.0,108.0
2023-08-22 04:00:00,407.0,1792.0,243.0,0.0,301.0,16.0
2023-08-22 05:00:00,403.0,1729.0,236.0,0.0,284.0,0.0
2023-08-22 06:00:00,389.0,1532.0,226.0,0.0,66.0,0.0
2023-08-22 07:00:00,381.0,1364.0,183.0,0.0,63.0,0.0
2023-08-22 08:00:00,397.0,1335.0,202.0,0.0,63.0,32.0
2023-08-22 09:00:00,400.0,1226.0,192.0,0.0,63.0,36.0
2023-08-22 10:00:00,395.0,1311.0,184.0,0.0,63.0,9.0
2023-08-22 11:00:00,394.0,1318.0,182.0,0.0,62.0,5.0
2023-08-22 12:00:00,387.0,1391.0,186.0,0.0,62.0,0.0
2023-08-22 13:00:00,392.0,1489.0,197.0,0.0,62.0,2.0
2023-08-22 14:00:00,407.0,1503.0,183.0,26.0,62.0,0.0
2023-08-22 15:00:00,403.0,1065.0,186.0,341.0,62.0,0.0
2023-08-22 16:00:00,401.0,900.0,150.0,735.0,62.0,0.0
2023-08-22 17:00:00,409.0,900.0,154.0,817.0,62.0,0.0
2023-08-22 18:00:00,408.0,899.0,154.0,1026.0,137.0,2.0
2023-08-22 19:00:00,402.0,898.0,153.0,1024.0,147.0,1.0
2023-08-22 20:00:00,400.0,897.0,163.0,1051.0,147.0,0.0
2023-08-22 21:00:00,403.0,913.0,178.0,1049.0,144.0,0.0
2023-08-22 22:00:00,411.0,923.0,185.0,1039.0,142.0,0.0
2023-08-22 23:00:00,474.0,1154.0,233.0,959.0,141.0,0.0
2023-08-23 00:00:00,613.0,1163.0,235.0,839.0,147.0,0.0
2023-08-23 01:00:00,696.0,1367.0,238.0,622.0,150.0,0.0
2023-08-23 02:00:00,587.0,1539.0,244.0,222.0,377.0,0.0
2023-08-23 03:00:00,617.0,1616.0,246.0,5.0,378.0,4.0
2023-08-23 04:00:00,634.0,1607.0,244.0,0.0,284.0,13.0
2023-08-23 05:00:00,578.0,1574.0,244.0,0.0,278.0,1.0
2023-08-23 06:00:00,489.0,1563.0,244.0,0.0,276.0,0.0
2023-08-23 07:00:00,414.0,1533.0,240.0,0.0,38.0,0.0
2023-08-23 08:00:00,395.0,1529.0,229.0,0.0,33.0,0.0
2023-08-23 09:00:00,387.0,1525.0,229.0,0.0,33.0,0.0
2023-08-23 10:00:00,396.0,1521.0,226.0,0.0,33.0,0.0
2023-08-23 11:00:00,390.0,1510.0,226.0,0.0,33.0,0.0
2023-08-23 12:00:00,388.0,1508.0,226.0,0.0,34.0,0.0
2023-08-23 13:00:00,381.0,1542.0,225.0,0.0,34.0,0.0
2023-08-23 14:00:00,382.0,1521.0,218.0,31.0,34.0,0.0
2023-08-23 15:00:00,382.0,1272.0,214.0,370.0,34.0,0.0
2023-08-23 16:00:00,382.0,1003.0,176.0,768.0,33.0,0.0
2023-08-23 17:00:00,388.0,1002.0,175.0,934.0,33.0,0.0
2023-08-23 18:00:00,396.0,1009.0,172.0,1025.0,34.0,1.0
2023-08-23 19:00:00,398.0,1012.0,175.0,1067.0,35.0,2.0
2023-08-23 20:00:00,403.0,1155.0,179.0,1061.0,35.0,1.0
2023-08-23 21:00:00,449.0,1188.0,184.0,1052.0,36.0,9.0
2023-08-23 22:00:00,580.0,1457.0,197.0,1023.0,39.0,39.0
2023-08-23 23:00:00,675.0,1646.0,244.0,955.0,46.0,77.0
2023-08-24 00:00:00,857.0,1715.0,250.0,843.0,298.0,60.0
2023-08-24 01:00:00,901.0,1742.0,251.0,609.0,478.0,40.0
2023-08-24 02:00:00,716.0,1800.0,253.0,218.0,517.0,28.0
2023-08-24 03:00:00,808.0,1863.0,257.0,5.0,503.0,29.0
2023-08-24 04:00:00,757.0,1755.0,241.0,0.0,507.0,63.0
2023-08-24 05:00:00,907.0,1639.0,242.0,0.0,274.0,9.0
2023-08-24 06:00:00,751.0,1639.0,243.0,0.0,269.0,0.0
2023-08-24 07:00:00,484.0,1632.0,235.0,0.0,247.0,3.0
2023-08-24 08:00:00,389.0,1596.0,235.0,0.0,30.0,0.0
2023-08-24 09:00:00,386.0,1551.0,225.0,0.0,30.0,0.0
2023-08-24 10:00:00,375.0,1549.0,216.0,0.0,30.0,0.0
2023-08-24 11:00:00,372.0,1550.0,212.0,0.0,30.0,1.0
2023-08-24 12:00:00,367.0,1556.0,213.0,0.0,30.0,0.0
2023-08-24 13:00:00,370.0,1670.0,218.0,0.0,30.0,1.0
2023-08-24 14:00:00,381.0,1696.0,204.0,32.0,31.0,10.0
2023-08-24 15:00:00,385.0,1682.0,201.0,349.0,0.0,5.0
2023-08-24 16:00:00,386.0,1252.0,149.0,658.0,0.0,13.0
2023-08-24 17:00:00,392.0,1134.0,146.0,912.0,0.0,23.0
2023-08-24 18:00:00,397.0,1010.0,155.0,1017.0,0.0,17.0
2023-08-24 19:00:00,397.0,928.0,161.0,981.0,21.0,0.0
2023-08-24 20:00:00,401.0,1015.0,176.0,927.0,27.0,0.0
2023-08-24 21:00:00,403.0,1045.0,187.0,925.0,24.0,1.0
2023-08-24 22:00:00,404.0,1261.0,189.0,1007.0,110.0,2.0
2023-08-24 23:00:00,409.0,1345.0,189.0,878.0,210.0,2.0
2023-08-25 00:00:00,493.0,1483.0,190.0,698.0,257.0,43.0
2023-08-25 01:00:00,450.0,1626.0,191.0,573.0,236.0,43.0
2023-08-25 02:00:00,495.0,1661.0,192.0,194.0,469.0,3.0
2023-08-25 03:00:00,516.0,1673.0,179.0,4.0,497.0,2.0
2023-08-25 04:00:00,445.0,1674.0,176.0,0.0,498.0,13.0
2023-08-25 05:00:00,411.0,1592.0,160.0,0.0,497.0,9.0
2023-08-25 06:00:00,395.0,1567.0,166.0,0.0,459.0,14.0
2023-08-25 07:00:00,384.0,1544.0,162.0,0.0,229.0,4.0
2023-08-25 08:00:00,382.0,1546.0,168.0,0.0,26.0,1.0
2023-08-25 09:00:00,376.0,1549.0,166.0,0.0,0.0,0.0
2023-08-25 10:00:00,371.0,1517.0,159.0,0.0,0.0,1.0
2023-08-25 11:00:00,369.0,1476.0,157.0,0.0,0.0,0.0
2023-08-25 12:00:00,363.0,1483.0,156.0,0.0,0.0,1.0
2023-08-25 13:00:00,366.0,1598.0,164.0,0.0,0.0,7.0
2023-08-25 14:00:00,383.0,1592.0,147.0,32.0,0.0,11.0
2023-08-25 15:00:00,381.0,1210.0,149.0,383.0,0.0,6.0
2023-08-25 16:00:00,387.0,943.0,158.0,789.0,0.0,3.0
2023-08-25 17:00:00,381.0,830.0,160.0,952.0,0.0,5.0
2023-08-25 18:00:00,388.0,829.0,166.0,1031.0,5.0,9.0
2023-08-25 19:00:00,389.0,828.0,165.0,1060.0,16.0,2.0
2023-08-25 20:00:00,397.0,944.0,174.0,1055.0,16.0,1.0
2023-08-25 21:00:00,401.0,1130.0,183.0,956.0,16.0,6.0
2023-08-25 22:00:00,404.0,1216.0,188.0,939.0,16.0,14.0
2023-08-25 23:00:00,405.0,1242.0,185.0,933.0,188.0,22.0
2023-08-26 00:00:00,405.0,1490.0,188.0,843.0,205.0,33.0
2023-08-26 01:00:00,402.0,1926.0,188.0,616.0,218.0,22.0
2023-08-26 02:00:00,453.0,2002.0,188.0,203.0,458.0,7.0
2023-08-26 03:00:00,445.0,2068.0,177.0,3.0,490.0,3.0
2023-08-26 04:00:00,423.0,2143.0,177.0,0.0,395.0,2.0
2023-08-26 05:00:00,405.0,2109.0,164.0,0.0,395.0,1.0
2023-08-26 06:00:00,399.0,1871.0,174.0,0.0,393.0,4.0
2023-08-26 07:00:00,399.0,1841.0,171.0,0.0,203.0,13.0
2023-08-26 08:00:00,391.0,1723.0,177.0,0.0,14.0,13.0
2023-08-26 09:00:00,322.0,1569.0,177.0,0.0,13.0,16.0
2023-08-26 10:00:00,357.0,1553.0,171.0,0.0,13.0,16.0
2023-08-26 11:00:00,370.0,1552.0,166.0,0.0,13.0,13.0
2023-08-26 12:00:00,363.0,1554.0,164.0,0.0,13.0,13.0
2023-08-26 13:00:00,367.0,1553.0,159.0,0.0,13.0,15.0
2023-08-26 14:00:00,399.0,1499.0,144.0,29.0,14.0,11.0
2023-08-26 15:00:00,371.0,1008.0,143.0,378.0,9.0,2.0
2023-08-26 16:00:00,371.0,827.0,139.0,797.0,0.0,0.0
2023-08-26 17:00:00,363.0,828.0,148.0,968.0,0.0,0.0
2023-08-26 18:00:00,370.0,831.0,164.0,1041.0,0.0,25.0
2023-08-26 19:00:00,363.0,834.0,173.0,1067.0,0.0,49.0
2023-08-26 20:00:00,376.0,946.0,175.0,1082.0,0.0,27.0
2023-08-26 21:00:00,387.0,1210.0,182.0,1079.0,0.0,60.0
2023-08-26 22:00:00,397.0,1149.0,182.0,1056.0,9.0,94.0
2023-08-26 23:00:00,402.0,1300.0,186.0,987.0,16.0,63.0
2023-08-27 00:00:00,406.0,1492.0,187.0,866.0,16.0,61.0
2023-08-27 01:00:00,406.0,1894.0,187.0,618.0,204.0,77.0
2023-08-27 02:00:00,431.0,2167.0,188.0,198.0,388.0,84.0
2023-08-27 03:00:00,526.0,2235.0,187.0,2.0,389.0,87.0
2023-08-27 04:00:00,448.0,2197.0,182.0,2.0,391.0,88.0
2023-08-27 05:00:00,410.0,1979.0,170.0,1.0,206.0,96.0
2023-08-27 06:00:00,402.0,1864.0,177.0,0.0,20.0,57.0
2023-08-27 07:00:00,394.0,1647.0,184.0,1.0,17.0,47.0
2023-08-27 08:00:00,385.0,1643.0,187.0,0.0,24.0,29.0
2023-08-27 09:00:00,384.0,1551.0,172.0,0.0,24.0,30.0
2023-08-27 10:00:00,371.0,1554.0,189.0,0.0,24.0,32.0
2023-08-27 11:00:00,372.0,1559.0,202.0,0.0,24.0,31.0
2023-08-27 12:00:00,370.0,1557.0,202.0,0.0,24.0,31.0
2023-08-27 13:00:00,366.0,1557.0,204.0,0.0,24.0,29.0
2023-08-27 14:00:00,371.0,1552.0,193.0,30.0,17.0,18.0
2023-08-27 15:00:00,370.0,1292.0,139.0,376.0,0.0,4.0
2023-08-27 16:00:00,368.0,1019.0,123.0,802.0,0.0,0.0
2023-08-27 17:00:00,368.0,1029.0,124.0,969.0,0.0,0.0
2023-08-27 18:00:00,362.0,1078.0,149.0,1031.0,0.0,0.0
2023-08-27 19:00:00,362.0,1238.0,174.0,1044.0,0.0,19.0
2023-08-27 20:00:00,376.0,1444.0,179.0,1045.0,0.0,46.0
2023-08-27 21:00:00,389.0,1538.0,185.0,1040.0,17.0,56.0
2023-08-27 22:00:00,401.0,1855.0,204.0,1016.0,37.0,69.0
2023-08-27 23:00:00,404.0,2008.0,234.0,956.0,213.0,87.0
2023-08-28 00:00:00,413.0,2016.0,241.0,849.0,398.0,38.0
2023-08-28 01:00:00,571.0,2344.0,243.0,606.0,421.0,28.0
2023-08-28 02:00:00,777.0,2487.0,252.0,185.0,433.0,35.0
2023-08-28 03:00:00,834.0,2512.0,264.0,2.0,435.0,53.0
2023-08-28 04:00:00,673.0,2445.0,250.0,0.0,391.0,21.0
2023-08-28 05:00:00,557.0,2436.0,250.0,0.0,392.0,16.0
2023-08-28 06:00:00,420.0,2323.0,250.0,0.0,393.0,19.0
2023-08-28 07:00:00,393.0,2091.0,241.0,0.0,392.0,11.0
2023-08-28 08:00:00,379.0,1989.0,240.0,0.0,25.0,11.0
2023-08-28 09:00:00,380.0,1936.0,236.0,0.0,0.0,6.0
2023-08-28 10:00:00,371.0,1927.0,230.0,0.0,0.0,3.0
2023-08-28 11:00:00,367.0,1934.0,230.0,0.0,0.0,5.0
2023-08-28 12:00:00,364.0,1937.0,236.0,0.0,0.0,30.0
2023-08-28 13:00:00,366.0,1979.0,233.0,0.0,0.0,18.0
2023-08-28 14:00:00,483.0,1971.0,216.0,26.0,0.0,7.0
2023-08-28 15:00:00,402.0,1601.0,216.0,367.0,0.0,0.0
2023-08-28 16:00:00,398.0,1279.0,217.0,785.0,0.0,0.0
2023-08-28 17:00:00,401.0,1402.0,217.0,950.0,0.0,0.0
2023-08-28 18:00:00,458.0,1516.0,218.0,1019.0,0.0,0.0
2023-08-28 19:00:00,526.0,1579.0,224.0,1038.0,0.0,0.0
2023-08-28 20:00:00,634.0,2161.0,235.0,1029.0,0.0,0.0
2023-08-28 21:00:00,656.0,2383.0,238.0,1023.0,26.0,1.0
2023-08-28 22:00:00,769.0,2461.0,250.0,991.0,215.0,2.0
2023-08-28 23:00:00,898.0,2504.0,261.0,927.0,211.0,2.0
2023-08-29 00:00:00,1050.0,2524.0,269.0,820.0,213.0,1.0
2023-08-29 01:00:00,1154.0,2597.0,269.0,580.0,416.0,2.0
2023-08-29 02:00:00,1161.0,2726.0,268.0,173.0,438.0,12.0
2023-08-29 03:00:00,1146.0,2744.0,255.0,1.0,422.0,41.0
2023-08-29 04:00:00,1023.0,2617.0,250.0,0.0,217.0,67.0
2023-08-29 05:00:00,853.0,2436.0,265.0,0.0,235.0,79.0
2023-08-29 06:00:00,640.0,2432.0,253.0,0.0,212.0,20.0
2023-08-29 07:00:00,478.0,2077.0,249.0,0.0,222.0,2.0
2023-08-29 08:00:00,417.0,1719.0,180.0,0.0,29.0,1.0
2023-08-29 09:00:00,413.0,1688.0,145.0,0.0,0.0,2.0
2023-08-29 10:00:00,406.0,1688.0,128.0,0.0,0.0,6.0
2023-08-29 11:00:00,402.0,1628.0,125.0,0.0,0.0,6.0
2023-08-29 12:00:00,419.0,1448.0,133.0,0.0,0.0,8.0
2023-08-29 13:00:00,628.0,1459.0,144.0,0.0,0.0,7.0
2023-08-29 14:00:00,730.0,1465.0,146.0,24.0,0.0,4.0
2023-08-29 15:00:00,498.0,1116.0,137.0,358.0,0.0,3.0
2023-08-29 16:00:00,426.0,908.0,137.0,780.0,0.0,1.0
2023-08-29 17:00:00,425.0,975.0,136.0,949.0,0.0,1.0
2023-08-29 18:00:00,423.0,1136.0,141.0,1020.0,0.0,11.0
2023-08-29 19:00:00,424.0,1188.0,145.0,1041.0,0.0,74.0
2023-08-29 20:00:00,425.0,1354.0,171.0,1032.0,27.0,129.0
2023-08-29 21:00:00,435.0,1931.0,232.0,1030.0,27.0,140.0
2023-08-29 22:00:00,471.0,2225.0,242.0,1008.0,214.0,182.0
2023-08-29 23:00:00,496.0,2255.0,245.0,948.0,399.0,191.0
2023-08-30 00:00:00,702.0,2284.0,227.0,844.0,397.0,202.0
2023-08-30 01:00:00,891.0,2401.0,233.0,598.0,397.0,200.0
2023-08-30 02:00:00,891.0,2613.0,252.0,172.0,449.0,172.0
2023-08-30 03:00:00,755.0,2667.0,271.0,1.0,473.0,117.0
2023-08-30 04:00:00,561.0,2539.0,264.0,0.0,393.0,91.0
2023-08-30 05:00:00,443.0,2455.0,235.0,0.0,394.0,85.0
2023-08-30 06:00:00,432.0,2373.0,239.0,0.0,31.0,86.0
2023-08-30 07:00:00,431.0,1870.0,228.0,0.0,26.0,78.0
2023-08-30 08:00:00,424.0,1535.0,171.0,0.0,27.0,81.0
2023-08-30 09:00:00,418.0,1476.0,143.0,0.0,27.0,64.0
2023-08-30 10:00:00,406.0,1327.0,131.0,0.0,27.0,57.0
2023-08-30 11:00:00,401.0,1297.0,130.0,0.0,27.0,57.0
2023-08-30 12:00:00,400.0,1230.0,127.0,0.0,27.0,73.0
2023-08-30 13:00:00,397.0,1250.0,173.0,0.0,27.0,29.0
2023-08-30 14:00:00,408.0,1328.0,197.0,23.0,27.0,18.0
2023-08-30 15:00:00,517.0,1070.0,147.0,362.0,0.0,1.0
2023-08-30 16:00:00,425.0,806.0,133.0,789.0,0.0,0.0
2023-08-30 17:00:00,407.0,777.0,136.0,962.0,0.0,0.0
2023-08-30 18:00:00,406.0,948.0,148.0,1027.0,0.0,0.0
2023-08-30 19:00:00,413.0,1149.0,172.0,1040.0,12.0,19.0
2023-08-30 20:00:00,508.0,1344.0,191.0,1036.0,24.0,30.0
2023-08-30 21:00:00,415.0,1604.0,227.0,1038.0,204.0,48.0
2023-08-30 22:00:00,410.0,1726.0,241.0,1008.0,219.0,59.0
2023-08-30 23:00:00,453.0,1701.0,249.0,950.0,237.0,89.0
2023-08-31 00:00:00,454.0,1640.0,251.0,856.0,412.0,87.0
2023-08-31 01:00:00,605.0,1844.0,247.0,592.0,404.0,72.0
2023-08-31 02:00:00,846.0,2129.0,263.0,164.0,446.0,66.0
2023-08-31 03:00:00,882.0,2148.0,263.0,1.0,411.0,62.0
2023-08-31 04:00:00,722.0,2171.0,241.0,0.0,400.0,74.0
2023-08-31 05:00:00,617.0,2174.0,233.0,0.0,398.0,98.0
2023-08-31 06:00:00,533.0,1972.0,237.0,0.0,415.0,119.0
2023-08-31 07:00:00,486.0,1366.0,223.0,0.0,444.0,94.0
2023-08-31 08:00:00,424.0,1272.0,223.0,0.0,429.0,67.0
2023-08-31 09:00:00,384.0,1283.0,226.0,0.0,270.0,58.0
2023-08-31 10:00:00,373.0,1265.0,213.0,0.0,215.0,41.0
2023-08-31 11:00:00,371.0,1248.0,213.0,0.0,33.0,27.0
2023-08-31 12:00:00,362.0,1370.0,213.0,0.0,27.0,21.0
2023-08-31 13:00:00,370.0,1407.0,212.0,0.0,28.0,24.0
2023-08-31 14:00:00,463.0,1579.0,205.0,22.0,28.0,5.0
2023-08-31 15:00:00,395.0,1303.0,209.0,347.0,28.0,3.0
2023-08-31 16:00:00,394.0,1148.0,166.0,770.0,48.0,0.0
2023-08-31 17:00:00,394.0,885.0,141.0,940.0,104.0,12.0
2023-08-31 18:00:00,401.0,882.0,148.0,1009.0,135.0,143.0
2023-08-31 19:00:00,401.0,980.0,169.0,1050.0,134.0,166.0
2023-08-31 20:00:00,402.0,1269.0,186.0,1058.0,138.0,214.0
2023-08-31 21:00:00,404.0,1477.0,205.0,938.0,321.0,215.0
2023-08-31 22:00:00,457.0,1575.0,242.0,865.0,327.0,220.0
2023-08-31 23:00:00,414.0,1747.0,252.0,793.0,327.0,232.0
2023-09-01 00:00:00,413.0,1949.0,251.0,759.0,329.0,232.0
2023-09-01 01:00:00,545.0,1959.0,252.0,512.0,329.0,216.0
2023-09-01 02:00:00,657.0,1977.0,257.0,141.0,326.0,179.0
2023-09-01 03:00:00,640.0,1982.0,247.0,1.0,324.0,119.0
2023-09-01 04:00:00,730.0,1984.0,238.0,0.0,236.0,106.0
2023-09-01 05:00:00,564.0,1977.0,240.0,0.0,219.0,107.0
2023-09-01 06:00:00,421.0,1661.0,240.0,0.0,220.0,161.0
2023-09-01 07:00:00,401.0,1624.0,240.0,0.0,38.0,196.0
2023-09-01 08:00:00,382.0,1510.0,239.0,0.0,24.0,165.0
2023-09-01 09:00:00,373.0,1373.0,233.0,0.0,24.0,197.0
2023-09-01 10:00:00,370.0,1322.0,226.0,0.0,24.0,188.0
2023-09-01 11:00:00,368.0,1255.0,172.0,0.0,24.0,104.0
2023-09-01 12:00:00,363.0,1447.0,188.0,0.0,24.0,122.0
2023-09-01 13:00:00,366.0,1517.0,226.0,0.0,24.0,197.0
2023-09-01 14:00:00,378.0,1535.0,210.0,5.0,26.0,211.0
2023-09-01 15:00:00,382.0,1327.0,219.0,114.0,0.0,196.0
2023-09-01 16:00:00,386.0,1196.0,182.0,462.0,0.0,50.0
2023-09-01 17:00:00,384.0,1184.0,175.0,665.0,0.0,103.0
2023-09-01 18:00:00,380.0,1020.0,190.0,761.0,0.0,159.0
2023-09-01 19:00:00,378.0,765.0,194.0,805.0,0.0,165.0
2023-09-01 20:00:00,376.0,838.0,198.0,683.0,27.0,76.0
2023-09-01 21:00:00,377.0,1118.0,225.0,652.0,31.0,81.0
2023-09-01 22:00:00,380.0,1107.0,258.0,533.0,31.0,76.0
2023-09-01 23:00:00,378.0,1147.0,263.0,591.0,31.0,118.0
2023-09-02 00:00:00,376.0,1104.0,261.0,568.0,203.0,178.0
2023-09-02 01:00:00,376.0,1130.0,260.0,295.0,217.0,88.0
2023-09-02 02:00:00,375.0,1147.0,258.0,44.0,215.0,40.0
2023-09-02 03:00:00,374.0,1114.0,246.0,1.0,215.0,101.0
2023-09-02 04:00:00,374.0,1123.0,249.0,3.0,217.0,52.0
2023-09-02 05:00:00,372.0,1156.0,250.0,0.0,217.0,25.0
2023-09-02 06:00:00,372.0,988.0,246.0,7.0,223.0,26.0
2023-09-02 07:00:00,373.0,982.0,245.0,0.0,33.0,85.0
2023-09-02 08:00:00,370.0,984.0,237.0,0.0,31.0,84.0
2023-09-02 09:00:00,372.0,986.0,231.0,0.0,31.0,66.0
2023-09-02 10:00:00,372.0,984.0,218.0,0.0,30.0,26.0
2023-09-02 11:00:00,371.0,979.0,215.0,0.0,30.0,10.0
2023-09-02 12:00:00,370.0,980.0,208.0,0.0,30.0,12.0
2023-09-02 13:00:00,364.0,981.0,212.0,0.0,31.0,4.0
2023-09-02 14:00:00,373.0,983.0,216.0,4.0,32.0,4.0
2023-09-02 15:00:00,456.0,958.0,218.0,128.0,0.0,10.0
2023-09-02 16:00:00,377.0,956.0,181.0,268.0,0.0,14.0
2023-09-02 17:00:00,369.0,980.0,211.0,336.0,0.0,35.0
2023-09-02 18:00:00,367.0,944.0,221.0,701.0,0.0,44.0
2023-09-02 19:00:00,363.0,649.0,170.0,897.0,0.0,79.0
2023-09-02 20:00:00,364.0,750.0,179.0,733.0,0.0,129.0
2023-09-02 21:00:00,371.0,627.0,184.0,836.0,24.0,134.0
2023-09-02 22:00:00,370.0,641.0,178.0,852.0,34.0,114.0
2023-09-02 23:00:00,372.0,863.0,183.0,697.0,34.0,94.0
2023-09-03 00:00:00,374.0,1061.0,225.0,678.0,34.0,84.0
2023-09-03 01:00:00,374.0,1070.0,238.0,410.0,212.0,184.0
2023-09-03 02:00:00,375.0,1249.0,240.0,91.0,218.0,111.0
2023-09-03 03:00:00,374.0,1326.0,238.0,1.0,218.0,66.0
2023-09-03 04:00:00,375.0,1160.0,223.0,0.0,302.0,82.0
2023-09-03 05:00:00,379.0,935.0,231.0,0.0,232.0,55.0
2023-09-03 06:00:00,365.0,936.0,241.0,0.0,218.0,77.0
2023-09-03 07:00:00,371.0,934.0,242.0,0.0,219.0,57.0
2023-09-03 08:00:00,366.0,937.0,238.0,0.0,216.0,90.0
2023-09-03 09:00:00,371.0,930.0,236.0,0.0,35.0,74.0
2023-09-03 10:00:00,370.0,928.0,234.0,0.0,30.0,39.0
2023-09-03 11:00:00,371.0,927.0,190.0,0.0,30.0,36.0
2023-09-03 12:00:00,370.0,927.0,175.0,0.0,30.0,40.0
2023-09-03 13:00:00,369.0,927.0,179.0,0.0,30.0,32.0
2023-09-03 14:00:00,368.0,881.0,213.0,17.0,30.0,33.0
2023-09-03 15:00:00,367.0,513.0,153.0,324.0,33.0,33.0
2023-09-03 16:00:00,366.0,306.0,128.0,783.0,0.0,34.0
2023-09-03 17:00:00,363.0,369.0,129.0,979.0,0.0,89.0
2023-09-03 18:00:00,363.0,376.0,129.0,975.0,0.0,129.0
2023-09-03 19:00:00,365.0,376.0,140.0,930.0,0.0,164.0
2023-09-03 20:00:00,365.0,376.0,160.0,908.0,0.0,171.0
2023-09-03 21:00:00,366.0,375.0,169.0,918.0,0.0,186.0
2023-09-03 22:00:00,367.0,412.0,177.0,979.0,0.0,221.0
2023-09-03 23:00:00,368.0,567.0,185.0,882.0,0.0,232.0
2023-09-04 00:00:00,374.0,678.0,185.0,758.0,27.0,196.0
2023-09-04 01:00:00,377.0,845.0,182.0,503.0,49.0,179.0
2023-09-04 02:00:00,418.0,931.0,184.0,113.0,267.0,186.0
2023-09-04 03:00:00,556.0,751.0,225.0,1.0,41.0,107.0
2023-09-04 04:00:00,598.0,1254.0,221.0,0.0,30.0,108.0
2023-09-04 05:00:00,428.0,1239.0,224.0,0.0,30.0,158.0
2023-09-04 06:00:00,383.0,1049.0,233.0,0.0,30.0,112.0
2023-09-04 07:00:00,377.0,962.0,236.0,0.0,30.0,92.0
2023-09-04 08:00:00,384.0,765.0,232.0,0.0,30.0,103.0
2023-09-04 09:00:00,370.0,708.0,186.0,0.0,30.0,59.0
2023-09-04 10:00:00,370.0,584.0,168.0,0.0,30.0,125.0
2023-09-04 11:00:00,369.0,703.0,161.0,0.0,30.0,92.0
2023-09-04 12:00:00,368.0,746.0,166.0,0.0,30.0,64.0
2023-09-04 13:00:00,368.0,812.0,214.0,0.0,30.0,45.0
2023-09-04 14:00:00,370.0,746.0,209.0,17.0,30.0,27.0
2023-09-04 15:00:00,368.0,541.0,151.0,323.0,31.0,23.0
2023-09-04 16:00:00,368.0,461.0,121.0,767.0,0.0,4.0
2023-09-04 17:00:00,368.0,421.0,122.0,969.0,0.0,2.0
2023-09-04 18:00:00,367.0,441.0,131.0,1052.0,0.0,0.0
2023-09-04 19:00:00,365.0,441.0,144.0,1061.0,0.0,0.0
2023-09-04 20:00:00,363.0,440.0,151.0,1056.0,0.0,0.0
2023-09-04 21:00:00,369.0,441.0,163.0,1060.0,0.0,0.0
2023-09-04 22:00:00,376.0,463.0,168.0,1046.0,0.0,0.0
2023-09-04 23:00:00,388.0,573.0,161.0,971.0,129.0,0.0
2023-09-05 00:00:00,388.0,597.0,171.0,836.0,373.0,3.0
2023-09-05 01:00:00,390.0,811.0,190.0,550.0,620.0,6.0
2023-09-05 02:00:00,391.0,1053.0,241.0,123.0,618.0,24.0
2023-09-05 03:00:00,391.0,1235.0,241.0,0.0,603.0,43.0
2023-09-05 04:00:00,391.0,1329.0,240.0,0.0,510.0,17.0
2023-09-05 05:00:00,391.0,1339.0,241.0,0.0,510.0,7.0
2023-09-05 06:00:00,388.0,1238.0,241.0,0.0,506.0,3.0
2023-09-05 07:00:00,381.0,1236.0,240.0,0.0,268.0,2.0
2023-09-05 08:00:00,371.0,1236.0,239.0,0.0,42.0,1.0
2023-09-05 09:00:00,369.0,1233.0,239.0,0.0,0.0,1.0
2023-09-05 10:00:00,367.0,1233.0,235.0,0.0,0.0,3.0
2023-09-05 11:00:00,366.0,1234.0,229.0,0.0,0.0,1.0
2023-09-05 12:00:00,367.0,1235.0,231.0,0.0,0.0,0.0
2023-09-05 13:00:00,363.0,1238.0,235.0,0.0,0.0,0.0
2023-09-05 14:00:00,373.0,1238.0,202.0,18.0,0.0,0.0
2023-09-05 15:00:00,392.0,860.0,153.0,330.0,0.0,0.0
2023-09-05 16:00:00,380.0,588.0,146.0,767.0,0.0,0.0
2023-09-05 17:00:00,379.0,644.0,152.0,958.0,0.0,0.0
2023-09-05 18:00:00,379.0,651.0,152.0,1036.0,0.0,0.0
2023-09-05 19:00:00,396.0,635.0,159.0,1050.0,0.0,0.0
2023-09-05 20:00:00,489.0,664.0,160.0,1043.0,0.0,3.0
2023-09-05 21:00:00,468.0,600.0,154.0,1052.0,31.0,16.0
2023-09-05 22:00:00,412.0,613.0,149.0,1030.0,34.0,25.0
2023-09-05 23:00:00,408.0,659.0,152.0,954.0,33.0,38.0
2023-09-06 00:00:00,406.0,654.0,162.0,827.0,235.0,64.0
2023-09-06 01:00:00,411.0,1023.0,218.0,530.0,478.0,86.0
2023-09-06 02:00:00,521.0,1361.0,223.0,114.0,509.0,52.0
2023-09-06 03:00:00,606.0,1432.0,218.0,0.0,507.0,37.0
2023-09-06 04:00:00,622.0,1430.0,218.0,0.0,506.0,56.0
2023-09-06 05:00:00,631.0,1429.0,226.0,0.0,503.0,49.0
2023-09-06 06:00:00,436.0,1430.0,226.0,0.0,273.0,29.0
2023-09-06 07:00:00,446.0,1418.0,225.0,0.0,270.0,46.0
2023-09-06 08:00:00,511.0,1223.0,232.0,0.0,222.0,43.0
2023-09-06 09:00:00,545.0,1224.0,232.0,0.0,34.0,35.0
2023-09-06 10:00:00,467.0,1186.0,231.0,0.0,30.0,27.0
2023-09-06 11:00:00,422.0,1116.0,230.0,0.0,30.0,25.0
2023-09-06 12:00:00,561.0,1035.0,233.0,0.0,30.0,25.0
2023-09-06 13:00:00,539.0,1034.0,234.0,0.0,267.0,40.0
2023-09-06 14:00:00,464.0,1033.0,206.0,17.0,271.0,24.0
2023-09-06 15:00:00,453.0,845.0,185.0,318.0,250.0,5.0
2023-09-06 16:00:00,385.0,455.0,145.0,758.0,218.0,0.0
2023-09-06 17:00:00,374.0,444.0,132.0,958.0,218.0,2.0
2023-09-06 18:00:00,379.0,442.0,127.0,1035.0,34.0,34.0
2023-09-06 19:00:00,389.0,443.0,128.0,1053.0,33.0,95.0
2023-09-06 20:00:00,536.0,453.0,134.0,1046.0,33.0,121.0
2023-09-06 21:00:00,573.0,515.0,132.0,1053.0,33.0,135.0
2023-09-06 22:00:00,631.0,638.0,149.0,1032.0,37.0,191.0
2023-09-06 23:00:00,716.0,715.0,181.0,955.0,251.0,173.0
2023-09-07 00:00:00,706.0,790.0,231.0,821.0,247.0,182.0
2023-09-07 01:00:00,703.0,1097.0,235.0,527.0,263.0,158.0
2023-09-07 02:00:00,739.0,1369.0,239.0,109.0,272.0,96.0
2023-09-07 03:00:00,714.0,1660.0,236.0,0.0,270.0,79.0
2023-09-07 04:00:00,701.0,1561.0,220.0,0.0,270.0,89.0
2023-09-07 05:00:00,609.0,1464.0,236.0,0.0,269.0,99.0
2023-09-07 06:00:00,474.0,1464.0,233.0,0.0,31.0,89.0
2023-09-07 07:00:00,394.0,1366.0,233.0,0.0,30.0,50.0
2023-09-07 08:00:00,376.0,1264.0,234.0,0.0,29.0,38.0
2023-09-07 09:00:00,369.0,1256.0,235.0,0.0,0.0,26.0
2023-09-07 10:00:00,371.0,1243.0,235.0,0.0,0.0,47.0
2023-09-07 11:00:00,369.0,1244.0,234.0,0.0,0.0,46.0
2023-09-07 12:00:00,368.0,1246.0,232.0,0.0,0.0,34.0
2023-09-07 13:00:00,363.0,1257.0,235.0,0.0,0.0,36.0
2023-09-07 14:00:00,376.0,1264.0,222.0,16.0,0.0,36.0
2023-09-07 15:00:00,375.0,923.0,199.0,327.0,0.0,31.0
2023-09-07 16:00:00,376.0,590.0,151.0,772.0,0.0,11.0
2023-09-07 17:00:00,376.0,587.0,137.0,962.0,0.0,5.0
2023-09-07 18:00:00,376.0,589.0,141.0,1038.0,0.0,28.0
2023-09-07 19:00:00,375.0,591.0,151.0,1050.0,0.0,52.0
2023-09-07 20:00:00,378.0,597.0,155.0,1042.0,0.0,74.0
2023-09-07 21:00:00,390.0,621.0,163.0,1049.0,0.0,95.0
2023-09-07 22:00:00,401.0,777.0,184.0,1037.0,17.0,121.0
2023-09-07 23:00:00,406.0,950.0,240.0,970.0,244.0,132.0
2023-09-08 00:00:00,466.0,1054.0,250.0,850.0,256.0,137.0
2023-09-08 01:00:00,564.0,1142.0,253.0,542.0,273.0,174.0
2023-09-08 02:00:00,761.0,1301.0,260.0,106.0,270.0,156.0
2023-09-08 03:00:00,831.0,1273.0,261.0,0.0,271.0,122.0
2023-09-08 04:00:00,891.0,1277.0,255.0,0.0,270.0,105.0
2023-09-08 05:00:00,784.0,1282.0,253.0,0.0,271.0,89.0
2023-09-08 06:00:00,645.0,1282.0,241.0,0.0,270.0,74.0
2023-09-08 07:00:00,735.0,1273.0,219.0,0.0,33.0,70.0
2023-09-08 08:00:00,653.0,1190.0,235.0,0.0,30.0,38.0
2023-09-08 09:00:00,506.0,1190.0,231.0,0.0,30.0,34.0
2023-09-08 10:00:00,441.0,1191.0,186.0,0.0,30.0,45.0
2023-09-08 11:00:00,376.0,1193.0,174.0,0.0,30.0,45.0
2023-09-08 12:00:00,391.0,1259.0,187.0,0.0,30.0,47.0
2023-09-08 13:00:00,373.0,1195.0,238.0,4.0,30.0,46.0
2023-09-08 14:00:00,377.0,1259.0,212.0,14.0,30.0,40.0
2023-09-08 15:00:00,374.0,1153.0,191.0,285.0,30.0,20.0
2023-09-08 16:00:00,375.0,707.0,138.0,549.0,110.0,15.0
2023-09-08 17:00:00,374.0,605.0,128.0,828.0,138.0,24.0
2023-09-08 18:00:00,377.0,606.0,132.0,995.0,137.0,77.0
2023-09-08 19:00:00,380.0,622.0,154.0,1023.0,137.0,137.0
2023-09-08 20:00:00,394.0,773.0,171.0,1030.0,137.0,157.0
2023-09-08 21:00:00,462.0,974.0,193.0,1033.0,137.0,174.0
2023-09-08 22:00:00,662.0,1204.0,242.0,999.0,137.0,153.0
2023-09-08 23:00:00,788.0,1467.0,251.0,907.0,366.0,181.0
2023-09-09 00:00:00,756.0,1666.0,255.0,785.0,598.0,189.0
2023-09-09 01:00:00,757.0,1779.0,259.0,481.0,617.0,191.0
2023-09-09 02:00:00,576.0,1846.0,259.0,85.0,615.0,174.0
2023-09-09 03:00:00,434.0,1856.0,270.0,0.0,611.0,177.0
2023-09-09 04:00:00,412.0,1724.0,253.0,0.0,507.0,133.0
2023-09-09 05:00:00,411.0,1689.0,239.0,0.0,271.0,138.0
2023-09-09 06:00:00,412.0,1691.0,239.0,0.0,266.0,103.0
2023-09-09 07:00:00,414.0,1610.0,239.0,0.0,31.0,89.0
2023-09-09 08:00:00,389.0,1719.0,239.0,0.0,30.0,74.0
2023-09-09 09:00:00,382.0,1619.0,240.0,0.0,30.0,61.0
2023-09-09 10:00:00,373.0,1488.0,229.0,0.0,30.0,72.0
2023-09-09 11:00:00,370.0,1485.0,223.0,0.0,30.0,49.0
2023-09-09 12:00:00,368.0,1494.0,236.0,0.0,30.0,28.0
2023-09-09 13:00:00,367.0,1504.0,237.0,0.0,30.0,22.0
2023-09-09 14:00:00,379.0,1504.0,223.0,13.0,30.0,15.0
2023-09-09 15:00:00,370.0,1118.0,172.0,291.0,0.0,18.0
2023-09-09 16:00:00,368.0,841.0,145.0,706.0,0.0,12.0
2023-09-09 17:00:00,370.0,772.0,146.0,907.0,0.0,16.0
2023-09-09 18:00:00,375.0,802.0,161.0,962.0,0.0,40.0
2023-09-09 19:00:00,386.0,974.0,176.0,1011.0,31.0,51.0
2023-09-09 20:00:00,424.0,1311.0,211.0,1003.0,33.0,61.0
2023-09-09 21:00:00,504.0,1838.0,231.0,932.0,33.0,59.0
2023-09-09 22:00:00,522.0,1827.0,239.0,901.0,247.0,128.0
2023-09-09 23:00:00,599.0,1900.0,240.0,826.0,249.0,49.0
2023-09-10 00:00:00,657.0,1942.0,243.0,721.0,223.0,85.0
2023-09-10 01:00:00,660.0,1976.0,246.0,456.0,250.0,169.0
2023-09-10 02:00:00,659.0,2008.0,254.0,79.0,259.0,109.0
2023-09-10 03:00:00,675.0,2007.0,267.0,0.0,214.0,67.0
2023-09-10 04:00:00,758.0,1995.0,259.0,0.0,29.0,24.0
2023-09-10 05:00:00,787.0,1956.0,254.0,0.0,29.0,17.0
2023-09-10 06:00:00,640.0,1933.0,254.0,0.0,29.0,41.0
2023-09-10 07:00:00,462.0,1880.0,247.0,0.0,29.0,107.0
2023-09-10 08:00:00,435.0,1934.0,244.0,0.0,30.0,14.0
2023-09-10 09:00:00,390.0,1872.0,233.0,0.0,29.0,38.0
2023-09-10 10:00:00,378.0,1689.0,235.0,0.0,30.0,109.0
2023-09-10 11:00:00,375.0,1618.0,225.0,0.0,29.0,68.0
2023-09-10 12:00:00,371.0,1480.0,187.0,0.0,30.0,9.0
2023-09-10 13:00:00,370.0,1491.0,231.0,0.0,30.0,13.0
2023-09-10 14:00:00,368.0,1493.0,223.0,2.0,29.0,6.0
2023-09-10 15:00:00,365.0,1490.0,208.0,31.0,29.0,0.0
2023-09-10 16:00:00,363.0,1477.0,205.0,139.0,30.0,143.0
2023-09-10 17:00:00,361.0,1469.0,214.0,327.0,30.0,214.0
2023-09-10 18:00:00,384.0,1461.0,266.0,473.0,30.0,123.0
2023-09-10 19:00:00,395.0,1534.0,278.0,624.0,30.0,50.0
2023-09-10 20:00:00,407.0,1552.0,276.0,719.0,30.0,140.0
2023-09-10 21:00:00,557.0,1915.0,276.0,671.0,256.0,55.0
2023-09-10 22:00:00,828.0,2051.0,274.0,605.0,235.0,55.0
2023-09-10 23:00:00,1061.0,2101.0,275.0,523.0,260.0,53.0
2023-09-11 00:00:00,950.0,2223.0,276.0,359.0,267.0,89.0
2023-09-11 01:00:00,920.0,2255.0,277.0,180.0,276.0,129.0
2023-09-11 02:00:00,789.0,2277.0,279.0,26.0,267.0,90.0
2023-09-11 03:00:00,776.0,2164.0,281.0,0.0,258.0,41.0
2023-09-11 04:00:00,754.0,1953.0,282.0,0.0,262.0,39.0
2023-09-11 05:00:00,774.0,1928.0,283.0,0.0,258.0,34.0
2023-09-11 06:00:00,664.0,1902.0,285.0,0.0,36.0,16.0
2023-09-11 07:00:00,469.0,1827.0,285.0,0.0,29.0,13.0
2023-09-11 08:00:00,384.0,1556.0,265.0,4.0,29.0,15.0
2023-09-11 09:00:00,379.0,1555.0,253.0,0.0,0.0,9.0
2023-09-11 10:00:00,376.0,1549.0,189.0,0.0,0.0,6.0
2023-09-11 11:00:00,373.0,1510.0,178.0,0.0,0.0,5.0
2023-09-11 12:00:00,371.0,1535.0,189.0,0.0,0.0,3.0
2023-09-11 13:00:00,371.0,1582.0,237.0,0.0,0.0,0.0
2023-09-11 14:00:00,390.0,1584.0,234.0,15.0,32.0,0.0
2023-09-11 15:00:00,392.0,1565.0,218.0,237.0,37.0,0.0
2023-09-11 16:00:00,393.0,1336.0,174.0,676.0,137.0,0.0
2023-09-11 17:00:00,395.0,1411.0,178.0,876.0,139.0,0.0
2023-09-11 18:00:00,400.0,1514.0,190.0,957.0,140.0,0.0
2023-09-11 19:00:00,442.0,1711.0,180.0,971.0,140.0,0.0
2023-09-11 20:00:00,456.0,1827.0,239.0,941.0,140.0,5.0
2023-09-11 21:00:00,593.0,2110.0,255.0,887.0,144.0,2.0
2023-09-11 22:00:00,813.0,2220.0,258.0,826.0,371.0,0.0
2023-09-11 23:00:00,865.0,2260.0,258.0,597.0,339.0,6.0
2023-09-12 00:00:00,799.0,2199.0,259.0,351.0,335.0,7.0
2023-09-12 01:00:00,698.0,1987.0,256.0,189.0,346.0,8.0
2023-09-12 02:00:00,516.0,1913.0,253.0,36.0,327.0,14.0
2023-09-12 03:00:00,418.0,1910.0,243.0,0.0,299.0,7.0
2023-09-12 04:00:00,485.0,1909.0,241.0,0.0,219.0,13.0
2023-09-12 05:00:00,510.0,1854.0,239.0,0.0,224.0,10.0
2023-09-12 06:00:00,425.0,1580.0,240.0,0.0,220.0,8.0
2023-09-12 07:00:00,402.0,1555.0,240.0,0.0,37.0,5.0
2023-09-12 08:00:00,389.0,1516.0,205.0,0.0,31.0,7.0
2023-09-12 09:00:00,381.0,1458.0,191.0,0.0,30.0,11.0
2023-09-12 10:00:00,374.0,1407.0,183.0,0.0,0.0,18.0
2023-09-12 11:00:00,370.0,1408.0,179.0,2.0,0.0,27.0
2023-09-12 12:00:00,371.0,1390.0,180.0,0.0,0.0,30.0
2023-09-12 13:00:00,373.0,1394.0,183.0,0.0,0.0,13.0
2023-09-12 14:00:00,390.0,1509.0,204.0,2.0,0.0,8.0
2023-09-12 15:00:00,388.0,1267.0,177.0,181.0,0.0,13.0
2023-09-12 16:00:00,393.0,826.0,172.0,647.0,0.0,11.0
2023-09-12 17:00:00,389.0,803.0,183.0,766.0,0.0,15.0
2023-09-12 18:00:00,395.0,787.0,187.0,799.0,0.0,34.0
2023-09-12 19:00:00,397.0,780.0,189.0,923.0,0.0,26.0
2023-09-12 20:00:00,406.0,783.0,180.0,999.0,133.0,26.0
2023-09-12 21:00:00,409.0,960.0,163.0,919.0,148.0,43.0
2023-09-12 22:00:00,409.0,1070.0,175.0,848.0,327.0,134.0
2023-09-12 23:00:00,410.0,1170.0,190.0,770.0,349.0,164.0
2023-09-13 00:00:00,416.0,1042.0,193.0,733.0,342.0,141.0
2023-09-13 01:00:00,549.0,1202.0,241.0,460.0,372.0,122.0
2023-09-13 02:00:00,716.0,1241.0,250.0,72.0,348.0,94.0
2023-09-13 03:00:00,762.0,1245.0,254.0,0.0,334.0,97.0
2023-09-13 04:00:00,801.0,1247.0,239.0,0.0,226.0,87.0
2023-09-13 05:00:00,722.0,1246.0,238.0,0.0,217.0,81.0
2023-09-13 06:00:00,559.0,1244.0,237.0,0.0,30.0,62.0
2023-09-13 07:00:00,405.0,1214.0,191.0,0.0,30.0,30.0
2023-09-13 08:00:00,381.0,1208.0,171.0,0.0,30.0,25.0
2023-09-13 09:00:00,373.0,1208.0,169.0,0.0,30.0,31.0
2023-09-13 10:00:00,369.0,1123.0,166.0,0.0,30.0,45.0
2023-09-13 11:00:00,380.0,1041.0,159.0,0.0,30.0,53.0
2023-09-13 12:00:00,540.0,1076.0,157.0,0.0,30.0,43.0
2023-09-13 13:00:00,701.0,967.0,166.0,0.0,32.0,39.0
2023-09-13 14:00:00,797.0,1236.0,212.0,10.0,0.0,36.0
2023-09-13 15:00:00,788.0,1026.0,162.0,263.0,0.0,23.0
2023-09-13 16:00:00,775.0,867.0,143.0,686.0,0.0,16.0
2023-09-13 17:00:00,775.0,715.0,157.0,908.0,0.0,10.0
2023-09-13 18:00:00,774.0,719.0,163.0,979.0,0.0,16.0
2023-09-13 19:00:00,774.0,716.0,166.0,880.0,0.0,9.0
2023-09-13 20:00:00,776.0,728.0,149.0,878.0,0.0,0.0
2023-09-13 21:00:00,784.0,715.0,136.0,998.0,0.0,20.0
2023-09-13 22:00:00,789.0,582.0,146.0,790.0,125.0,28.0
2023-09-13 23:00:00,792.0,611.0,169.0,654.0,140.0,14.0
2023-09-14 00:00:00,793.0,738.0,182.0,615.0,374.0,32.0
2023-09-14 01:00:00,792.0,1012.0,235.0,393.0,619.0,167.0
2023-09-14 02:00:00,812.0,1020.0,237.0,61.0,618.0,75.0
2023-09-14 03:00:00,659.0,1023.0,224.0,0.0,612.0,171.0
2023-09-14 04:00:00,682.0,1026.0,217.0,0.0,522.0,174.0
2023-09-14 05:00:00,611.0,1027.0,218.0,0.0,510.0,61.0
2023-09-14 06:00:00,448.0,1025.0,229.0,0.0,506.0,15.0
2023-09-14 07:00:00,416.0,1031.0,232.0,0.0,509.0,9.0
2023-09-14 08:00:00,409.0,1031.0,234.0,0.0,272.0,6.0
2023-09-14 09:00:00,377.0,1030.0,232.0,0.0,267.0,18.0
2023-09-14 10:00:00,371.0,1030.0,182.0,0.0,266.0,49.0
2023-09-14 11:00:00,386.0,999.0,168.0,0.0,268.0,26.0
2023-09-14 12:00:00,531.0,1000.0,166.0,0.0,266.0,9.0
2023-09-14 13:00:00,699.0,1032.0,227.0,0.0,28.0,7.0
2023-09-14 14:00:00,772.0,1034.0,209.0,10.0,27.0,7.0
2023-09-14 15:00:00,775.0,833.0,177.0,203.0,47.0,0.0
2023-09-14 16:00:00,775.0,453.0,154.0,569.0,138.0,0.0
2023-09-14 17:00:00,774.0,455.0,164.0,814.0,138.0,0.0
2023-09-14 18:00:00,774.0,444.0,165.0,877.0,138.0,1.0
2023-09-14 19:00:00,774.0,442.0,166.0,855.0,137.0,11.0
2023-09-14 20:00:00,774.0,442.0,158.0,952.0,137.0,9.0
2023-09-14 21:00:00,774.0,505.0,161.0,801.0,137.0,15.0
2023-09-14 22:00:00,781.0,665.0,172.0,747.0,137.0,41.0
2023-09-14 23:00:00,792.0,754.0,191.0,846.0,137.0,12.0
2023-09-15 00:00:00,889.0,744.0,175.0,636.0,138.0,49.0
2023-09-15 01:00:00,871.0,1146.0,232.0,384.0,327.0,93.0
2023-09-15 02:00:00,851.0,1337.0,226.0,58.0,325.0,46.0
2023-09-15 03:00:00,750.0,1367.0,222.0,0.0,324.0,33.0
2023-09-15 04:00:00,897.0,1369.0,222.0,0.0,231.0,14.0
2023-09-15 05:00:00,842.0,1377.0,220.0,0.0,219.0,6.0
2023-09-15 06:00:00,633.0,1397.0,234.0,0.0,219.0,4.0
2023-09-15 07:00:00,472.0,1445.0,234.0,0.0,217.0,2.0
2023-09-15 08:00:00,486.0,1501.0,236.0,0.0,40.0,1.0
2023-09-15 09:00:00,393.0,1495.0,235.0,0.0,31.0,0.0
2023-09-15 10:00:00,381.0,1311.0,211.0,0.0,31.0,1.0
2023-09-15 11:00:00,377.0,1230.0,159.0,0.0,31.0,0.0
2023-09-15 12:00:00,375.0,1243.0,209.0,0.0,31.0,0.0
2023-09-15 13:00:00,390.0,1296.0,223.0,0.0,31.0,0.0
2023-09-15 14:00:00,565.0,1486.0,208.0,9.0,31.0,0.0
2023-09-15 15:00:00,517.0,1318.0,175.0,260.0,51.0,0.0
2023-09-15 16:00:00,404.0,826.0,140.0,690.0,137.0,0.0
2023-09-15 17:00:00,394.0,849.0,142.0,899.0,137.0,0.0
2023-09-15 18:00:00,394.0,842.0,141.0,982.0,137.0,1.0
2023-09-15 19:00:00,391.0,818.0,137.0,1005.0,137.0,3.0
2023-09-15 20:00:00,390.0,861.0,134.0,1000.0,137.0,10.0
2023-09-15 21:00:00,394.0,728.0,131.0,1003.0,138.0,16.0
2023-09-15 22:00:00,400.0,905.0,127.0,895.0,138.0,16.0
2023-09-15 23:00:00,407.0,989.0,165.0,815.0,138.0,14.0
2023-09-16 00:00:00,513.0,1156.0,200.0,510.0,138.0,12.0
2023-09-16 01:00:00,584.0,1617.0,224.0,345.0,138.0,9.0
2023-09-16 02:00:00,755.0,1743.0,229.0,57.0,139.0,8.0
2023-09-16 03:00:00,788.0,1751.0,222.0,0.0,133.0,9.0
2023-09-16 04:00:00,799.0,1753.0,229.0,1.0,33.0,3.0
2023-09-16 05:00:00,717.0,1754.0,229.0,0.0,30.0,0.0
2023-09-16 06:00:00,485.0,1753.0,228.0,4.0,30.0,0.0
2023-09-16 07:00:00,398.0,1752.0,227.0,0.0,31.0,0.0
2023-09-16 08:00:00,434.0,1608.0,225.0,0.0,31.0,0.0
2023-09-16 09:00:00,385.0,1507.0,202.0,0.0,31.0,0.0
2023-09-16 10:00:00,377.0,1507.0,185.0,0.0,30.0,0.0
2023-09-16 11:00:00,374.0,1507.0,162.0,0.0,30.0,0.0
2023-09-16 12:00:00,371.0,1506.0,162.0,0.0,30.0,0.0
2023-09-16 13:00:00,373.0,1443.0,161.0,0.0,30.0,0.0
2023-09-16 14:00:00,478.0,1284.0,145.0,9.0,30.0,0.0
2023-09-16 15:00:00,386.0,828.0,126.0,269.0,30.0,0.0
2023-09-16 16:00:00,371.0,591.0,131.0,707.0,29.0,0.0
2023-09-16 17:00:00,370.0,590.0,142.0,906.0,26.0,0.0
2023-09-16 18:00:00,370.0,590.0,142.0,980.0,31.0,1.0
2023-09-16 19:00:00,369.0,590.0,142.0,1004.0,34.0,2.0
2023-09-16 20:00:00,368.0,591.0,144.0,1000.0,33.0,2.0
2023-09-16 21:00:00,367.0,592.0,134.0,1002.0,33.0,1.0
2023-09-16 22:00:00,375.0,592.0,138.0,968.0,34.0,1.0
2023-09-16 23:00:00,383.0,597.0,139.0,894.0,33.0,0.0
2023-09-17 00:00:00,390.0,704.0,130.0,758.0,32.0,0.0
2023-09-17 01:00:00,392.0,1191.0,187.0,419.0,33.0,0.0
2023-09-17 02:00:00,394.0,1502.0,210.0,50.0,32.0,9.0
2023-09-17 03:00:00,394.0,1503.0,210.0,0.0,32.0,13.0
2023-09-17 04:00:00,395.0,1507.0,210.0,0.0,32.0,23.0
2023-09-17 05:00:00,433.0,1370.0,220.0,0.0,32.0,24.0
2023-09-17 06:00:00,381.0,1056.0,228.0,2.0,32.0,6.0
2023-09-17 07:00:00,371.0,946.0,190.0,1.0,32.0,5.0
2023-09-17 08:00:00,369.0,969.0,236.0,0.0,32.0,14.0
2023-09-17 09:00:00,369.0,989.0,223.0,0.0,32.0,9.0
2023-09-17 10:00:00,368.0,957.0,220.0,0.0,32.0,0.0
2023-09-17 11:00:00,368.0,958.0,218.0,0.0,32.0,0.0
2023-09-17 12:00:00,369.0,957.0,216.0,0.0,32.0,0.0
2023-09-17 13:00:00,368.0,956.0,216.0,0.0,32.0,2.0
2023-09-17 14:00:00,368.0,890.0,209.0,8.0,32.0,0.0
2023-09-17 15:00:00,367.0,702.0,148.0,266.0,34.0,0.0
2023-09-17 16:00:00,367.0,592.0,110.0,706.0,135.0,0.0
2023-09-17 17:00:00,367.0,530.0,110.0,913.0,137.0,0.0
2023-09-17 18:00:00,367.0,462.0,113.0,987.0,137.0,0.0
2023-09-17 19:00:00,367.0,542.0,113.0,1007.0,137.0,1.0
2023-09-17 20:00:00,368.0,594.0,109.0,1000.0,137.0,32.0
2023-09-17 21:00:00,369.0,594.0,115.0,1002.0,138.0,43.0
2023-09-17 22:00:00,369.0,595.0,119.0,970.0,139.0,30.0
2023-09-17 23:00:00,368.0,595.0,136.0,863.0,138.0,20.0
2023-09-18 00:00:00,368.0,612.0,144.0,755.0,138.0,30.0
2023-09-18 01:00:00,372.0,830.0,196.0,402.0,139.0,63.0
2023-09-18 02:00:00,455.0,1153.0,210.0,44.0,139.0,53.0
2023-09-18 03:00:00,405.0,1193.0,215.0,0.0,372.0,32.0
2023-09-18 04:00:00,371.0,1228.0,215.0,0.0,379.0,25.0
2023-09-18 05:00:00,372.0,1227.0,228.0,0.0,379.0,22.0
2023-09-18 06:00:00,453.0,1108.0,222.0,0.0,140.0,24.0
2023-09-18 07:00:00,385.0,1065.0,218.0,0.0,139.0,18.0
2023-09-18 08:00:00,381.0,893.0,218.0,0.0,138.0,25.0
2023-09-18 09:00:00,379.0,903.0,216.0,0.0,138.0,25.0
2023-09-18 10:00:00,375.0,796.0,216.0,0.0,138.0,22.0
2023-09-18 11:00:00,373.0,793.0,171.0,0.0,138.0,26.0
2023-09-18 12:00:00,371.0,805.0,213.0,0.0,138.0,19.0
2023-09-18 13:00:00,380.0,1063.0,217.0,0.0,138.0,10.0
2023-09-18 14:00:00,458.0,1071.0,194.0,8.0,138.0,4.0
2023-09-18 15:00:00,399.0,847.0,129.0,261.0,138.0,27.0
2023-09-18 16:00:00,391.0,609.0,107.0,710.0,135.0,20.0
2023-09-18 17:00:00,388.0,612.0,107.0,926.0,134.0,29.0
2023-09-18 18:00:00,388.0,612.0,107.0,998.0,136.0,55.0
2023-09-18 19:00:00,386.0,612.0,115.0,1018.0,138.0,110.0
2023-09-18 20:00:00,386.0,631.0,119.0,1014.0,138.0,92.0
2023-09-18 21:00:00,384.0,686.0,126.0,1019.0,138.0,58.0
2023-09-18 22:00:00,383.0,775.0,128.0,993.0,138.0,54.0
2023-09-18 23:00:00,389.0,776.0,147.0,914.0,139.0,30.0
2023-09-19 00:00:00,505.0,809.0,163.0,762.0,138.0,19.0
2023-09-19 01:00:00,468.0,983.0,225.0,396.0,137.0,15.0
2023-09-19 02:00:00,518.0,1026.0,222.0,40.0,137.0,44.0
2023-09-19 03:00:00,615.0,1245.0,214.0,0.0,137.0,24.0
2023-09-19 04:00:00,611.0,1263.0,210.0,0.0,138.0,42.0
2023-09-19 05:00:00,559.0,1263.0,211.0,0.0,137.0,29.0
2023-09-19 06:00:00,445.0,1238.0,234.0,0.0,137.0,64.0
2023-09-19 07:00:00,394.0,1195.0,227.0,0.0,136.0,68.0
2023-09-19 08:00:00,383.0,713.0,168.0,0.0,132.0,30.0
2023-09-19 09:00:00,378.0,656.0,155.0,0.0,134.0,13.0
2023-09-19 10:00:00,371.0,669.0,160.0,0.0,134.0,16.0
2023-09-19 11:00:00,369.0,670.0,161.0,0.0,133.0,24.0
2023-09-19 12:00:00,368.0,686.0,164.0,0.0,132.0,21.0
2023-09-19 13:00:00,371.0,735.0,217.0,0.0,132.0,37.0
2023-09-19 14:00:00,414.0,873.0,205.0,8.0,138.0,39.0
2023-09-19 15:00:00,395.0,832.0,154.0,253.0,138.0,57.0
2023-09-19 16:00:00,393.0,597.0,106.0,694.0,130.0,37.0
2023-09-19 17:00:00,389.0,585.0,104.0,908.0,129.0,44.0
2023-09-19 18:00:00,387.0,578.0,105.0,982.0,128.0,134.0
2023-09-19 19:00:00,383.0,577.0,111.0,985.0,128.0,134.0
2023-09-19 20:00:00,381.0,575.0,115.0,1003.0,128.0,77.0
2023-09-19 21:00:00,397.0,580.0,115.0,1007.0,129.0,44.0
2023-09-19 22:00:00,385.0,608.0,130.0,983.0,130.0,81.0
2023-09-19 23:00:00,465.0,671.0,145.0,908.0,63.0,99.0
2023-09-20 00:00:00,459.0,825.0,163.0,755.0,37.0,127.0
2023-09-20 01:00:00,482.0,895.0,224.0,392.0,261.0,143.0
2023-09-20 02:00:00,530.0,1068.0,239.0,41.0,266.0,157.0
2023-09-20 03:00:00,569.0,931.0,235.0,0.0,266.0,161.0
2023-09-20 04:00:00,576.0,819.0,232.0,0.0,267.0,152.0
2023-09-20 05:00:00,662.0,829.0,230.0,0.0,267.0,133.0
2023-09-20 06:00:00,535.0,789.0,220.0,0.0,266.0,58.0
2023-09-20 07:00:00,405.0,807.0,221.0,0.0,266.0,59.0
2023-09-20 08:00:00,475.0,721.0,218.0,1.0,267.0,53.0
2023-09-20 09:00:00,399.0,641.0,165.0,3.0,265.0,46.0
2023-09-20 10:00:00,395.0,608.0,157.0,0.0,27.0,28.0
2023-09-20 11:00:00,390.0,606.0,156.0,0.0,25.0,29.0
2023-09-20 12:00:00,371.0,604.0,156.0,0.0,24.0,43.0
2023-09-20 13:00:00,372.0,678.0,177.0,0.0,25.0,52.0
2023-09-20 14:00:00,405.0,788.0,191.0,10.0,26.0,65.0
2023-09-20 15:00:00,391.0,763.0,152.0,210.0,48.0,65.0
2023-09-20 16:00:00,386.0,456.0,118.0,640.0,25.0,45.0
2023-09-20 17:00:00,383.0,503.0,109.0,867.0,23.0,75.0
2023-09-20 18:00:00,382.0,589.0,110.0,989.0,22.0,120.0
2023-09-20 19:00:00,376.0,605.0,120.0,1008.0,22.0,122.0
2023-09-20 20:00:00,378.0,617.0,112.0,1000.0,22.0,147.0
2023-09-20 21:00:00,387.0,574.0,112.0,950.0,22.0,166.0
2023-09-20 22:00:00,374.0,553.0,115.0,807.0,23.0,187.0
2023-09-20 23:00:00,386.0,571.0,133.0,617.0,26.0,216.0
2023-09-21 00:00:00,384.0,561.0,145.0,548.0,26.0,233.0
2023-09-21 01:00:00,381.0,688.0,215.0,330.0,25.0,242.0
2023-09-21 02:00:00,518.0,769.0,215.0,37.0,24.0,186.0
2023-09-21 03:00:00,652.0,667.0,220.0,1.0,24.0,81.0
2023-09-21 04:00:00,674.0,616.0,221.0,4.0,24.0,249.0
2023-09-21 05:00:00,689.0,658.0,221.0,0.0,22.0,245.0
2023-09-21 06:00:00,525.0,651.0,216.0,0.0,23.0,121.0
2023-09-21 07:00:00,427.0,602.0,230.0,0.0,23.0,105.0
2023-09-21 08:00:00,504.0,480.0,225.0,0.0,23.0,139.0
2023-09-21 09:00:00,389.0,447.0,167.0,0.0,23.0,144.0
2023-09-21 10:00:00,372.0,445.0,155.0,0.0,23.0,168.0
2023-09-21 11:00:00,370.0,442.0,154.0,1.0,23.0,111.0
2023-09-21 12:00:00,369.0,448.0,157.0,0.0,23.0,125.0
2023-09-21 13:00:00,373.0,460.0,213.0,0.0,23.0,131.0
2023-09-21 14:00:00,434.0,539.0,215.0,7.0,23.0,58.0
2023-09-21 15:00:00,489.0,510.0,177.0,236.0,23.0,69.0
2023-09-21 16:00:00,404.0,367.0,122.0,687.0,0.0,67.0
2023-09-21 17:00:00,446.0,414.0,118.0,928.0,0.0,157.0
2023-09-21 18:00:00,393.0,410.0,108.0,1025.0,0.0,230.0
2023-09-21 19:00:00,396.0,389.0,112.0,1047.0,0.0,208.0
2023-09-21 20:00:00,400.0,362.0,116.0,1052.0,0.0,205.0
2023-09-21 21:00:00,376.0,319.0,114.0,1050.0,0.0,227.0
2023-09-21 22:00:00,372.0,320.0,114.0,1037.0,23.0,227.0
2023-09-21 23:00:00,373.0,334.0,114.0,960.0,23.0,252.0
2023-09-22 00:00:00,373.0,347.0,125.0,798.0,22.0,264.0
2023-09-22 01:00:00,373.0,490.0,185.0,396.0,23.0,192.0
2023-09-22 02:00:00,378.0,895.0,229.0,34.0,23.0,90.0
2023-09-22 03:00:00,458.0,1195.0,230.0,6.0,23.0,96.0
2023-09-22 04:00:00,382.0,1369.0,223.0,0.0,23.0,124.0
2023-09-22 05:00:00,373.0,1407.0,222.0,0.0,23.0,63.0
2023-09-22 06:00:00,378.0,1106.0,233.0,0.0,23.0,20.0
2023-09-22 07:00:00,475.0,868.0,180.0,0.0,24.0,21.0
2023-09-22 08:00:00,596.0,692.0,151.0,0.0,0.0,16.0
2023-09-22 09:00:00,564.0,689.0,144.0,0.0,0.0,23.0
2023-09-22 10:00:00,448.0,687.0,141.0,0.0,0.0,14.0
2023-09-22 11:00:00,435.0,701.0,138.0,0.0,0.0,12.0
2023-09-22 12:00:00,431.0,713.0,139.0,0.0,0.0,9.0
2023-09-22 13:00:00,372.0,716.0,143.0,0.0,22.0,7.0
2023-09-22 14:00:00,381.0,765.0,151.0,5.0,26.0,8.0
2023-09-22 15:00:00,387.0,719.0,174.0,229.0,26.0,6.0
2023-09-22 16:00:00,388.0,403.0,113.0,677.0,26.0,0.0
2023-09-22 17:00:00,387.0,351.0,113.0,919.0,26.0,11.0
2023-09-22 18:00:00,386.0,340.0,113.0,1008.0,26.0,139.0
2023-09-22 19:00:00,386.0,312.0,113.0,996.0,24.0,166.0
2023-09-22 20:00:00,375.0,310.0,115.0,991.0,24.0,108.0
2023-09-22 21:00:00,371.0,311.0,118.0,948.0,118.0,81.0
2023-09-22 22:00:00,370.0,428.0,134.0,923.0,26.0,31.0
2023-09-22 23:00:00,372.0,481.0,130.0,614.0,211.0,21.0
2023-09-23 00:00:00,374.0,483.0,158.0,448.0,241.0,46.0
2023-09-23 01:00:00,384.0,483.0,145.0,154.0,472.0,46.0
2023-09-23 02:00:00,461.0,490.0,0.0,24.0,468.0,107.0
2023-09-23 03:00:00,471.0,495.0,0.0,0.0,414.0,134.0
2023-09-23 04:00:00,460.0,501.0,0.0,0.0,404.0,93.0
2023-09-23 05:00:00,434.0,503.0,0.0,0.0,412.0,54.0
2023-09-23 06:00:00,436.0,509.0,0.0,0.0,210.0,29.0
2023-09-23 07:00:00,484.0,513.0,0.0,0.0,27.0,14.0
2023-09-23 08:00:00,408.0,530.0,0.0,0.0,21.0,10.0
2023-09-23 09:00:00,405.0,554.0,0.0,0.0,21.0,5.0
2023-09-23 10:00:00,394.0,672.0,0.0,0.0,21.0,3.0
2023-09-23 11:00:00,391.0,769.0,0.0,0.0,21.0,4.0
2023-09-23 12:00:00,392.0,775.0,0.0,0.0,21.0,3.0
2023-09-23 13:00:00,459.0,775.0,0.0,0.0,21.0,3.0
2023-09-23 14:00:00,411.0,775.0,0.0,4.0,21.0,3.0
2023-09-23 15:00:00,405.0,543.0,0.0,97.0,21.0,1.0
2023-09-23 16:00:00,404.0,360.0,0.0,339.0,22.0,0.0
2023-09-23 17:00:00,409.0,373.0,0.0,477.0,0.0,0.0
2023-09-23 18:00:00,410.0,348.0,0.0,633.0,0.0,0.0
2023-09-23 19:00:00,428.0,347.0,0.0,662.0,0.0,1.0
2023-09-23 20:00:00,395.0,347.0,-1.0,804.0,0.0,0.0
2023-09-23 21:00:00,386.0,348.0,1.0,994.0,0.0,1.0
2023-09-23 22:00:00,385.0,350.0,0.0,939.0,0.0,16.0
2023-09-23 23:00:00,385.0,349.0,0.0,908.0,0.0,28.0
2023-09-24 00:00:00,396.0,349.0,0.0,756.0,24.0,10.0
2023-09-24 01:00:00,458.0,444.0,0.0,364.0,60.0,28.0
2023-09-24 02:00:00,507.0,534.0,0.0,26.0,260.0,54.0
2023-09-24 03:00:00,600.0,238.0,0.0,0.0,262.0,52.0
2023-09-24 04:00:00,,,0.0,,,
2023-09-24 05:00:00,,,0.0,,,
2023-09-24 06:00:00,,,0.0,,,
2023-09-24 07:00:00,,,0.0,,,
2023-09-24 08:00:00,542.0,568.0,0.0,0.0,20.0,31.0
2023-09-24 09:00:00,446.0,568.0,0.0,0.0,21.0,27.0
2023-09-24 10:00:00,394.0,567.0,0.0,0.0,21.0,40.0
2023-09-24 11:00:00,390.0,570.0,0.0,0.0,21.0,29.0
2023-09-24 12:00:00,385.0,570.0,0.0,0.0,21.0,39.0
2023-09-24 13:00:00,386.0,570.0,0.0,0.0,21.0,49.0
2023-09-24 14:00:00,448.0,624.0,0.0,6.0,21.0,50.0
2023-09-24 15:00:00,449.0,651.0,0.0,236.0,0.0,50.0
2023-09-24 16:00:00,376.0,547.0,0.0,688.0,0.0,24.0
2023-09-24 17:00:00,365.0,441.0,0.0,914.0,0.0,19.0
2023-09-24 18:00:00,367.0,437.0,0.0,998.0,0.0,19.0
2023-09-24 19:00:00,368.0,436.0,0.0,1017.0,0.0,29.0
2023-09-24 20:00:00,374.0,436.0,0.0,1007.0,0.0,80.0
2023-09-24 21:00:00,374.0,418.0,0.0,1004.0,0.0,96.0
2023-09-24 22:00:00,375.0,374.0,0.0,974.0,20.0,74.0
2023-09-24 23:00:00,380.0,376.0,0.0,896.0,20.0,60.0
2023-09-25 00:00:00,484.0,469.0,0.0,741.0,33.0,57.0
2023-09-25 01:00:00,516.0,713.0,0.0,355.0,254.0,85.0
2023-09-25 02:00:00,728.0,911.0,0.0,23.0,261.0,80.0
2023-09-25 03:00:00,826.0,1014.0,0.0,0.0,252.0,74.0
2023-09-25 04:00:00,889.0,1143.0,0.0,0.0,261.0,114.0
2023-09-25 05:00:00,745.0,1145.0,0.0,0.0,262.0,112.0
2023-09-25 06:00:00,654.0,1102.0,0.0,0.0,261.0,82.0
2023-09-25 07:00:00,587.0,1025.0,0.0,0.0,260.0,42.0
2023-09-25 08:00:00,448.0,1021.0,0.0,0.0,220.0,14.0
2023-09-25 09:00:00,440.0,1022.0,0.0,0.0,24.0,6.0
2023-09-25 10:00:00,420.0,1022.0,0.0,0.0,20.0,9.0
2023-09-25 11:00:00,419.0,1014.0,0.0,0.0,20.0,12.0
2023-09-25 12:00:00,420.0,1018.0,0.0,0.0,20.0,12.0
2023-09-25 13:00:00,431.0,1025.0,0.0,0.0,20.0,18.0
2023-09-25 14:00:00,576.0,972.0,7.0,5.0,20.0,6.0
2023-09-25 15:00:00,551.0,763.0,17.0,238.0,20.0,7.0
2023-09-25 16:00:00,443.0,672.0,26.0,687.0,19.0,2.0
2023-09-25 17:00:00,428.0,687.0,42.0,920.0,0.0,0.0
2023-09-25 18:00:00,428.0,714.0,65.0,995.0,0.0,0.0
2023-09-25 19:00:00,427.0,715.0,125.0,1015.0,0.0,3.0
2023-09-25 20:00:00,417.0,711.0,124.0,1002.0,0.0,16.0
2023-09-25 21:00:00,413.0,716.0,123.0,995.0,0.0,75.0
2023-09-25 22:00:00,451.0,747.0,125.0,961.0,0.0,67.0
2023-09-25 23:00:00,454.0,774.0,136.0,880.0,18.0,71.0
2023-09-26 00:00:00,667.0,852.0,154.0,712.0,200.0,70.0
2023-09-26 01:00:00,675.0,994.0,226.0,343.0,244.0,55.0
2023-09-26 02:00:00,767.0,1052.0,234.0,22.0,261.0,48.0
2023-09-26 03:00:00,758.0,1043.0,232.0,0.0,230.0,30.0
2023-09-26 04:00:00,622.0,814.0,228.0,0.0,221.0,40.0
2023-09-26 05:00:00,496.0,812.0,232.0,0.0,255.0,52.0
2023-09-26 06:00:00,472.0,804.0,228.0,0.0,248.0,38.0
2023-09-26 07:00:00,506.0,799.0,218.0,0.0,21.0,41.0
2023-09-26 08:00:00,440.0,773.0,175.0,0.0,27.0,49.0
2023-09-26 09:00:00,408.0,758.0,162.0,0.0,27.0,38.0
2023-09-26 10:00:00,401.0,743.0,159.0,0.0,27.0,31.0
2023-09-26 11:00:00,399.0,756.0,160.0,0.0,27.0,31.0
2023-09-26 12:00:00,401.0,752.0,161.0,0.0,27.0,33.0
2023-09-26 13:00:00,463.0,770.0,162.0,0.0,27.0,50.0
2023-09-26 14:00:00,434.0,900.0,182.0,5.0,27.0,49.0
2023-09-26 15:00:00,419.0,1057.0,162.0,231.0,27.0,32.0
2023-09-26 16:00:00,417.0,835.0,121.0,683.0,0.0,17.0
2023-09-26 17:00:00,414.0,912.0,122.0,911.0,0.0,5.0
2023-09-26 18:00:00,413.0,906.0,122.0,982.0,0.0,17.0
2023-09-26 19:00:00,414.0,903.0,125.0,1003.0,0.0,40.0
2023-09-26 20:00:00,414.0,811.0,125.0,995.0,0.0,71.0
2023-09-26 21:00:00,414.0,815.0,125.0,991.0,14.0,76.0
2023-09-26 22:00:00,415.0,927.0,125.0,958.0,27.0,60.0
2023-09-26 23:00:00,445.0,918.0,145.0,884.0,27.0,55.0
2023-09-27 00:00:00,552.0,965.0,165.0,721.0,94.0,55.0
2023-09-27 01:00:00,617.0,1075.0,221.0,323.0,313.0,49.0
2023-09-27 02:00:00,735.0,1013.0,239.0,18.0,344.0,70.0
2023-09-27 03:00:00,592.0,735.0,231.0,0.0,312.0,75.0
2023-09-27 04:00:00,528.0,713.0,220.0,0.0,213.0,117.0
2023-09-27 05:00:00,433.0,713.0,217.0,0.0,211.0,118.0
2023-09-27 06:00:00,501.0,714.0,170.0,0.0,211.0,88.0
2023-09-27 07:00:00,429.0,713.0,157.0,0.0,210.0,77.0
2023-09-27 08:00:00,416.0,709.0,161.0,0.0,209.0,81.0
2023-09-27 09:00:00,413.0,702.0,162.0,0.0,24.0,82.0
2023-09-27 10:00:00,406.0,713.0,162.0,0.0,26.0,78.0
2023-09-27 11:00:00,404.0,716.0,162.0,0.0,26.0,66.0
2023-09-27 12:00:00,404.0,712.0,162.0,0.0,26.0,68.0
2023-09-27 13:00:00,405.0,718.0,162.0,0.0,26.0,82.0
2023-09-27 14:00:00,416.0,718.0,156.0,4.0,27.0,97.0
2023-09-27 15:00:00,418.0,616.0,120.0,221.0,27.0,100.0
2023-09-27 16:00:00,420.0,537.0,109.0,670.0,0.0,90.0
2023-09-27 17:00:00,421.0,406.0,110.0,908.0,0.0,63.0
2023-09-27 18:00:00,422.0,406.0,109.0,979.0,0.0,97.0
2023-09-27 19:00:00,426.0,407.0,109.0,1001.0,0.0,179.0
2023-09-27 20:00:00,427.0,408.0,109.0,987.0,19.0,191.0
2023-09-27 21:00:00,429.0,410.0,109.0,983.0,27.0,204.0
2023-09-27 22:00:00,430.0,418.0,112.0,870.0,26.0,204.0
2023-09-27 23:00:00,435.0,418.0,126.0,873.0,213.0,194.0
2023-09-28 00:00:00,539.0,473.0,146.0,702.0,316.0,206.0
2023-09-28 01:00:00,554.0,688.0,174.0,305.0,337.0,213.0
2023-09-28 02:00:00,665.0,804.0,219.0,17.0,316.0,201.0
2023-09-28 03:00:00,745.0,779.0,214.0,0.0,302.0,190.0
2023-09-28 04:00:00,788.0,777.0,213.0,0.0,212.0,210.0
2023-09-28 05:00:00,722.0,801.0,170.0,0.0,212.0,166.0
2023-09-28 06:00:00,700.0,652.0,156.0,0.0,212.0,189.0
2023-09-28 07:00:00,648.0,516.0,154.0,0.0,213.0,200.0
2023-09-28 08:00:00,579.0,457.0,204.0,0.0,215.0,182.0
2023-09-28 09:00:00,452.0,372.0,207.0,0.0,214.0,141.0
2023-09-28 10:00:00,412.0,307.0,161.0,0.0,216.0,130.0
2023-09-28 11:00:00,408.0,307.0,162.0,0.0,215.0,80.0
2023-09-28 12:00:00,406.0,414.0,216.0,0.0,215.0,29.0
2023-09-28 13:00:00,407.0,485.0,223.0,0.0,214.0,18.0
2023-09-28 14:00:00,420.0,485.0,213.0,4.0,224.0,18.0
2023-09-28 15:00:00,457.0,419.0,183.0,221.0,262.0,15.0
2023-09-28 16:00:00,429.0,316.0,123.0,670.0,114.0,10.0
2023-09-28 17:00:00,425.0,305.0,104.0,909.0,135.0,11.0
2023-09-28 18:00:00,424.0,306.0,104.0,983.0,135.0,3.0
2023-09-28 19:00:00,425.0,306.0,105.0,1005.0,135.0,20.0
2023-09-28 20:00:00,423.0,306.0,105.0,995.0,135.0,116.0
2023-09-28 21:00:00,422.0,306.0,105.0,988.0,135.0,148.0
2023-09-28 22:00:00,421.0,309.0,108.0,957.0,134.0,193.0
2023-09-28 23:00:00,421.0,415.0,120.0,880.0,140.0,235.0
2023-09-29 00:00:00,424.0,446.0,146.0,727.0,319.0,249.0
2023-09-29 01:00:00,511.0,680.0,197.0,322.0,340.0,237.0
2023-09-29 02:00:00,653.0,732.0,210.0,14.0,334.0,206.0
2023-09-29 03:00:00,672.0,725.0,204.0,0.0,315.0,179.0
2023-09-29 04:00:00,654.0,729.0,195.0,0.0,223.0,186.0
2023-09-29 05:00:00,614.0,732.0,206.0,0.0,222.0,181.0
2023-09-29 06:00:00,504.0,678.0,207.0,0.0,224.0,147.0
2023-09-29 07:00:00,572.0,640.0,219.0,0.0,220.0,144.0
2023-09-29 08:00:00,437.0,729.0,167.0,0.0,32.0,128.0
2023-09-29 09:00:00,413.0,731.0,164.0,0.0,31.0,101.0
2023-09-29 10:00:00,407.0,646.0,152.0,0.0,31.0,88.0
2023-09-29 11:00:00,404.0,634.0,150.0,0.0,31.0,68.0
2023-09-29 12:00:00,404.0,685.0,157.0,0.0,31.0,72.0
2023-09-29 13:00:00,410.0,730.0,216.0,0.0,30.0,68.0
2023-09-29 14:00:00,506.0,731.0,209.0,4.0,29.0,51.0
2023-09-29 15:00:00,561.0,568.0,189.0,215.0,37.0,61.0
2023-09-29 16:00:00,442.0,307.0,127.0,669.0,134.0,43.0
2023-09-29 17:00:00,474.0,306.0,113.0,917.0,136.0,52.0
2023-09-29 18:00:00,424.0,305.0,108.0,993.0,0.0,126.0
2023-09-29 19:00:00,414.0,307.0,104.0,1013.0,0.0,201.0
2023-09-29 20:00:00,411.0,306.0,107.0,1002.0,0.0,255.0
2023-09-29 21:00:00,409.0,306.0,107.0,1010.0,0.0,264.0
2023-09-29 22:00:00,400.0,306.0,121.0,994.0,0.0,250.0
2023-09-29 23:00:00,399.0,305.0,131.0,920.0,0.0,251.0
2023-09-30 00:00:00,400.0,307.0,136.0,731.0,124.0,255.0
2023-09-30 01:00:00,400.0,438.0,203.0,303.0,133.0,252.0
2023-09-30 02:00:00,400.0,478.0,201.0,11.0,369.0,174.0
2023-09-30 03:00:00,400.0,479.0,208.0,0.0,361.0,117.0
2023-09-30 04:00:00,400.0,479.0,210.0,0.0,267.0,123.0
2023-09-30 05:00:00,399.0,478.0,211.0,0.0,267.0,121.0
2023-09-30 06:00:00,410.0,478.0,232.0,0.0,267.0,87.0
2023-09-30 07:00:00,412.0,478.0,226.0,0.0,266.0,108.0
2023-09-30 08:00:00,412.0,479.0,162.0,0.0,266.0,146.0
2023-09-30 09:00:00,412.0,475.0,147.0,0.0,265.0,169.0
2023-09-30 10:00:00,409.0,474.0,145.0,0.0,263.0,154.0
2023-09-30 11:00:00,405.0,480.0,139.0,0.0,23.0,175.0
2023-09-30 12:00:00,404.0,481.0,143.0,0.0,24.0,157.0
2023-09-30 13:00:00,439.0,481.0,155.0,0.0,25.0,118.0
2023-09-30 14:00:00,472.0,482.0,192.0,3.0,25.0,110.0
2023-09-30 15:00:00,447.0,446.0,127.0,41.0,29.0,175.0
2023-09-30 16:00:00,402.0,326.0,103.0,166.0,130.0,255.0
2023-09-30 17:00:00,397.0,345.0,108.0,248.0,133.0,263.0
2023-09-30 18:00:00,396.0,398.0,109.0,313.0,135.0,249.0
2023-09-30 19:00:00,397.0,426.0,157.0,288.0,136.0,274.0
2023-09-30 20:00:00,398.0,339.0,138.0,352.0,136.0,274.0
2023-09-30 21:00:00,399.0,306.0,118.0,473.0,136.0,278.0
2023-09-30 22:00:00,400.0,307.0,119.0,582.0,135.0,282.0
2023-09-30 23:00:00,400.0,305.0,126.0,595.0,0.0,254.0
2023-10-01 00:00:00,400.0,323.0,130.0,529.0,0.0,194.0
2023-10-01 01:00:00,399.0,486.0,198.0,239.0,124.0,200.0
2023-10-01 02:00:00,401.0,618.0,210.0,15.0,371.0,181.0
2023-10-01 03:00:00,412.0,731.0,212.0,0.0,368.0,207.0
2023-10-01 04:00:00,551.0,731.0,202.0,0.0,267.0,137.0
2023-10-01 05:00:00,516.0,731.0,219.0,0.0,267.0,49.0
2023-10-01 06:00:00,426.0,733.0,226.0,0.0,266.0,146.0
2023-10-01 07:00:00,417.0,734.0,215.0,0.0,266.0,176.0
2023-10-01 08:00:00,409.0,735.0,167.0,0.0,265.0,161.0
2023-10-01 09:00:00,405.0,735.0,146.0,0.0,253.0,192.0
2023-10-01 10:00:00,401.0,708.0,144.0,0.0,270.0,110.0
2023-10-01 11:00:00,398.0,731.0,146.0,0.0,268.0,82.0
2023-10-01 12:00:00,398.0,728.0,145.0,0.0,257.0,136.0
2023-10-01 13:00:00,397.0,731.0,144.0,0.0,270.0,110.0
2023-10-01 14:00:00,394.0,722.0,114.0,4.0,271.0,80.0
2023-10-01 15:00:00,393.0,420.0,112.0,125.0,272.0,69.0
2023-10-01 16:00:00,392.0,247.0,106.0,618.0,138.0,85.0
2023-10-01 17:00:00,392.0,167.0,104.0,905.0,141.0,123.0
2023-10-01 18:00:00,392.0,166.0,105.0,995.0,141.0,129.0
2023-10-01 19:00:00,392.0,165.0,104.0,928.0,141.0,151.0
2023-10-01 20:00:00,392.0,170.0,104.0,687.0,140.0,176.0
2023-10-01 21:00:00,394.0,166.0,105.0,826.0,140.0,167.0
2023-10-01 22:00:00,454.0,186.0,110.0,822.0,138.0,127.0
2023-10-01 23:00:00,440.0,196.0,117.0,761.0,139.0,84.0
2023-10-02 00:00:00,405.0,287.0,132.0,635.0,324.0,31.0
2023-10-02 01:00:00,407.0,416.0,195.0,146.0,324.0,64.0
2023-10-02 02:00:00,515.0,559.0,199.0,6.0,375.0,75.0
2023-10-02 03:00:00,468.0,734.0,213.0,0.0,366.0,14.0
2023-10-02 04:00:00,596.0,734.0,215.0,0.0,269.0,7.0
2023-10-02 05:00:00,534.0,734.0,210.0,0.0,264.0,7.0
2023-10-02 06:00:00,432.0,726.0,168.0,0.0,255.0,75.0
2023-10-02 07:00:00,406.0,735.0,154.0,0.0,269.0,36.0
2023-10-02 08:00:00,403.0,725.0,149.0,0.0,265.0,11.0
2023-10-02 09:00:00,403.0,661.0,149.0,0.0,32.0,10.0
2023-10-02 10:00:00,399.0,681.0,144.0,0.0,32.0,6.0
2023-10-02 11:00:00,398.0,724.0,143.0,0.0,32.0,6.0
2023-10-02 12:00:00,400.0,739.0,144.0,0.0,32.0,6.0
2023-10-02 13:00:00,409.0,740.0,172.0,0.0,32.0,9.0
2023-10-02 14:00:00,567.0,740.0,203.0,3.0,32.0,16.0
2023-10-02 15:00:00,558.0,725.0,184.0,197.0,43.0,36.0
2023-10-02 16:00:00,452.0,362.0,134.0,645.0,136.0,66.0
2023-10-02 17:00:00,405.0,309.0,110.0,893.0,0.0,110.0
2023-10-02 18:00:00,402.0,307.0,112.0,978.0,0.0,97.0
2023-10-02 19:00:00,401.0,306.0,115.0,986.0,0.0,86.0
2023-10-02 20:00:00,400.0,307.0,122.0,914.0,0.0,43.0
2023-10-02 21:00:00,442.0,320.0,114.0,996.0,0.0,60.0
2023-10-02 22:00:00,423.0,334.0,110.0,893.0,132.0,66.0
2023-10-02 23:00:00,422.0,308.0,111.0,621.0,140.0,22.0
2023-10-03 00:00:00,423.0,321.0,139.0,584.0,141.0,15.0
2023-10-03 01:00:00,424.0,423.0,213.0,236.0,141.0,27.0
2023-10-03 02:00:00,424.0,774.0,211.0,7.0,367.0,47.0
2023-10-03 03:00:00,425.0,977.0,198.0,0.0,373.0,24.0
2023-10-03 04:00:00,444.0,979.0,196.0,0.0,272.0,26.0
2023-10-03 05:00:00,487.0,978.0,210.0,0.0,271.0,10.0
2023-10-03 06:00:00,415.0,845.0,221.0,0.0,271.0,7.0
2023-10-03 07:00:00,406.0,738.0,218.0,0.0,268.0,4.0
2023-10-03 08:00:00,405.0,737.0,211.0,0.0,25.0,1.0
2023-10-03 09:00:00,403.0,737.0,154.0,0.0,22.0,3.0
2023-10-03 10:00:00,403.0,737.0,143.0,0.0,22.0,9.0
2023-10-03 11:00:00,401.0,738.0,139.0,0.0,22.0,2.0
2023-10-03 12:00:00,400.0,739.0,151.0,0.0,22.0,1.0
2023-10-03 13:00:00,402.0,739.0,213.0,0.0,187.0,11.0
2023-10-03 14:00:00,446.0,739.0,225.0,3.0,262.0,9.0
2023-10-03 15:00:00,427.0,644.0,183.0,196.0,274.0,8.0
2023-10-03 16:00:00,402.0,312.0,119.0,647.0,129.0,11.0
2023-10-03 17:00:00,399.0,306.0,108.0,906.0,0.0,0.0
2023-10-03 18:00:00,398.0,305.0,106.0,989.0,0.0,0.0
2023-10-03 19:00:00,397.0,310.0,107.0,1006.0,0.0,0.0
2023-10-03 20:00:00,397.0,331.0,106.0,999.0,134.0,0.0
2023-10-03 21:00:00,397.0,404.0,105.0,998.0,134.0,0.0
2023-10-03 22:00:00,397.0,457.0,104.0,964.0,134.0,0.0
2023-10-03 23:00:00,398.0,530.0,110.0,880.0,134.0,0.0
2023-10-04 00:00:00,393.0,779.0,137.0,680.0,133.0,6.0
2023-10-04 01:00:00,416.0,1060.0,217.0,261.0,227.0,17.0
2023-10-04 02:00:00,479.0,1174.0,236.0,7.0,148.0,67.0
2023-10-04 03:00:00,693.0,1375.0,234.0,0.0,127.0,51.0
2023-10-04 04:00:00,546.0,1453.0,233.0,0.0,26.0,29.0
2023-10-04 05:00:00,582.0,1458.0,236.0,0.0,26.0,16.0
2023-10-04 06:00:00,454.0,1460.0,226.0,0.0,26.0,14.0
2023-10-04 07:00:00,419.0,1456.0,218.0,0.0,26.0,6.0
2023-10-04 08:00:00,409.0,1261.0,157.0,0.0,32.0,3.0
2023-10-04 09:00:00,405.0,1163.0,121.0,0.0,32.0,5.0
2023-10-04 10:00:00,397.0,1033.0,121.0,0.0,33.0,2.0
2023-10-04 11:00:00,397.0,924.0,135.0,0.0,32.0,0.0
2023-10-04 12:00:00,397.0,921.0,136.0,0.0,32.0,4.0
2023-10-04 13:00:00,398.0,936.0,147.0,0.0,33.0,14.0
2023-10-04 14:00:00,410.0,942.0,183.0,2.0,33.0,9.0
2023-10-04 15:00:00,413.0,754.0,126.0,199.0,48.0,1.0
2023-10-04 16:00:00,414.0,491.0,116.0,654.0,0.0,2.0
2023-10-04 17:00:00,415.0,449.0,116.0,915.0,0.0,31.0
2023-10-04 18:00:00,416.0,449.0,111.0,997.0,0.0,43.0
2023-10-04 19:00:00,417.0,449.0,107.0,1015.0,0.0,48.0
2023-10-04 20:00:00,417.0,448.0,107.0,1012.0,0.0,50.0
2023-10-04 21:00:00,411.0,486.0,109.0,1016.0,0.0,47.0
2023-10-04 22:00:00,408.0,570.0,127.0,988.0,140.0,59.0
2023-10-04 23:00:00,419.0,674.0,135.0,899.0,140.0,65.0
2023-10-05 00:00:00,504.0,778.0,158.0,691.0,140.0,65.0
2023-10-05 01:00:00,564.0,1014.0,232.0,255.0,132.0,64.0
2023-10-05 02:00:00,532.0,1353.0,243.0,5.0,285.0,60.0
2023-10-05 03:00:00,500.0,1588.0,226.0,0.0,313.0,50.0
2023-10-05 04:00:00,477.0,1639.0,221.0,0.0,268.0,44.0
2023-10-05 05:00:00,461.0,1639.0,228.0,0.0,267.0,36.0
2023-10-05 06:00:00,464.0,1623.0,222.0,0.0,34.0,18.0
2023-10-05 07:00:00,425.0,1488.0,199.0,0.0,30.0,12.0
2023-10-05 08:00:00,416.0,1502.0,183.0,0.0,0.0,7.0
2023-10-05 09:00:00,409.0,1215.0,182.0,0.0,0.0,8.0
2023-10-05 10:00:00,405.0,961.0,133.0,0.0,0.0,3.0
2023-10-05 11:00:00,403.0,794.0,128.0,0.0,0.0,1.0
2023-10-05 12:00:00,401.0,707.0,142.0,0.0,0.0,1.0
2023-10-05 13:00:00,400.0,717.0,191.0,0.0,0.0,1.0
2023-10-05 14:00:00,418.0,717.0,181.0,2.0,0.0,2.0
2023-10-05 15:00:00,467.0,701.0,176.0,197.0,0.0,3.0
2023-10-05 16:00:00,429.0,592.0,114.0,652.0,0.0,7.0
2023-10-05 17:00:00,424.0,639.0,108.0,910.0,0.0,35.0
2023-10-05 18:00:00,426.0,641.0,110.0,991.0,0.0,63.0
2023-10-05 19:00:00,415.0,745.0,111.0,1000.0,0.0,67.0
2023-10-05 20:00:00,409.0,873.0,112.0,964.0,27.0,78.0
2023-10-05 21:00:00,440.0,1147.0,129.0,973.0,32.0,74.0
2023-10-05 22:00:00,627.0,1234.0,148.0,938.0,32.0,59.0
2023-10-05 23:00:00,698.0,1508.0,175.0,852.0,221.0,71.0
2023-10-06 00:00:00,676.0,1701.0,225.0,677.0,327.0,86.0
2023-10-06 01:00:00,724.0,1720.0,231.0,246.0,352.0,78.0
2023-10-06 02:00:00,797.0,1727.0,242.0,4.0,352.0,60.0
2023-10-06 03:00:00,691.0,1732.0,231.0,0.0,339.0,42.0
2023-10-06 04:00:00,589.0,1739.0,215.0,0.0,245.0,45.0
2023-10-06 05:00:00,546.0,1740.0,221.0,0.0,241.0,88.0
2023-10-06 06:00:00,443.0,1649.0,230.0,0.0,235.0,74.0
2023-10-06 07:00:00,434.0,1647.0,214.0,0.0,35.0,46.0
2023-10-06 08:00:00,424.0,1437.0,194.0,0.0,25.0,27.0
2023-10-06 09:00:00,416.0,1150.0,129.0,0.0,25.0,10.0
2023-10-06 10:00:00,409.0,924.0,121.0,0.0,25.0,15.0
2023-10-06 11:00:00,407.0,921.0,120.0,0.0,25.0,23.0
2023-10-06 12:00:00,404.0,942.0,128.0,0.0,25.0,12.0
2023-10-06 13:00:00,406.0,1001.0,184.0,0.0,26.0,1.0
2023-10-06 14:00:00,483.0,1158.0,190.0,2.0,25.0,0.0
2023-10-06 15:00:00,508.0,1176.0,181.0,192.0,0.0,4.0
2023-10-06 16:00:00,468.0,802.0,120.0,647.0,0.0,4.0
2023-10-06 17:00:00,434.0,627.0,112.0,912.0,0.0,9.0
2023-10-06 18:00:00,510.0,638.0,115.0,986.0,0.0,17.0
2023-10-06 19:00:00,455.0,666.0,121.0,998.0,0.0,28.0
2023-10-06 20:00:00,509.0,740.0,140.0,994.0,136.0,38.0
2023-10-06 21:00:00,510.0,778.0,140.0,998.0,140.0,48.0
2023-10-06 22:00:00,625.0,1000.0,176.0,964.0,152.0,41.0
2023-10-06 23:00:00,602.0,1264.0,241.0,881.0,368.0,39.0
2023-10-07 00:00:00,758.0,1562.0,246.0,674.0,363.0,35.0
2023-10-07 01:00:00,952.0,1652.0,254.0,238.0,618.0,38.0
2023-10-07 02:00:00,834.0,1595.0,267.0,4.0,626.0,28.0
2023-10-07 03:00:00,615.0,1706.0,245.0,0.0,619.0,23.0
2023-10-07 04:00:00,514.0,1678.0,221.0,0.0,284.0,17.0
2023-10-07 05:00:00,492.0,1648.0,234.0,0.0,281.0,57.0
2023-10-07 06:00:00,494.0,1641.0,237.0,0.0,277.0,27.0
2023-10-07 07:00:00,546.0,1534.0,214.0,0.0,277.0,12.0
2023-10-07 08:00:00,669.0,1113.0,196.0,0.0,273.0,5.0
2023-10-07 09:00:00,525.0,1092.0,194.0,0.0,275.0,1.0
2023-10-07 10:00:00,590.0,1053.0,187.0,0.0,41.0,0.0
2023-10-07 11:00:00,520.0,1157.0,177.0,0.0,44.0,0.0
2023-10-07 12:00:00,447.0,1144.0,184.0,0.0,44.0,0.0
2023-10-07 13:00:00,432.0,1170.0,186.0,0.0,44.0,0.0
2023-10-07 14:00:00,437.0,1105.0,185.0,1.0,44.0,0.0
2023-10-07 15:00:00,420.0,683.0,127.0,184.0,43.0,0.0
2023-10-07 16:00:00,414.0,321.0,104.0,637.0,43.0,0.0
2023-10-07 17:00:00,413.0,358.0,105.0,894.0,43.0,0.0
2023-10-07 18:00:00,415.0,467.0,106.0,961.0,43.0,0.0
2023-10-07 19:00:00,414.0,521.0,114.0,982.0,49.0,1.0
2023-10-07 20:00:00,414.0,589.0,138.0,975.0,149.0,1.0
2023-10-07 21:00:00,416.0,726.0,140.0,963.0,149.0,0.0
2023-10-07 22:00:00,433.0,925.0,159.0,926.0,150.0,0.0
2023-10-07 23:00:00,567.0,1113.0,220.0,844.0,151.0,0.0
2023-10-08 00:00:00,674.0,1281.0,230.0,641.0,369.0,0.0
2023-10-08 01:00:00,859.0,1599.0,246.0,221.0,388.0,10.0
2023-10-08 02:00:00,873.0,1622.0,243.0,3.0,388.0,28.0
2023-10-08 03:00:00,787.0,1569.0,219.0,0.0,381.0,17.0
2023-10-08 04:00:00,703.0,1410.0,212.0,0.0,278.0,2.0
2023-10-08 05:00:00,568.0,1413.0,223.0,0.0,278.0,0.0
2023-10-08 06:00:00,562.0,1433.0,224.0,0.0,275.0,0.0
2023-10-08 07:00:00,446.0,1411.0,214.0,0.0,276.0,0.0
2023-10-08 08:00:00,433.0,1324.0,190.0,0.0,267.0,0.0
2023-10-08 09:00:00,508.0,1318.0,183.0,0.0,37.0,0.0
2023-10-08 10:00:00,426.0,1287.0,179.0,0.0,35.0,0.0
2023-10-08 11:00:00,527.0,1319.0,132.0,0.0,0.0,0.0
2023-10-08 12:00:00,504.0,1169.0,176.0,0.0,0.0,0.0
2023-10-08 13:00:00,504.0,1064.0,133.0,0.0,0.0,0.0
2023-10-08 14:00:00,564.0,1068.0,178.0,1.0,0.0,0.0
2023-10-08 15:00:00,489.0,1003.0,113.0,181.0,0.0,0.0
2023-10-08 16:00:00,416.0,715.0,105.0,618.0,0.0,0.0
2023-10-08 17:00:00,400.0,518.0,105.0,876.0,0.0,0.0
2023-10-08 18:00:00,401.0,494.0,105.0,938.0,0.0,0.0
2023-10-08 19:00:00,448.0,528.0,108.0,980.0,0.0,0.0
2023-10-08 20:00:00,414.0,583.0,114.0,990.0,0.0,0.0
2023-10-08 21:00:00,413.0,768.0,134.0,966.0,142.0,0.0
2023-10-08 22:00:00,480.0,819.0,158.0,922.0,149.0,0.0
2023-10-08 23:00:00,579.0,921.0,205.0,831.0,332.0,1.0
2023-10-09 00:00:00,711.0,1325.0,214.0,624.0,351.0,8.0
2023-10-09 01:00:00,807.0,1624.0,228.0,210.0,606.0,16.0
2023-10-09 02:00:00,800.0,1668.0,240.0,2.0,623.0,29.0
2023-10-09 03:00:00,723.0,1671.0,227.0,0.0,606.0,36.0
2023-10-09 04:00:00,545.0,1678.0,219.0,0.0,516.0,20.0
2023-10-09 05:00:00,518.0,1556.0,220.0,0.0,508.0,4.0
2023-10-09 06:00:00,510.0,1421.0,206.0,0.0,260.0,3.0
2023-10-09 07:00:00,471.0,1168.0,192.0,0.0,225.0,3.0
2023-10-09 08:00:00,431.0,1009.0,177.0,0.0,45.0,2.0
2023-10-09 09:00:00,422.0,948.0,174.0,0.0,38.0,11.0
2023-10-09 10:00:00,414.0,1018.0,126.0,0.0,0.0,9.0
2023-10-09 11:00:00,412.0,1022.0,113.0,0.0,0.0,11.0
2023-10-09 12:00:00,413.0,1021.0,121.0,0.0,0.0,10.0
2023-10-09 13:00:00,417.0,1022.0,175.0,0.0,0.0,15.0
2023-10-09 14:00:00,518.0,1024.0,177.0,1.0,0.0,9.0
2023-10-09 15:00:00,569.0,944.0,174.0,169.0,0.0,12.0
2023-10-09 16:00:00,446.0,655.0,115.0,614.0,0.0,3.0
2023-10-09 17:00:00,422.0,656.0,108.0,880.0,0.0,0.0
2023-10-09 18:00:00,424.0,766.0,109.0,803.0,0.0,2.0
2023-10-09 19:00:00,427.0,754.0,113.0,941.0,0.0,18.0
2023-10-09 20:00:00,423.0,742.0,126.0,956.0,146.0,23.0
2023-10-09 21:00:00,426.0,762.0,135.0,902.0,147.0,24.0
2023-10-09 22:00:00,543.0,880.0,143.0,683.0,246.0,23.0
2023-10-09 23:00:00,649.0,1025.0,180.0,586.0,360.0,28.0
2023-10-10 00:00:00,813.0,1156.0,198.0,538.0,352.0,26.0
2023-10-10 01:00:00,711.0,1455.0,231.0,177.0,377.0,35.0
2023-10-10 02:00:00,624.0,1463.0,231.0,2.0,381.0,64.0
2023-10-10 03:00:00,682.0,1466.0,212.0,0.0,129.0,123.0
2023-10-10 04:00:00,582.0,1462.0,207.0,0.0,37.0,146.0
2023-10-10 05:00:00,543.0,1469.0,213.0,0.0,37.0,112.0
2023-10-10 06:00:00,447.0,1466.0,199.0,0.0,37.0,78.0
2023-10-10 07:00:00,438.0,1270.0,183.0,0.0,37.0,77.0
2023-10-10 08:00:00,505.0,1268.0,127.0,0.0,37.0,87.0
2023-10-10 09:00:00,610.0,1086.0,119.0,0.0,0.0,97.0
2023-10-10 10:00:00,682.0,1022.0,110.0,0.0,0.0,86.0
2023-10-10 11:00:00,558.0,1023.0,109.0,0.0,0.0,62.0
2023-10-10 12:00:00,524.0,1022.0,112.0,0.0,0.0,35.0
2023-10-10 13:00:00,564.0,1023.0,124.0,0.0,0.0,45.0
2023-10-10 14:00:00,560.0,1023.0,182.0,1.0,0.0,49.0
2023-10-10 15:00:00,754.0,936.0,147.0,163.0,0.0,67.0
2023-10-10 16:00:00,563.0,495.0,104.0,620.0,0.0,84.0
2023-10-10 17:00:00,501.0,491.0,104.0,894.0,0.0,84.0
2023-10-10 18:00:00,434.0,441.0,104.0,936.0,0.0,163.0
2023-10-10 19:00:00,428.0,457.0,104.0,1001.0,0.0,230.0
2023-10-10 20:00:00,415.0,587.0,105.0,1007.0,0.0,280.0
2023-10-10 21:00:00,408.0,752.0,104.0,997.0,0.0,290.0
2023-10-10 22:00:00,406.0,861.0,105.0,962.0,0.0,283.0
2023-10-10 23:00:00,415.0,868.0,110.0,873.0,0.0,283.0
2023-10-11 00:00:00,418.0,952.0,136.0,658.0,104.0,286.0
2023-10-11 01:00:00,478.0,1427.0,211.0,209.0,150.0,260.0
2023-10-11 02:00:00,481.0,1466.0,224.0,2.0,149.0,191.0
2023-10-11 03:00:00,559.0,1467.0,214.0,0.0,138.0,191.0
2023-10-11 04:00:00,506.0,1467.0,209.0,0.0,42.0,196.0
2023-10-11 05:00:00,526.0,1468.0,212.0,0.0,42.0,217.0
2023-10-11 06:00:00,460.0,1466.0,144.0,0.0,42.0,211.0
2023-10-11 07:00:00,487.0,1262.0,121.0,0.0,42.0,161.0
2023-10-11 08:00:00,430.0,1007.0,116.0,0.0,42.0,175.0
2023-10-11 09:00:00,418.0,765.0,112.0,0.0,42.0,187.0
2023-10-11 10:00:00,471.0,713.0,110.0,0.0,42.0,149.0
2023-10-11 11:00:00,457.0,731.0,110.0,0.0,42.0,128.0
2023-10-11 12:00:00,481.0,730.0,116.0,0.0,42.0,135.0
2023-10-11 13:00:00,451.0,871.0,128.0,0.0,41.0,99.0
2023-10-11 14:00:00,420.0,1021.0,179.0,0.0,272.0,74.0
2023-10-11 15:00:00,416.0,1007.0,177.0,159.0,233.0,68.0
2023-10-11 16:00:00,418.0,860.0,118.0,622.0,52.0,148.0
2023-10-11 17:00:00,417.0,596.0,112.0,915.0,52.0,105.0
2023-10-11 18:00:00,416.0,445.0,112.0,1000.0,53.0,70.0
2023-10-11 19:00:00,409.0,447.0,111.0,1033.0,60.0,72.0
2023-10-11 20:00:00,407.0,420.0,111.0,1003.0,158.0,153.0
2023-10-11 21:00:00,407.0,412.0,111.0,987.0,159.0,193.0
2023-10-11 22:00:00,406.0,411.0,111.0,972.0,159.0,134.0
2023-10-11 23:00:00,405.0,412.0,112.0,886.0,159.0,71.0
2023-10-12 00:00:00,411.0,496.0,149.0,652.0,159.0,68.0
2023-10-12 01:00:00,452.0,824.0,220.0,189.0,159.0,172.0
2023-10-12 02:00:00,499.0,1066.0,233.0,2.0,158.0,63.0
2023-10-12 03:00:00,449.0,1067.0,225.0,0.0,144.0,34.0
2023-10-12 04:00:00,617.0,1040.0,221.0,0.0,51.0,32.0
2023-10-12 05:00:00,747.0,1038.0,215.0,0.0,51.0,47.0
2023-10-12 06:00:00,809.0,1059.0,133.0,0.0,51.0,40.0
2023-10-12 07:00:00,666.0,1004.0,111.0,0.0,51.0,25.0
2023-10-12 08:00:00,505.0,1062.0,113.0,0.0,48.0,18.0
2023-10-12 09:00:00,429.0,1049.0,109.0,0.0,48.0,24.0
2023-10-12 10:00:00,419.0,1029.0,106.0,0.0,48.0,59.0
2023-10-12 11:00:00,417.0,1026.0,106.0,0.0,48.0,29.0
2023-10-12 12:00:00,416.0,1025.0,108.0,0.0,48.0,15.0
2023-10-12 13:00:00,419.0,1068.0,110.0,0.0,48.0,3.0
2023-10-12 14:00:00,424.0,1074.0,112.0,1.0,48.0,0.0
2023-10-12 15:00:00,427.0,931.0,109.0,165.0,48.0,0.0
2023-10-12 16:00:00,425.0,468.0,108.0,626.0,47.0,0.0
2023-10-12 17:00:00,419.0,457.0,108.0,916.0,0.0,6.0
2023-10-12 18:00:00,410.0,458.0,108.0,1005.0,0.0,31.0
2023-10-12 19:00:00,399.0,456.0,106.0,1015.0,0.0,31.0
2023-10-12 20:00:00,394.0,457.0,106.0,1009.0,0.0,12.0
2023-10-12 21:00:00,397.0,457.0,104.0,1015.0,0.0,2.0
2023-10-12 22:00:00,397.0,458.0,105.0,983.0,158.0,2.0
2023-10-12 23:00:00,397.0,459.0,109.0,893.0,158.0,4.0
2023-10-13 00:00:00,425.0,699.0,127.0,650.0,157.0,5.0
2023-10-13 01:00:00,575.0,910.0,200.0,187.0,156.0,8.0
2023-10-13 02:00:00,643.0,1064.0,213.0,1.0,156.0,21.0
2023-10-13 03:00:00,735.0,1066.0,209.0,0.0,145.0,32.0
2023-10-13 04:00:00,643.0,1070.0,209.0,0.0,48.0,14.0
2023-10-13 05:00:00,691.0,1070.0,209.0,0.0,48.0,3.0
2023-10-13 06:00:00,724.0,1072.0,158.0,0.0,48.0,1.0
2023-10-13 07:00:00,586.0,1009.0,123.0,0.0,48.0,2.0
2023-10-13 08:00:00,445.0,1043.0,113.0,0.0,47.0,0.0
2023-10-13 09:00:00,428.0,999.0,110.0,0.0,46.0,0.0
2023-10-13 10:00:00,422.0,998.0,106.0,0.0,46.0,0.0
2023-10-13 11:00:00,421.0,952.0,107.0,0.0,46.0,0.0
2023-10-13 12:00:00,419.0,997.0,107.0,0.0,46.0,0.0
2023-10-13 13:00:00,421.0,997.0,107.0,0.0,45.0,0.0
2023-10-13 14:00:00,425.0,1042.0,111.0,1.0,41.0,0.0
2023-10-13 15:00:00,431.0,1067.0,123.0,126.0,37.0,0.0
2023-10-13 16:00:00,432.0,688.0,106.0,527.0,36.0,0.0
2023-10-13 17:00:00,425.0,459.0,104.0,799.0,36.0,0.0
2023-10-13 18:00:00,420.0,480.0,104.0,868.0,36.0,0.0
2023-10-13 19:00:00,419.0,493.0,103.0,885.0,36.0,0.0
2023-10-13 20:00:00,417.0,720.0,103.0,868.0,126.0,0.0
2023-10-13 21:00:00,417.0,810.0,110.0,863.0,144.0,0.0
2023-10-13 22:00:00,428.0,814.0,115.0,834.0,144.0,0.0
2023-10-13 23:00:00,548.0,819.0,117.0,703.0,143.0,0.0
2023-10-14 00:00:00,634.0,1061.0,143.0,522.0,143.0,2.0
2023-10-14 01:00:00,704.0,1067.0,217.0,157.0,572.0,9.0
2023-10-14 02:00:00,786.0,1066.0,207.0,1.0,619.0,11.0
2023-10-14 03:00:00,612.0,1036.0,194.0,0.0,612.0,0.0
2023-10-14 04:00:00,469.0,1069.0,193.0,0.0,515.0,0.0
2023-10-14 05:00:00,428.0,1069.0,191.0,0.0,516.0,0.0
2023-10-14 06:00:00,443.0,1071.0,154.0,0.0,516.0,0.0
2023-10-14 07:00:00,441.0,998.0,128.0,0.0,276.0,0.0
2023-10-14 08:00:00,432.0,1072.0,121.0,0.0,224.0,0.0
2023-10-14 09:00:00,428.0,1073.0,117.0,0.0,34.0,0.0
2023-10-14 10:00:00,424.0,1072.0,112.0,0.0,34.0,1.0
2023-10-14 11:00:00,421.0,1071.0,108.0,0.0,34.0,4.0
2023-10-14 12:00:00,418.0,1071.0,108.0,0.0,34.0,1.0
2023-10-14 13:00:00,418.0,1071.0,106.0,0.0,33.0,0.0
2023-10-14 14:00:00,418.0,1071.0,107.0,1.0,33.0,1.0
2023-10-14 15:00:00,417.0,897.0,108.0,140.0,34.0,6.0
2023-10-14 16:00:00,421.0,657.0,106.0,453.0,34.0,0.0
2023-10-14 17:00:00,500.0,908.0,120.0,291.0,34.0,0.0
2023-10-14 18:00:00,415.0,459.0,110.0,756.0,34.0,0.0
2023-10-14 19:00:00,413.0,466.0,103.0,983.0,0.0,0.0
2023-10-14 20:00:00,417.0,466.0,103.0,976.0,0.0,2.0
2023-10-14 21:00:00,488.0,467.0,104.0,964.0,0.0,44.0
2023-10-14 22:00:00,487.0,473.0,106.0,925.0,0.0,18.0
2023-10-14 23:00:00,422.0,473.0,106.0,834.0,137.0,0.0
2023-10-15 00:00:00,414.0,646.0,116.0,590.0,151.0,0.0
2023-10-15 01:00:00,416.0,971.0,159.0,156.0,561.0,0.0
2023-10-15 02:00:00,495.0,1066.0,198.0,1.0,522.0,0.0
2023-10-15 03:00:00,488.0,1079.0,197.0,0.0,517.0,0.0
2023-10-15 04:00:00,542.0,1164.0,134.0,0.0,417.0,0.0
2023-10-15 05:00:00,492.0,1180.0,131.0,0.0,410.0,0.0
2023-10-15 06:00:00,474.0,1181.0,132.0,0.0,220.0,0.0
2023-10-15 07:00:00,439.0,1144.0,128.0,0.0,221.0,0.0
2023-10-15 08:00:00,426.0,1127.0,124.0,0.0,37.0,0.0
2023-10-15 09:00:00,421.0,1076.0,115.0,0.0,34.0,0.0
2023-10-15 10:00:00,416.0,1074.0,110.0,0.0,34.0,0.0
2023-10-15 11:00:00,415.0,958.0,108.0,0.0,34.0,0.0
2023-10-15 12:00:00,413.0,957.0,108.0,0.0,33.0,0.0
2023-10-15 13:00:00,413.0,1072.0,108.0,0.0,33.0,0.0
2023-10-15 14:00:00,413.0,1073.0,109.0,0.0,33.0,0.0
2023-10-15 15:00:00,411.0,939.0,109.0,149.0,32.0,0.0
2023-10-15 16:00:00,411.0,557.0,105.0,590.0,0.0,0.0
2023-10-15 17:00:00,409.0,468.0,104.0,873.0,0.0,0.0
2023-10-15 18:00:00,406.0,469.0,103.0,949.0,0.0,0.0
2023-10-15 19:00:00,406.0,468.0,104.0,965.0,0.0,0.0
2023-10-15 20:00:00,406.0,466.0,103.0,965.0,0.0,14.0
2023-10-15 21:00:00,406.0,466.0,103.0,955.0,0.0,21.0
2023-10-15 22:00:00,411.0,509.0,108.0,915.0,196.0,19.0
2023-10-15 23:00:00,420.0,618.0,115.0,824.0,33.0,20.0
2023-10-16 00:00:00,522.0,942.0,136.0,583.0,233.0,27.0
2023-10-16 01:00:00,750.0,1386.0,223.0,150.0,247.0,17.0
2023-10-16 02:00:00,778.0,1380.0,225.0,1.0,258.0,1.0
2023-10-16 03:00:00,752.0,1390.0,198.0,0.0,263.0,0.0
2023-10-16 04:00:00,784.0,1384.0,196.0,0.0,40.0,0.0
2023-10-16 05:00:00,723.0,1399.0,194.0,0.0,29.0,0.0
2023-10-16 06:00:00,902.0,1076.0,165.0,0.0,29.0,0.0
2023-10-16 07:00:00,758.0,1068.0,126.0,0.0,29.0,0.0
2023-10-16 08:00:00,501.0,1069.0,115.0,0.0,29.0,0.0
2023-10-16 09:00:00,426.0,1039.0,112.0,0.0,28.0,0.0
2023-10-16 10:00:00,420.0,1070.0,110.0,0.0,26.0,0.0
2023-10-16 11:00:00,419.0,1040.0,109.0,0.0,26.0,0.0
2023-10-16 12:00:00,417.0,1040.0,108.0,0.0,26.0,0.0
2023-10-16 13:00:00,420.0,1072.0,122.0,0.0,27.0,1.0
2023-10-16 14:00:00,515.0,1073.0,174.0,0.0,27.0,1.0
2023-10-16 15:00:00,572.0,1069.0,143.0,143.0,27.0,5.0
2023-10-16 16:00:00,462.0,666.0,105.0,586.0,26.0,1.0
2023-10-16 17:00:00,431.0,589.0,104.0,870.0,27.0,0.0
2023-10-16 18:00:00,429.0,639.0,102.0,946.0,27.0,0.0
2023-10-16 19:00:00,429.0,712.0,100.0,965.0,27.0,0.0
2023-10-16 20:00:00,423.0,895.0,104.0,960.0,122.0,0.0
2023-10-16 21:00:00,426.0,1025.0,107.0,947.0,136.0,15.0
2023-10-16 22:00:00,487.0,1072.0,124.0,907.0,136.0,35.0
2023-10-16 23:00:00,546.0,1285.0,156.0,820.0,138.0,47.0
2023-10-17 00:00:00,661.0,1525.0,231.0,576.0,138.0,50.0
2023-10-17 01:00:00,892.0,1694.0,241.0,139.0,148.0,47.0
2023-10-17 02:00:00,950.0,1699.0,244.0,0.0,372.0,47.0
2023-10-17 03:00:00,812.0,1702.0,221.0,0.0,320.0,58.0
2023-10-17 04:00:00,559.0,1703.0,214.0,0.0,207.0,65.0
2023-10-17 05:00:00,448.0,1575.0,198.0,0.0,25.0,65.0
2023-10-17 06:00:00,529.0,1225.0,202.0,0.0,26.0,62.0
2023-10-17 07:00:00,455.0,1096.0,144.0,0.0,27.0,61.0
2023-10-17 08:00:00,434.0,1039.0,120.0,0.0,26.0,64.0
2023-10-17 09:00:00,428.0,1071.0,112.0,0.0,26.0,62.0
2023-10-17 10:00:00,421.0,998.0,106.0,0.0,24.0,88.0
2023-10-17 11:00:00,419.0,953.0,104.0,0.0,25.0,88.0
2023-10-17 12:00:00,412.0,954.0,106.0,0.0,25.0,91.0
2023-10-17 13:00:00,415.0,957.0,108.0,0.0,28.0,88.0
2023-10-17 14:00:00,430.0,1055.0,134.0,0.0,28.0,70.0
2023-10-17 15:00:00,444.0,1048.0,129.0,130.0,23.0,34.0
2023-10-17 16:00:00,444.0,898.0,105.0,570.0,0.0,17.0
2023-10-17 17:00:00,435.0,951.0,104.0,850.0,0.0,1.0
2023-10-17 18:00:00,433.0,950.0,104.0,935.0,0.0,0.0
2023-10-17 19:00:00,432.0,1011.0,104.0,956.0,0.0,9.0
2023-10-17 20:00:00,429.0,925.0,103.0,955.0,24.0,3.0
2023-10-17 21:00:00,430.0,1047.0,103.0,942.0,119.0,0.0
2023-10-17 22:00:00,499.0,1035.0,106.0,900.0,136.0,12.0
2023-10-17 23:00:00,502.0,1339.0,125.0,809.0,136.0,20.0
2023-10-18 00:00:00,590.0,1513.0,201.0,558.0,136.0,42.0
2023-10-18 01:00:00,659.0,1667.0,219.0,131.0,337.0,51.0
2023-10-18 02:00:00,795.0,1684.0,223.0,0.0,373.0,26.0
2023-10-18 03:00:00,691.0,1664.0,221.0,0.0,366.0,8.0
2023-10-18 04:00:00,629.0,1672.0,221.0,0.0,265.0,16.0
2023-10-18 05:00:00,732.0,1502.0,222.0,0.0,35.0,29.0
2023-10-18 06:00:00,636.0,1495.0,214.0,0.0,27.0,13.0
2023-10-18 07:00:00,557.0,1267.0,158.0,0.0,26.0,5.0
2023-10-18 08:00:00,444.0,1055.0,130.0,0.0,26.0,8.0
2023-10-18 09:00:00,432.0,1073.0,108.0,0.0,29.0,0.0
2023-10-18 10:00:00,427.0,918.0,110.0,0.0,0.0,0.0
2023-10-18 11:00:00,422.0,907.0,109.0,0.0,0.0,0.0
2023-10-18 12:00:00,415.0,934.0,108.0,0.0,0.0,0.0
2023-10-18 13:00:00,416.0,1073.0,108.0,0.0,0.0,0.0
2023-10-18 14:00:00,434.0,1077.0,147.0,0.0,0.0,0.0
2023-10-18 15:00:00,559.0,1072.0,154.0,133.0,0.0,0.0
2023-10-18 16:00:00,457.0,888.0,103.0,573.0,0.0,0.0
2023-10-18 17:00:00,442.0,731.0,107.0,862.0,0.0,1.0
2023-10-18 18:00:00,430.0,735.0,109.0,932.0,0.0,5.0
2023-10-18 19:00:00,420.0,801.0,110.0,950.0,0.0,24.0
2023-10-18 20:00:00,420.0,689.0,115.0,946.0,0.0,30.0
2023-10-18 21:00:00,420.0,820.0,122.0,933.0,127.0,41.0
2023-10-18 22:00:00,433.0,970.0,123.0,888.0,326.0,39.0
2023-10-18 23:00:00,519.0,1137.0,147.0,796.0,322.0,54.0
2023-10-19 00:00:00,724.0,1300.0,224.0,540.0,335.0,68.0
2023-10-19 01:00:00,820.0,1695.0,236.0,121.0,347.0,71.0
2023-10-19 02:00:00,760.0,1714.0,252.0,0.0,322.0,54.0
2023-10-19 03:00:00,595.0,1701.0,229.0,0.0,319.0,40.0
2023-10-19 04:00:00,560.0,1702.0,222.0,0.0,219.0,44.0
2023-10-19 05:00:00,449.0,1703.0,214.0,0.0,213.0,62.0
2023-10-19 06:00:00,446.0,1509.0,201.0,0.0,215.0,31.0
2023-10-19 07:00:00,447.0,1290.0,133.0,0.0,210.0,6.0
2023-10-19 08:00:00,459.0,1315.0,113.0,0.0,28.0,3.0
2023-10-19 09:00:00,455.0,1242.0,109.0,0.0,22.0,0.0
2023-10-19 10:00:00,434.0,1095.0,109.0,0.0,22.0,0.0
2023-10-19 11:00:00,424.0,994.0,110.0,0.0,21.0,0.0
2023-10-19 12:00:00,415.0,1007.0,111.0,0.0,22.0,0.0
2023-10-19 13:00:00,427.0,1053.0,129.0,0.0,21.0,0.0
2023-10-19 14:00:00,561.0,1070.0,175.0,0.0,22.0,0.0
2023-10-19 15:00:00,551.0,1069.0,172.0,124.0,24.0,0.0
2023-10-19 16:00:00,455.0,928.0,125.0,556.0,0.0,0.0
2023-10-19 17:00:00,447.0,734.0,104.0,849.0,0.0,0.0
2023-10-19 18:00:00,435.0,687.0,105.0,922.0,0.0,0.0
2023-10-19 19:00:00,426.0,744.0,105.0,943.0,0.0,0.0
2023-10-19 20:00:00,417.0,950.0,105.0,940.0,11.0,0.0
2023-10-19 21:00:00,431.0,1058.0,117.0,925.0,116.0,0.0
2023-10-19 22:00:00,434.0,1262.0,153.0,879.0,127.0,0.0
2023-10-19 23:00:00,463.0,1582.0,220.0,784.0,125.0,0.0
2023-10-20 00:00:00,666.0,1778.0,228.0,526.0,335.0,9.0
2023-10-20 01:00:00,939.0,1951.0,258.0,114.0,353.0,16.0
2023-10-20 02:00:00,1020.0,1982.0,263.0,0.0,401.0,5.0
2023-10-20 03:00:00,831.0,1891.0,243.0,0.0,386.0,0.0
2023-10-20 04:00:00,679.0,1896.0,222.0,0.0,262.0,0.0
2023-10-20 05:00:00,534.0,1806.0,220.0,0.0,252.0,0.0
2023-10-20 06:00:00,448.0,1599.0,219.0,0.0,234.0,0.0
2023-10-20 07:00:00,443.0,1474.0,194.0,0.0,202.0,0.0
2023-10-20 08:00:00,445.0,1390.0,131.0,0.0,17.0,0.0
2023-10-20 09:00:00,429.0,1273.0,122.0,0.0,14.0,0.0
2023-10-20 10:00:00,422.0,1041.0,115.0,0.0,14.0,0.0
2023-10-20 11:00:00,413.0,1069.0,111.0,0.0,13.0,0.0
2023-10-20 12:00:00,415.0,1071.0,109.0,0.0,13.0,2.0
2023-10-20 13:00:00,417.0,1071.0,116.0,0.0,14.0,4.0
2023-10-20 14:00:00,441.0,1072.0,173.0,0.0,12.0,10.0
2023-10-20 15:00:00,546.0,1068.0,173.0,117.0,0.0,18.0
2023-10-20 16:00:00,437.0,988.0,115.0,537.0,0.0,2.0
2023-10-20 17:00:00,424.0,874.0,105.0,831.0,0.0,0.0
2023-10-20 18:00:00,423.0,879.0,105.0,906.0,0.0,0.0
2023-10-20 19:00:00,418.0,1064.0,106.0,925.0,0.0,1.0
2023-10-20 20:00:00,422.0,1109.0,113.0,921.0,0.0,0.0
2023-10-20 21:00:00,438.0,1303.0,124.0,894.0,93.0,0.0
2023-10-20 22:00:00,572.0,1455.0,150.0,849.0,103.0,0.0
2023-10-20 23:00:00,751.0,1652.0,182.0,703.0,109.0,2.0
2023-10-21 00:00:00,814.0,1821.0,241.0,323.0,376.0,5.0
2023-10-21 01:00:00,989.0,1887.0,247.0,95.0,378.0,7.0
2023-10-21 02:00:00,865.0,1871.0,249.0,0.0,329.0,19.0
2023-10-21 03:00:00,852.0,1822.0,219.0,0.0,285.0,16.0
2023-10-21 04:00:00,637.0,1772.0,212.0,0.0,215.0,8.0
2023-10-21 05:00:00,449.0,1525.0,217.0,0.0,225.0,6.0
2023-10-21 06:00:00,445.0,1249.0,205.0,0.0,202.0,7.0
2023-10-21 07:00:00,443.0,1156.0,137.0,0.0,183.0,7.0
2023-10-21 08:00:00,440.0,1087.0,178.0,0.0,189.0,10.0
2023-10-21 09:00:00,435.0,971.0,178.0,0.0,181.0,9.0
2023-10-21 10:00:00,449.0,853.0,181.0,0.0,181.0,12.0
2023-10-21 11:00:00,427.0,806.0,170.0,0.0,181.0,27.0
2023-10-21 12:00:00,507.0,838.0,167.0,0.0,181.0,19.0
2023-10-21 13:00:00,465.0,840.0,174.0,0.0,182.0,24.0
2023-10-21 14:00:00,459.0,838.0,177.0,0.0,176.0,24.0
2023-10-21 15:00:00,430.0,776.0,175.0,114.0,177.0,26.0
2023-10-21 16:00:00,426.0,358.0,123.0,534.0,0.0,12.0
2023-10-21 17:00:00,426.0,319.0,112.0,840.0,0.0,0.0
2023-10-21 18:00:00,425.0,420.0,110.0,914.0,0.0,0.0
2023-10-21 19:00:00,427.0,597.0,111.0,932.0,0.0,0.0
2023-10-21 20:00:00,475.0,757.0,114.0,928.0,0.0,0.0
2023-10-21 21:00:00,464.0,946.0,120.0,895.0,0.0,2.0
2023-10-21 22:00:00,603.0,960.0,126.0,874.0,0.0,6.0
2023-10-21 23:00:00,800.0,1207.0,142.0,783.0,0.0,9.0
2023-10-22 00:00:00,893.0,1441.0,202.0,470.0,176.0,9.0
2023-10-22 01:00:00,905.0,1568.0,230.0,98.0,182.0,16.0
2023-10-22 02:00:00,732.0,1548.0,230.0,0.0,355.0,35.0
2023-10-22 03:00:00,655.0,1474.0,226.0,0.0,369.0,27.0
2023-10-22 04:00:00,546.0,1455.0,217.0,0.0,368.0,11.0
2023-10-22 05:00:00,451.0,1381.0,211.0,0.0,366.0,20.0
2023-10-22 06:00:00,443.0,1123.0,204.0,0.0,367.0,19.0
2023-10-22 07:00:00,436.0,1012.0,194.0,0.0,364.0,16.0
2023-10-22 08:00:00,432.0,1031.0,194.0,0.0,175.0,23.0
2023-10-22 09:00:00,432.0,1003.0,194.0,0.0,178.0,19.0
2023-10-22 10:00:00,487.0,1025.0,194.0,0.0,0.0,23.0
2023-10-22 11:00:00,428.0,1040.0,139.0,0.0,0.0,21.0
2023-10-22 12:00:00,419.0,972.0,109.0,0.0,0.0,30.0
2023-10-22 13:00:00,417.0,948.0,108.0,0.0,0.0,33.0
2023-10-22 14:00:00,415.0,953.0,114.0,0.0,0.0,38.0
2023-10-22 15:00:00,407.0,665.0,111.0,105.0,0.0,42.0
2023-10-22 16:00:00,403.0,358.0,107.0,520.0,0.0,26.0
2023-10-22 17:00:00,401.0,365.0,108.0,830.0,0.0,22.0
2023-10-22 18:00:00,401.0,364.0,108.0,926.0,0.0,17.0
2023-10-22 19:00:00,402.0,362.0,109.0,958.0,0.0,51.0
2023-10-22 20:00:00,403.0,362.0,110.0,958.0,0.0,125.0
2023-10-22 21:00:00,404.0,363.0,110.0,950.0,0.0,125.0
2023-10-22 22:00:00,410.0,364.0,109.0,920.0,0.0,183.0
2023-10-22 23:00:00,431.0,500.0,107.0,828.0,0.0,202.0
2023-10-23 00:00:00,581.0,811.0,115.0,535.0,21.0,218.0
2023-10-23 01:00:00,650.0,1252.0,192.0,101.0,182.0,190.0
2023-10-23 02:00:00,800.0,1351.0,204.0,0.0,181.0,122.0
2023-10-23 03:00:00,820.0,1350.0,215.0,0.0,180.0,150.0
2023-10-23 04:00:00,771.0,1352.0,213.0,0.0,180.0,132.0
2023-10-23 05:00:00,775.0,1348.0,216.0,0.0,0.0,98.0
2023-10-23 06:00:00,662.0,1344.0,193.0,0.0,0.0,62.0
2023-10-23 07:00:00,584.0,1178.0,173.0,0.0,0.0,46.0
2023-10-23 08:00:00,440.0,1198.0,121.0,0.0,0.0,44.0
2023-10-23 09:00:00,422.0,1076.0,110.0,0.0,0.0,27.0
2023-10-23 10:00:00,418.0,1076.0,109.0,0.0,0.0,31.0
2023-10-23 11:00:00,417.0,1076.0,109.0,0.0,0.0,19.0
2023-10-23 12:00:00,418.0,1061.0,108.0,0.0,0.0,18.0
2023-10-23 13:00:00,427.0,1061.0,115.0,0.0,0.0,18.0
2023-10-23 14:00:00,594.0,1080.0,174.0,0.0,0.0,16.0
2023-10-23 15:00:00,743.0,942.0,181.0,82.0,0.0,17.0
2023-10-23 16:00:00,578.0,610.0,119.0,407.0,90.0,17.0
2023-10-23 17:00:00,502.0,473.0,110.0,782.0,103.0,19.0
2023-10-23 18:00:00,477.0,512.0,110.0,932.0,103.0,19.0
2023-10-23 19:00:00,438.0,552.0,110.0,962.0,103.0,21.0
2023-10-23 20:00:00,437.0,524.0,112.0,958.0,103.0,30.0
2023-10-23 21:00:00,512.0,495.0,108.0,940.0,102.0,29.0
2023-10-23 22:00:00,449.0,411.0,115.0,901.0,100.0,38.0
2023-10-23 23:00:00,570.0,466.0,115.0,806.0,112.0,29.0
2023-10-24 00:00:00,630.0,742.0,128.0,511.0,296.0,31.0
2023-10-24 01:00:00,863.0,1145.0,212.0,91.0,289.0,46.0
2023-10-24 02:00:00,930.0,1265.0,217.0,0.0,102.0,46.0
2023-10-24 03:00:00,971.0,1406.0,215.0,0.0,102.0,70.0
2023-10-24 04:00:00,794.0,1503.0,207.0,0.0,102.0,84.0
2023-10-24 05:00:00,579.0,1539.0,195.0,0.0,94.0,58.0
2023-10-24 06:00:00,602.0,1428.0,182.0,0.0,16.0,60.0
2023-10-24 07:00:00,474.0,1396.0,169.0,0.0,15.0,40.0
2023-10-24 08:00:00,423.0,1233.0,185.0,0.0,15.0,32.0
2023-10-24 09:00:00,414.0,1028.0,188.0,0.0,14.0,27.0
2023-10-24 10:00:00,408.0,1027.0,180.0,0.0,13.0,11.0
2023-10-24 11:00:00,407.0,1027.0,189.0,0.0,13.0,2.0
2023-10-24 12:00:00,407.0,1025.0,190.0,0.0,13.0,4.0
2023-10-24 13:00:00,402.0,1098.0,205.0,0.0,12.0,4.0
2023-10-24 14:00:00,418.0,1337.0,189.0,0.0,0.0,1.0
2023-10-24 15:00:00,426.0,1406.0,185.0,100.0,0.0,0.0
2023-10-24 16:00:00,431.0,970.0,121.0,515.0,0.0,0.0
2023-10-24 17:00:00,429.0,729.0,111.0,831.0,0.0,1.0
2023-10-24 18:00:00,427.0,663.0,109.0,909.0,0.0,1.0
2023-10-24 19:00:00,426.0,582.0,110.0,930.0,0.0,0.0
2023-10-24 20:00:00,425.0,580.0,115.0,924.0,0.0,0.0
2023-10-24 21:00:00,427.0,601.0,111.0,900.0,0.0,7.0
2023-10-24 22:00:00,442.0,566.0,111.0,875.0,0.0,7.0
2023-10-24 23:00:00,586.0,597.0,131.0,777.0,0.0,0.0
2023-10-25 00:00:00,674.0,890.0,204.0,487.0,0.0,2.0
2023-10-25 01:00:00,774.0,1342.0,231.0,84.0,0.0,4.0
2023-10-25 02:00:00,691.0,1356.0,235.0,0.0,229.0,5.0
2023-10-25 03:00:00,608.0,1359.0,230.0,0.0,236.0,22.0
2023-10-25 04:00:00,658.0,1362.0,227.0,0.0,234.0,46.0
2023-10-25 05:00:00,605.0,1362.0,216.0,0.0,221.0,139.0
2023-10-25 06:00:00,464.0,1355.0,212.0,0.0,184.0,107.0
2023-10-25 07:00:00,606.0,1243.0,209.0,0.0,0.0,116.0
2023-10-25 08:00:00,720.0,1033.0,194.0,0.0,0.0,110.0
2023-10-25 09:00:00,619.0,1014.0,179.0,0.0,0.0,120.0
2023-10-25 10:00:00,528.0,1014.0,166.0,0.0,0.0,128.0
2023-10-25 11:00:00,471.0,1014.0,162.0,0.0,0.0,156.0
2023-10-25 12:00:00,464.0,1013.0,165.0,0.0,0.0,191.0
2023-10-25 13:00:00,495.0,1014.0,172.0,0.0,0.0,234.0
2023-10-25 14:00:00,546.0,1014.0,181.0,0.0,0.0,200.0
2023-10-25 15:00:00,553.0,959.0,176.0,96.0,0.0,192.0
2023-10-25 16:00:00,443.0,673.0,115.0,521.0,0.0,184.0
2023-10-25 17:00:00,425.0,598.0,105.0,824.0,0.0,185.0
2023-10-25 18:00:00,421.0,598.0,105.0,923.0,0.0,269.0
2023-10-25 19:00:00,419.0,591.0,109.0,963.0,0.0,298.0
2023-10-25 20:00:00,417.0,594.0,107.0,938.0,0.0,296.0
2023-10-25 21:00:00,417.0,593.0,107.0,772.0,0.0,299.0
2023-10-25 22:00:00,417.0,593.0,106.0,859.0,0.0,310.0
2023-10-25 23:00:00,419.0,586.0,117.0,623.0,0.0,299.0
2023-10-26 00:00:00,434.0,636.0,135.0,385.0,0.0,291.0
2023-10-26 01:00:00,499.0,918.0,200.0,64.0,0.0,283.0
2023-10-26 02:00:00,610.0,1013.0,209.0,0.0,0.0,278.0
2023-10-26 03:00:00,620.0,1009.0,207.0,0.0,0.0,280.0
2023-10-26 04:00:00,601.0,1020.0,201.0,0.0,0.0,275.0
2023-10-26 05:00:00,635.0,1171.0,211.0,0.0,0.0,243.0
2023-10-26 06:00:00,587.0,1258.0,199.0,0.0,0.0,260.0
2023-10-26 07:00:00,482.0,1191.0,193.0,0.0,0.0,254.0
2023-10-26 08:00:00,456.0,992.0,197.0,0.0,0.0,265.0
2023-10-26 09:00:00,450.0,933.0,194.0,0.0,0.0,263.0
2023-10-26 10:00:00,422.0,904.0,193.0,0.0,0.0,215.0
2023-10-26 11:00:00,418.0,894.0,191.0,0.0,0.0,184.0
2023-10-26 12:00:00,420.0,912.0,192.0,0.0,0.0,198.0
2023-10-26 13:00:00,429.0,1068.0,191.0,0.0,1.0,166.0
2023-10-26 14:00:00,466.0,1113.0,202.0,0.0,182.0,141.0
2023-10-26 15:00:00,443.0,952.0,182.0,53.0,226.0,139.0
2023-10-26 16:00:00,427.0,705.0,171.0,346.0,0.0,137.0
2023-10-26 17:00:00,423.0,526.0,114.0,897.0,0.0,279.0
2023-10-26 18:00:00,425.0,536.0,103.0,959.0,0.0,199.0
2023-10-26 19:00:00,421.0,540.0,103.0,942.0,0.0,207.0
2023-10-26 20:00:00,419.0,550.0,103.0,943.0,0.0,197.0
2023-10-26 21:00:00,420.0,572.0,104.0,931.0,0.0,139.0
2023-10-26 22:00:00,419.0,580.0,110.0,890.0,0.0,119.0
2023-10-26 23:00:00,419.0,649.0,118.0,797.0,0.0,79.0
2023-10-27 00:00:00,435.0,708.0,137.0,460.0,0.0,54.0
2023-10-27 01:00:00,541.0,1109.0,220.0,81.0,0.0,49.0
2023-10-27 02:00:00,645.0,1157.0,221.0,0.0,0.0,35.0
2023-10-27 03:00:00,666.0,1158.0,216.0,0.0,0.0,23.0
2023-10-27 04:00:00,670.0,1158.0,216.0,0.0,0.0,17.0
2023-10-27 05:00:00,562.0,1155.0,215.0,0.0,0.0,7.0
2023-10-27 06:00:00,451.0,1156.0,214.0,0.0,0.0,7.0
2023-10-27 07:00:00,473.0,1119.0,209.0,0.0,228.0,14.0
2023-10-27 08:00:00,582.0,864.0,196.0,0.0,234.0,15.0
2023-10-27 09:00:00,450.0,868.0,200.0,0.0,235.0,10.0
2023-10-27 10:00:00,421.0,860.0,195.0,0.0,235.0,13.0
2023-10-27 11:00:00,417.0,805.0,193.0,0.0,235.0,11.0
2023-10-27 12:00:00,419.0,659.0,194.0,0.0,209.0,15.0
2023-10-27 13:00:00,509.0,745.0,204.0,0.0,184.0,16.0
2023-10-27 14:00:00,630.0,764.0,208.0,0.0,186.0,14.0
2023-10-27 15:00:00,651.0,745.0,191.0,87.0,229.0,8.0
2023-10-27 16:00:00,591.0,451.0,169.0,511.0,0.0,12.0
2023-10-27 17:00:00,445.0,355.0,120.0,848.0,0.0,13.0
2023-10-27 18:00:00,420.0,356.0,112.0,821.0,0.0,5.0
2023-10-27 19:00:00,417.0,352.0,114.0,849.0,0.0,15.0
2023-10-27 20:00:00,414.0,354.0,112.0,769.0,0.0,68.0
2023-10-27 21:00:00,415.0,386.0,112.0,714.0,0.0,120.0
2023-10-27 22:00:00,417.0,431.0,113.0,649.0,0.0,109.0
2023-10-27 23:00:00,423.0,446.0,133.0,617.0,0.0,116.0
2023-10-28 00:00:00,465.0,691.0,151.0,242.0,0.0,119.0
2023-10-28 01:00:00,607.0,1099.0,215.0,71.0,0.0,78.0
2023-10-28 02:00:00,705.0,1210.0,218.0,0.0,0.0,51.0
2023-10-28 03:00:00,651.0,1242.0,219.0,0.0,0.0,43.0
2023-10-28 04:00:00,625.0,1212.0,211.0,0.0,0.0,45.0
2023-10-28 05:00:00,626.0,1227.0,207.0,0.0,0.0,44.0
2023-10-28 06:00:00,648.0,1184.0,215.0,0.0,0.0,44.0
2023-10-28 07:00:00,764.0,1054.0,213.0,0.0,0.0,34.0
2023-10-28 08:00:00,630.0,1072.0,196.0,0.0,0.0,30.0
2023-10-28 09:00:00,532.0,900.0,187.0,0.0,0.0,41.0
2023-10-28 10:00:00,443.0,716.0,191.0,0.0,0.0,48.0
2023-10-28 11:00:00,431.0,755.0,185.0,0.0,0.0,47.0
2023-10-28 12:00:00,416.0,898.0,185.0,0.0,0.0,75.0
2023-10-28 13:00:00,410.0,805.0,186.0,0.0,0.0,121.0
2023-10-28 14:00:00,415.0,853.0,193.0,0.0,0.0,98.0
2023-10-28 15:00:00,422.0,687.0,172.0,83.0,0.0,113.0
2023-10-28 16:00:00,411.0,337.0,115.0,503.0,0.0,104.0
2023-10-28 17:00:00,397.0,330.0,109.0,850.0,0.0,112.0
2023-10-28 18:00:00,395.0,330.0,109.0,942.0,0.0,127.0
2023-10-28 19:00:00,395.0,328.0,107.0,967.0,0.0,106.0
2023-10-28 20:00:00,395.0,327.0,107.0,960.0,0.0,94.0
2023-10-28 21:00:00,394.0,328.0,106.0,949.0,0.0,108.0
2023-10-28 22:00:00,394.0,327.0,106.0,913.0,0.0,143.0
2023-10-28 23:00:00,394.0,331.0,110.0,817.0,0.0,162.0
2023-10-29 00:00:00,397.0,379.0,135.0,494.0,0.0,195.0
2023-10-29 01:00:00,531.0,641.0,216.0,72.0,220.0,215.0
2023-10-29 02:00:00,595.0,663.0,224.0,0.0,232.0,170.0
2023-10-29 03:00:00,622.0,662.0,223.0,0.0,231.0,172.0
2023-10-29 04:00:00,625.0,664.0,219.0,0.0,232.0,190.0
2023-10-29 05:00:00,624.0,665.0,220.0,0.0,232.0,134.0
2023-10-29 06:00:00,577.0,664.0,205.0,0.0,232.0,103.0
2023-10-29 07:00:00,643.0,567.0,197.0,0.0,231.0,58.0
2023-10-29 08:00:00,481.0,563.0,207.0,0.0,231.0,45.0
2023-10-29 09:00:00,422.0,565.0,206.0,0.0,231.0,67.0
2023-10-29 10:00:00,418.0,563.0,201.0,0.0,232.0,95.0
2023-10-29 11:00:00,417.0,565.0,197.0,0.0,233.0,89.0
2023-10-29 12:00:00,415.0,564.0,197.0,0.0,232.0,84.0
2023-10-29 13:00:00,414.0,564.0,193.0,0.0,232.0,87.0
2023-10-29 14:00:00,418.0,563.0,180.0,0.0,230.0,70.0
2023-10-29 15:00:00,511.0,507.0,174.0,83.0,0.0,96.0
2023-10-29 16:00:00,408.0,341.0,162.0,518.0,0.0,125.0
2023-10-29 17:00:00,395.0,175.0,111.0,871.0,0.0,152.0
2023-10-29 18:00:00,394.0,179.0,110.0,967.0,0.0,106.0
2023-10-29 19:00:00,394.0,179.0,110.0,978.0,0.0,128.0
2023-10-29 20:00:00,394.0,177.0,112.0,969.0,0.0,148.0
2023-10-29 21:00:00,392.0,198.0,111.0,976.0,0.0,128.0
2023-10-29 22:00:00,392.0,293.0,113.0,944.0,0.0,118.0
2023-10-29 23:00:00,393.0,329.0,121.0,836.0,0.0,136.0
2023-10-30 00:00:00,398.0,393.0,139.0,498.0,0.0,141.0
2023-10-30 01:00:00,554.0,757.0,217.0,71.0,0.0,122.0
2023-10-30 02:00:00,666.0,817.0,225.0,0.0,0.0,91.0
2023-10-30 03:00:00,722.0,821.0,225.0,0.0,0.0,62.0
2023-10-30 04:00:00,755.0,832.0,215.0,0.0,0.0,72.0
2023-10-30 05:00:00,702.0,847.0,198.0,0.0,0.0,72.0
2023-10-30 06:00:00,596.0,926.0,213.0,0.0,0.0,46.0
2023-10-30 07:00:00,551.0,1082.0,215.0,0.0,0.0,25.0
2023-10-30 08:00:00,452.0,1068.0,208.0,0.0,0.0,9.0
2023-10-30 09:00:00,424.0,1041.0,205.0,0.0,0.0,5.0
2023-10-30 10:00:00,423.0,935.0,205.0,0.0,0.0,1.0
2023-10-30 11:00:00,442.0,914.0,204.0,0.0,0.0,1.0
2023-10-30 12:00:00,493.0,917.0,203.0,0.0,0.0,0.0
2023-10-30 13:00:00,465.0,915.0,202.0,0.0,0.0,1.0
2023-10-30 14:00:00,544.0,922.0,191.0,0.0,227.0,1.0
2023-10-30 15:00:00,695.0,881.0,186.0,81.0,218.0,2.0
2023-10-30 16:00:00,655.0,451.0,165.0,517.0,0.0,2.0
2023-10-30 17:00:00,480.0,353.0,113.0,872.0,0.0,3.0
2023-10-30 18:00:00,415.0,243.0,107.0,965.0,163.0,3.0
2023-10-30 19:00:00,411.0,348.0,107.0,972.0,0.0,24.0
2023-10-30 20:00:00,413.0,421.0,108.0,964.0,0.0,44.0
2023-10-30 21:00:00,414.0,472.0,109.0,968.0,0.0,57.0
2023-10-30 22:00:00,417.0,392.0,109.0,932.0,0.0,53.0
2023-10-30 23:00:00,441.0,384.0,123.0,824.0,10.0,48.0
2023-10-31 00:00:00,465.0,577.0,192.0,492.0,197.0,46.0
2023-10-31 01:00:00,589.0,910.0,216.0,69.0,234.0,53.0
2023-10-31 02:00:00,601.0,1268.0,217.0,0.0,232.0,38.0
2023-10-31 03:00:00,639.0,1337.0,211.0,0.0,232.0,26.0
2023-10-31 04:00:00,639.0,1418.0,209.0,0.0,233.0,23.0
2023-10-31 05:00:00,509.0,1254.0,209.0,0.0,231.0,29.0
2023-10-31 06:00:00,440.0,1023.0,207.0,0.0,231.0,43.0
2023-10-31 07:00:00,431.0,1009.0,208.0,0.0,230.0,32.0
2023-10-31 08:00:00,446.0,906.0,209.0,0.0,230.0,9.0
2023-10-31 09:00:00,425.0,907.0,210.0,0.0,229.0,0.0
2023-10-31 10:00:00,461.0,904.0,207.0,0.0,0.0,0.0
2023-10-31 11:00:00,428.0,917.0,206.0,0.0,0.0,0.0
2023-10-31 12:00:00,409.0,952.0,217.0,0.0,0.0,0.0
2023-10-31 13:00:00,412.0,1049.0,219.0,0.0,0.0,0.0
2023-10-31 14:00:00,479.0,1058.0,208.0,0.0,0.0,0.0
2023-10-31 15:00:00,564.0,1008.0,177.0,77.0,0.0,0.0
2023-10-31 16:00:00,526.0,620.0,159.0,510.0,0.0,0.0
2023-10-31 17:00:00,439.0,490.0,107.0,857.0,0.0,0.0
2023-10-31 18:00:00,431.0,438.0,107.0,946.0,0.0,0.0
2023-10-31 19:00:00,429.0,428.0,108.0,957.0,0.0,4.0
2023-10-31 20:00:00,466.0,429.0,108.0,942.0,0.0,5.0
2023-10-31 21:00:00,508.0,430.0,108.0,947.0,0.0,23.0
2023-10-31 22:00:00,511.0,470.0,122.0,913.0,0.0,43.0
2023-10-31 23:00:00,479.0,584.0,134.0,741.0,184.0,28.0
2023-11-01 00:00:00,592.0,765.0,162.0,437.0,213.0,40.0
2023-11-01 01:00:00,669.0,1106.0,211.0,60.0,241.0,19.0
2023-11-01 02:00:00,721.0,1146.0,209.0,0.0,241.0,8.0
2023-11-01 03:00:00,643.0,1115.0,206.0,0.0,243.0,0.0
2023-11-01 04:00:00,486.0,1127.0,207.0,0.0,258.0,0.0
2023-11-01 05:00:00,428.0,1113.0,211.0,0.0,252.0,0.0
2023-11-01 06:00:00,433.0,1006.0,209.0,0.0,245.0,0.0
2023-11-01 07:00:00,386.0,997.0,208.0,0.0,241.0,0.0
2023-11-01 08:00:00,254.0,995.0,199.0,0.0,242.0,0.0
2023-11-01 09:00:00,231.0,908.0,185.0,0.0,241.0,0.0
2023-11-01 10:00:00,232.0,903.0,178.0,0.0,2.0,0.0
2023-11-01 11:00:00,242.0,904.0,177.0,0.0,0.0,0.0
2023-11-01 12:00:00,244.0,923.0,177.0,0.0,0.0,0.0
2023-11-01 13:00:00,311.0,927.0,184.0,0.0,0.0,5.0
2023-11-01 14:00:00,386.0,952.0,188.0,0.0,0.0,16.0
2023-11-01 15:00:00,392.0,917.0,189.0,67.0,0.0,7.0
2023-11-01 16:00:00,395.0,603.0,145.0,498.0,0.0,15.0
2023-11-01 17:00:00,270.0,486.0,134.0,844.0,0.0,3.0
2023-11-01 18:00:00,230.0,507.0,126.0,927.0,0.0,8.0
2023-11-01 19:00:00,234.0,499.0,113.0,940.0,0.0,0.0
2023-11-01 20:00:00,283.0,504.0,111.0,930.0,0.0,0.0
2023-11-01 21:00:00,328.0,494.0,129.0,917.0,0.0,5.0
2023-11-01 22:00:00,428.0,487.0,132.0,885.0,0.0,0.0
2023-11-01 23:00:00,400.0,484.0,155.0,783.0,4.0,0.0
2023-11-02 00:00:00,424.0,708.0,173.0,456.0,191.0,6.0
2023-11-02 01:00:00,488.0,1007.0,203.0,60.0,239.0,6.0
2023-11-02 02:00:00,515.0,1036.0,203.0,0.0,238.0,1.0
2023-11-02 03:00:00,421.0,1002.0,204.0,0.0,240.0,3.0
2023-11-02 04:00:00,319.0,985.0,204.0,0.0,240.0,2.0
2023-11-02 05:00:00,270.0,1120.0,204.0,0.0,240.0,0.0
2023-11-02 06:00:00,270.0,1194.0,204.0,0.0,240.0,0.0
2023-11-02 07:00:00,311.0,907.0,204.0,0.0,229.0,0.0
2023-11-02 08:00:00,256.0,897.0,201.0,1.0,222.0,0.0
2023-11-02 09:00:00,292.0,872.0,196.0,0.0,0.0,0.0
2023-11-02 10:00:00,230.0,844.0,193.0,0.0,0.0,0.0
2023-11-02 11:00:00,231.0,613.0,192.0,8.0,0.0,0.0
2023-11-02 12:00:00,228.0,690.0,192.0,1.0,0.0,0.0
2023-11-02 13:00:00,286.0,921.0,190.0,0.0,0.0,5.0
2023-11-02 14:00:00,254.0,1043.0,188.0,0.0,0.0,8.0
2023-11-02 15:00:00,331.0,978.0,182.0,68.0,1.0,14.0
2023-11-02 16:00:00,398.0,584.0,141.0,493.0,0.0,11.0
2023-11-02 17:00:00,260.0,525.0,114.0,727.0,0.0,0.0
2023-11-02 18:00:00,231.0,482.0,114.0,911.0,0.0,0.0
2023-11-02 19:00:00,232.0,484.0,114.0,941.0,0.0,2.0
2023-11-02 20:00:00,252.0,495.0,114.0,924.0,0.0,0.0
2023-11-02 21:00:00,232.0,589.0,115.0,916.0,0.0,8.0
2023-11-02 22:00:00,229.0,576.0,121.0,870.0,0.0,15.0
2023-11-02 23:00:00,231.0,564.0,153.0,772.0,0.0,8.0
2023-11-03 00:00:00,298.0,790.0,198.0,443.0,33.0,0.0
2023-11-03 01:00:00,357.0,1069.0,203.0,52.0,291.0,0.0
2023-11-03 02:00:00,417.0,879.0,204.0,0.0,189.0,2.0
2023-11-03 03:00:00,348.0,907.0,223.0,0.0,189.0,13.0
2023-11-03 04:00:00,288.0,923.0,221.0,0.0,188.0,63.0
2023-11-03 05:00:00,285.0,888.0,219.0,0.0,191.0,59.0
2023-11-03 06:00:00,292.0,739.0,225.0,0.0,192.0,32.0
2023-11-03 07:00:00,432.0,570.0,231.0,0.0,191.0,23.0
2023-11-03 08:00:00,502.0,506.0,182.0,0.0,8.0,25.0
2023-11-03 09:00:00,392.0,578.0,170.0,0.0,0.0,33.0
2023-11-03 10:00:00,307.0,694.0,162.0,0.0,0.0,19.0
2023-11-03 11:00:00,287.0,786.0,160.0,0.0,0.0,3.0
2023-11-03 12:00:00,308.0,788.0,160.0,0.0,0.0,2.0
2023-11-03 13:00:00,296.0,790.0,187.0,0.0,0.0,0.0
2023-11-03 14:00:00,285.0,684.0,234.0,0.0,0.0,0.0
2023-11-03 15:00:00,270.0,560.0,238.0,66.0,0.0,0.0
2023-11-03 16:00:00,218.0,396.0,165.0,474.0,0.0,0.0
2023-11-03 17:00:00,213.0,345.0,133.0,814.0,0.0,0.0
2023-11-03 18:00:00,215.0,343.0,131.0,918.0,0.0,0.0
2023-11-03 19:00:00,214.0,342.0,126.0,930.0,0.0,0.0
2023-11-03 20:00:00,214.0,344.0,122.0,912.0,0.0,0.0
2023-11-03 21:00:00,213.0,343.0,122.0,904.0,0.0,0.0
2023-11-03 22:00:00,213.0,342.0,131.0,866.0,0.0,0.0
2023-11-03 23:00:00,234.0,402.0,159.0,762.0,0.0,1.0
2023-11-04 00:00:00,300.0,745.0,231.0,430.0,58.0,19.0
2023-11-04 01:00:00,384.0,990.0,241.0,51.0,452.0,36.0
2023-11-04 02:00:00,382.0,962.0,241.0,0.0,402.0,1.0
2023-11-04 03:00:00,300.0,918.0,243.0,0.0,235.0,0.0
2023-11-04 04:00:00,231.0,896.0,242.0,0.0,225.0,0.0
2023-11-04 05:00:00,254.0,910.0,242.0,0.0,231.0,0.0
2023-11-04 06:00:00,355.0,825.0,237.0,0.0,0.0,1.0
2023-11-04 07:00:00,280.0,704.0,234.0,0.0,0.0,0.0
2023-11-04 08:00:00,0.0,0.0,0.0,0.0,0.0,0.0
2023-11-04 09:00:00,0.0,0.0,0.0,0.0,0.0,0.0
2023-11-04 10:00:00,0.0,0.0,0.0,0.0,0.0,0.0
2023-11-04 11:00:00,0.0,0.0,0.0,0.0,0.0,0.0
2023-11-04 12:00:00,0.0,0.0,0.0,0.0,0.0,0.0
2023-11-04 13:00:00,0.0,0.0,0.0,0.0,0.0,0.0
2023-11-04 14:00:00,0.0,0.0,0.0,0.0,0.0,0.0
2023-11-04 15:00:00,0.0,0.0,0.0,0.0,0.0,0.0
2023-11-04 16:00:00,0.0,0.0,0.0,0.0,0.0,0.0
2023-11-04 17:00:00,0.0,0.0,0.0,0.0,0.0,0.0
2023-11-04 18:00:00,0.0,0.0,0.0,0.0,0.0,0.0
2023-11-04 19:00:00,0.0,0.0,0.0,0.0,0.0,0.0
2023-11-04 20:00:00,0.0,0.0,0.0,0.0,0.0,0.0
2023-11-04 21:00:00,0.0,0.0,0.0,0.0,0.0,0.0
2023-11-04 22:00:00,0.0,0.0,0.0,0.0,0.0,0.0
2023-11-04 23:00:00,0.0,0.0,0.0,0.0,0.0,0.0
2023-11-05 00:00:00,0.0,0.0,0.0,0.0,0.0,0.0
2023-11-05 01:00:00,0.0,0.0,0.0,0.0,0.0,0.0
2023-11-05 02:00:00,0.0,0.0,0.0,0.0,0.0,0.0
2023-11-05 03:00:00,0.0,0.0,0.0,0.0,0.0,0.0
2023-11-05 04:00:00,0.0,0.0,0.0,0.0,0.0,0.0
2023-11-05 05:00:00,0.0,0.0,0.0,0.0,0.0,0.0
2023-11-05 06:00:00,0.0,0.0,0.0,0.0,0.0,0.0
2023-11-05 07:00:00,0.0,0.0,0.0,0.0,0.0,0.0
2023-11-06 09:00:00,220.0,533.0,176.0,0.0,1.0,200.0
2023-11-06 10:00:00,220.0,472.0,158.0,0.0,0.0,194.0
2023-11-06 11:00:00,219.0,474.0,147.0,0.0,0.0,183.0
2023-11-06 12:00:00,219.0,548.0,145.0,0.0,0.0,149.0
2023-11-06 13:00:00,221.0,558.0,204.0,0.0,0.0,97.0
2023-11-06 14:00:00,221.0,565.0,216.0,0.0,0.0,106.0
2023-11-06 15:00:00,249.0,565.0,222.0,50.0,0.0,119.0
2023-11-06 16:00:00,225.0,481.0,211.0,427.0,1.0,120.0
2023-11-06 17:00:00,222.0,424.0,140.0,789.0,0.0,211.0
2023-11-06 18:00:00,221.0,423.0,122.0,888.0,0.0,260.0
2023-11-06 19:00:00,221.0,422.0,122.0,911.0,0.0,277.0
2023-11-06 20:00:00,220.0,421.0,122.0,913.0,0.0,285.0
2023-11-06 21:00:00,219.0,424.0,122.0,900.0,0.0,288.0
2023-11-06 22:00:00,219.0,423.0,126.0,855.0,2.0,287.0
2023-11-06 23:00:00,223.0,450.0,140.0,746.0,14.0,285.0
2023-11-07 00:00:00,327.0,700.0,232.0,395.0,231.0,283.0
2023-11-07 01:00:00,337.0,1035.0,246.0,33.0,240.0,259.0
2023-11-07 02:00:00,341.0,1046.0,246.0,0.0,239.0,228.0
2023-11-07 03:00:00,342.0,1046.0,239.0,0.0,238.0,228.0
2023-11-07 04:00:00,295.0,1038.0,238.0,0.0,0.0,176.0
2023-11-07 05:00:00,228.0,1012.0,238.0,0.0,0.0,118.0
2023-11-07 06:00:00,222.0,986.0,235.0,0.0,0.0,126.0
2023-11-07 07:00:00,224.0,840.0,227.0,0.0,0.0,145.0
2023-11-07 08:00:00,224.0,599.0,221.0,0.0,0.0,181.0
2023-11-07 09:00:00,222.0,616.0,165.0,0.0,0.0,131.0
2023-11-07 10:00:00,221.0,587.0,148.0,0.0,0.0,108.0
2023-11-07 11:00:00,220.0,576.0,143.0,0.0,0.0,73.0
2023-11-07 12:00:00,220.0,574.0,141.0,0.0,0.0,51.0
2023-11-07 13:00:00,238.0,620.0,144.0,0.0,0.0,34.0
2023-11-07 14:00:00,224.0,683.0,153.0,0.0,0.0,56.0
2023-11-07 15:00:00,239.0,706.0,167.0,51.0,0.0,35.0
2023-11-07 16:00:00,224.0,562.0,146.0,416.0,0.0,24.0
2023-11-07 17:00:00,243.0,474.0,130.0,776.0,0.0,35.0
2023-11-07 18:00:00,209.0,470.0,123.0,898.0,0.0,28.0
2023-11-07 19:00:00,206.0,457.0,122.0,929.0,0.0,50.0
2023-11-07 20:00:00,205.0,466.0,128.0,880.0,0.0,77.0
2023-11-07 21:00:00,205.0,466.0,132.0,899.0,0.0,221.0
2023-11-07 22:00:00,205.0,432.0,132.0,879.0,0.0,215.0
2023-11-07 23:00:00,206.0,468.0,132.0,767.0,1.0,200.0
2023-11-08 00:00:00,227.0,684.0,132.0,392.0,200.0,203.0
2023-11-08 01:00:00,352.0,841.0,132.0,35.0,441.0,138.0
2023-11-08 02:00:00,363.0,939.0,132.0,0.0,432.0,87.0
2023-11-08 03:00:00,323.0,836.0,155.0,0.0,429.0,68.0
2023-11-08 04:00:00,383.0,798.0,236.0,0.0,193.0,48.0
2023-11-08 05:00:00,389.0,818.0,238.0,0.0,234.0,45.0
2023-11-08 06:00:00,286.0,757.0,241.0,0.0,197.0,32.0
2023-11-08 07:00:00,226.0,683.0,187.0,0.0,183.0,24.0
2023-11-08 08:00:00,224.0,660.0,171.0,0.0,183.0,18.0
2023-11-08 09:00:00,224.0,592.0,159.0,0.0,0.0,16.0
2023-11-08 10:00:00,226.0,596.0,154.0,0.0,0.0,12.0
2023-11-08 11:00:00,222.0,556.0,148.0,0.0,0.0,28.0
2023-11-08 12:00:00,222.0,557.0,147.0,0.0,0.0,92.0
2023-11-08 13:00:00,221.0,563.0,152.0,0.0,0.0,74.0
2023-11-08 14:00:00,221.0,598.0,205.0,0.0,0.0,72.0
2023-11-08 15:00:00,228.0,600.0,219.0,44.0,0.0,68.0
2023-11-08 16:00:00,227.0,610.0,175.0,422.0,0.0,62.0
2023-11-08 17:00:00,326.0,331.0,129.0,821.0,0.0,62.0
2023-11-08 18:00:00,253.0,311.0,117.0,938.0,0.0,60.0
2023-11-08 19:00:00,209.0,307.0,117.0,959.0,0.0,77.0
2023-11-08 20:00:00,208.0,316.0,117.0,950.0,0.0,112.0
2023-11-08 21:00:00,241.0,316.0,117.0,945.0,0.0,138.0
2023-11-08 22:00:00,210.0,413.0,117.0,903.0,0.0,158.0
2023-11-08 23:00:00,206.0,431.0,122.0,787.0,0.0,150.0
2023-11-09 00:00:00,205.0,632.0,164.0,410.0,212.0,129.0
2023-11-09 01:00:00,297.0,872.0,231.0,39.0,313.0,113.0
2023-11-09 02:00:00,406.0,877.0,246.0,0.0,343.0,77.0
2023-11-09 03:00:00,396.0,865.0,243.0,0.0,319.0,75.0
2023-11-09 04:00:00,397.0,865.0,246.0,0.0,344.0,91.0
2023-11-09 05:00:00,359.0,865.0,240.0,0.0,345.0,99.0
2023-11-09 06:00:00,323.0,864.0,234.0,0.0,326.0,85.0
2023-11-09 07:00:00,261.0,865.0,236.0,0.0,197.0,50.0
2023-11-09 08:00:00,227.0,864.0,231.0,0.0,0.0,20.0
2023-11-09 09:00:00,228.0,741.0,218.0,0.0,0.0,24.0
2023-11-09 10:00:00,222.0,551.0,214.0,0.0,0.0,30.0
2023-11-09 11:00:00,228.0,583.0,208.0,0.0,0.0,20.0
2023-11-09 12:00:00,229.0,667.0,210.0,0.0,0.0,17.0
2023-11-09 13:00:00,226.0,718.0,217.0,0.0,0.0,20.0
2023-11-09 14:00:00,273.0,757.0,219.0,0.0,0.0,19.0
2023-11-09 15:00:00,278.0,768.0,215.0,43.0,0.0,14.0
2023-11-09 16:00:00,280.0,659.0,152.0,415.0,0.0,10.0
2023-11-09 17:00:00,225.0,534.0,122.0,804.0,0.0,19.0
2023-11-09 18:00:00,215.0,535.0,116.0,916.0,0.0,27.0
2023-11-09 19:00:00,215.0,536.0,117.0,943.0,0.0,64.0
2023-11-09 20:00:00,214.0,540.0,116.0,936.0,0.0,87.0
2023-11-09 21:00:00,213.0,545.0,125.0,927.0,0.0,67.0
2023-11-09 22:00:00,213.0,545.0,135.0,879.0,0.0,51.0
2023-11-09 23:00:00,215.0,618.0,147.0,761.0,0.0,47.0
2023-11-10 00:00:00,277.0,762.0,214.0,357.0,166.0,45.0
2023-11-10 01:00:00,379.0,872.0,246.0,19.0,312.0,37.0
2023-11-10 02:00:00,450.0,838.0,246.0,0.0,302.0,18.0
2023-11-10 03:00:00,420.0,824.0,246.0,0.0,292.0,6.0
2023-11-10 04:00:00,378.0,864.0,246.0,0.0,311.0,0.0
2023-11-10 05:00:00,395.0,997.0,246.0,0.0,99.0,0.0
2023-11-10 06:00:00,352.0,1098.0,246.0,0.0,96.0,0.0
2023-11-10 07:00:00,362.0,1017.0,245.0,0.0,0.0,0.0
2023-11-10 08:00:00,279.0,1004.0,240.0,0.0,0.0,0.0
2023-11-10 09:00:00,228.0,783.0,218.0,0.0,0.0,1.0
2023-11-10 10:00:00,231.0,662.0,211.0,0.0,0.0,0.0
2023-11-10 11:00:00,228.0,655.0,167.0,0.0,0.0,0.0
2023-11-10 12:00:00,229.0,658.0,158.0,0.0,0.0,0.0
2023-11-10 13:00:00,229.0,669.0,207.0,0.0,0.0,2.0
2023-11-10 14:00:00,227.0,685.0,214.0,0.0,0.0,16.0
2023-11-10 15:00:00,227.0,739.0,215.0,40.0,0.0,5.0
2023-11-10 16:00:00,229.0,674.0,156.0,415.0,0.0,8.0
2023-11-10 17:00:00,222.0,561.0,124.0,742.0,0.0,1.0
2023-11-10 18:00:00,214.0,551.0,126.0,828.0,0.0,0.0
2023-11-10 19:00:00,214.0,552.0,127.0,840.0,0.0,0.0
2023-11-10 20:00:00,212.0,519.0,119.0,906.0,0.0,0.0
2023-11-10 21:00:00,212.0,486.0,124.0,837.0,0.0,0.0
2023-11-10 22:00:00,212.0,506.0,131.0,732.0,3.0,0.0
2023-11-10 23:00:00,214.0,449.0,157.0,629.0,3.0,0.0
2023-11-11 00:00:00,309.0,720.0,198.0,372.0,8.0,1.0
2023-11-11 01:00:00,303.0,938.0,242.0,34.0,354.0,11.0
2023-11-11 02:00:00,396.0,935.0,246.0,0.0,498.0,0.0
2023-11-11 03:00:00,369.0,895.0,244.0,0.0,485.0,1.0
2023-11-11 04:00:00,348.0,946.0,242.0,0.0,297.0,3.0
2023-11-11 05:00:00,296.0,865.0,242.0,0.0,351.0,1.0
2023-11-11 06:00:00,290.0,827.0,237.0,0.0,323.0,0.0
2023-11-11 07:00:00,317.0,806.0,227.0,0.0,197.0,0.0
2023-11-11 08:00:00,251.0,789.0,219.0,0.0,188.0,0.0
2023-11-11 09:00:00,229.0,708.0,169.0,0.0,220.0,0.0
2023-11-11 10:00:00,229.0,814.0,155.0,0.0,0.0,0.0
2023-11-11 11:00:00,228.0,770.0,153.0,0.0,0.0,0.0
2023-11-11 12:00:00,228.0,786.0,150.0,0.0,0.0,9.0
2023-11-11 13:00:00,228.0,709.0,149.0,0.0,0.0,3.0
2023-11-11 14:00:00,227.0,787.0,152.0,0.0,0.0,0.0
2023-11-11 15:00:00,228.0,791.0,136.0,38.0,0.0,7.0
2023-11-11 16:00:00,228.0,459.0,123.0,401.0,10.0,21.0
2023-11-11 17:00:00,222.0,380.0,110.0,794.0,0.0,7.0
2023-11-11 18:00:00,215.0,380.0,111.0,897.0,0.0,6.0
2023-11-11 19:00:00,214.0,379.0,111.0,910.0,0.0,1.0
2023-11-11 20:00:00,213.0,378.0,112.0,900.0,0.0,4.0
2023-11-11 21:00:00,212.0,378.0,115.0,888.0,0.0,17.0
2023-11-11 22:00:00,212.0,377.0,115.0,844.0,0.0,16.0
2023-11-11 23:00:00,214.0,448.0,114.0,735.0,0.0,2.0
2023-11-12 00:00:00,273.0,703.0,148.0,367.0,116.0,0.0
2023-11-12 01:00:00,270.0,1009.0,214.0,31.0,356.0,0.0
2023-11-12 02:00:00,296.0,1064.0,226.0,0.0,301.0,0.0
2023-11-12 03:00:00,323.0,895.0,227.0,0.0,301.0,0.0
2023-11-12 04:00:00,284.0,736.0,230.0,0.0,300.0,0.0
2023-11-12 05:00:00,258.0,655.0,217.0,0.0,299.0,0.0
2023-11-12 06:00:00,273.0,674.0,221.0,0.0,288.0,0.0
2023-11-12 07:00:00,316.0,711.0,226.0,0.0,191.0,0.0
2023-11-12 08:00:00,239.0,552.0,224.0,0.0,183.0,0.0
2023-11-12 09:00:00,221.0,730.0,159.0,0.0,0.0,0.0
2023-11-12 10:00:00,220.0,704.0,144.0,0.0,0.0,0.0
2023-11-12 11:00:00,220.0,571.0,142.0,0.0,0.0,0.0
2023-11-12 12:00:00,221.0,591.0,141.0,0.0,0.0,0.0
2023-11-12 13:00:00,221.0,591.0,134.0,0.0,0.0,0.0
2023-11-12 14:00:00,220.0,636.0,137.0,0.0,0.0,0.0
2023-11-12 15:00:00,220.0,602.0,133.0,36.0,0.0,13.0
2023-11-12 16:00:00,218.0,370.0,111.0,397.0,0.0,12.0
2023-11-12 17:00:00,216.0,332.0,110.0,794.0,0.0,1.0
2023-11-12 18:00:00,215.0,330.0,111.0,899.0,0.0,0.0
2023-11-12 19:00:00,212.0,330.0,111.0,910.0,0.0,0.0
2023-11-12 20:00:00,212.0,330.0,112.0,896.0,0.0,1.0
2023-11-12 21:00:00,213.0,331.0,112.0,881.0,0.0,0.0
2023-11-12 22:00:00,213.0,332.0,112.0,837.0,0.0,1.0
2023-11-12 23:00:00,242.0,422.0,113.0,698.0,0.0,0.0
2023-11-13 00:00:00,344.0,751.0,144.0,340.0,170.0,0.0
2023-11-13 01:00:00,395.0,934.0,214.0,32.0,334.0,0.0
2023-11-13 02:00:00,476.0,1072.0,220.0,0.0,297.0,1.0
2023-11-13 03:00:00,406.0,1118.0,221.0,0.0,295.0,2.0
2023-11-13 04:00:00,330.0,1045.0,217.0,0.0,296.0,5.0
2023-11-13 05:00:00,289.0,971.0,215.0,0.0,296.0,7.0
2023-11-13 06:00:00,231.0,909.0,215.0,0.0,297.0,15.0
2023-11-13 07:00:00,226.0,843.0,220.0,0.0,295.0,14.0
2023-11-13 08:00:00,325.0,518.0,213.0,0.0,105.0,21.0
2023-11-13 09:00:00,259.0,808.0,158.0,0.0,108.0,27.0
2023-11-13 10:00:00,251.0,760.0,132.0,0.0,108.0,34.0
2023-11-13 11:00:00,224.0,745.0,137.0,0.0,108.0,23.0
2023-11-13 12:00:00,222.0,700.0,135.0,0.0,108.0,28.0
2023-11-13 13:00:00,242.0,679.0,156.0,0.0,108.0,52.0
2023-11-13 14:00:00,276.0,680.0,204.0,0.0,108.0,19.0
2023-11-13 15:00:00,307.0,685.0,206.0,30.0,108.0,15.0
2023-11-13 16:00:00,232.0,746.0,194.0,187.0,108.0,29.0
2023-11-13 17:00:00,214.0,627.0,131.0,484.0,108.0,21.0
2023-11-13 18:00:00,208.0,636.0,121.0,487.0,107.0,56.0
2023-11-13 19:00:00,206.0,670.0,123.0,592.0,110.0,121.0
2023-11-13 20:00:00,206.0,690.0,124.0,567.0,113.0,167.0
2023-11-13 21:00:00,205.0,622.0,123.0,553.0,113.0,178.0
2023-11-13 22:00:00,204.0,633.0,127.0,477.0,115.0,206.0
2023-11-13 23:00:00,208.0,738.0,134.0,312.0,118.0,161.0
2023-11-14 00:00:00,301.0,849.0,209.0,246.0,117.0,118.0
2023-11-14 01:00:00,396.0,972.0,242.0,25.0,117.0,102.0
2023-11-14 02:00:00,409.0,973.0,244.0,0.0,319.0,80.0
2023-11-14 03:00:00,385.0,972.0,246.0,0.0,306.0,52.0
2023-11-14 04:00:00,402.0,974.0,246.0,0.0,306.0,38.0
2023-11-14 05:00:00,367.0,972.0,246.0,0.0,305.0,19.0
2023-11-14 06:00:00,294.0,1039.0,244.0,0.0,288.0,12.0
2023-11-14 07:00:00,229.0,1131.0,234.0,0.0,119.0,23.0
2023-11-14 08:00:00,225.0,875.0,219.0,0.0,120.0,11.0
2023-11-14 09:00:00,222.0,946.0,215.0,0.0,119.0,13.0
2023-11-14 10:00:00,221.0,881.0,213.0,0.0,119.0,30.0
2023-11-14 11:00:00,220.0,868.0,213.0,0.0,119.0,30.0
2023-11-14 12:00:00,220.0,877.0,212.0,0.0,120.0,8.0
2023-11-14 13:00:00,220.0,872.0,202.0,0.0,120.0,14.0
2023-11-14 14:00:00,216.0,882.0,205.0,0.0,120.0,11.0
2023-11-14 15:00:00,238.0,884.0,218.0,29.0,120.0,12.0
2023-11-14 16:00:00,227.0,589.0,216.0,353.0,125.0,0.0
2023-11-14 17:00:00,226.0,382.0,141.0,711.0,0.0,0.0
2023-11-14 18:00:00,222.0,383.0,119.0,820.0,0.0,20.0
2023-11-14 19:00:00,221.0,394.0,118.0,877.0,0.0,81.0
2023-11-14 20:00:00,221.0,380.0,115.0,866.0,0.0,192.0
2023-11-14 21:00:00,221.0,376.0,115.0,846.0,0.0,207.0
2023-11-14 22:00:00,219.0,402.0,122.0,801.0,0.0,207.0
2023-11-14 23:00:00,220.0,531.0,154.0,684.0,122.0,193.0
2023-11-15 00:00:00,238.0,843.0,230.0,342.0,128.0,123.0
2023-11-15 01:00:00,285.0,1075.0,243.0,26.0,124.0,57.0
2023-11-15 02:00:00,291.0,1070.0,246.0,0.0,358.0,46.0
2023-11-15 03:00:00,293.0,1075.0,246.0,0.0,366.0,75.0
2023-11-15 04:00:00,292.0,1078.0,246.0,0.0,367.0,51.0
2023-11-15 05:00:00,279.0,1080.0,246.0,0.0,365.0,26.0
2023-11-15 06:00:00,226.0,1080.0,245.0,0.0,363.0,21.0
2023-11-15 07:00:00,225.0,1061.0,233.0,0.0,130.0,4.0
2023-11-15 08:00:00,226.0,973.0,223.0,0.0,122.0,6.0
2023-11-15 09:00:00,224.0,889.0,220.0,0.0,123.0,12.0
2023-11-15 10:00:00,228.0,888.0,213.0,0.0,123.0,16.0
2023-11-15 11:00:00,222.0,889.0,211.0,0.0,124.0,12.0
2023-11-15 12:00:00,231.0,889.0,210.0,0.0,123.0,3.0
2023-11-15 13:00:00,221.0,888.0,218.0,0.0,124.0,0.0
2023-11-15 14:00:00,216.0,891.0,218.0,0.0,124.0,0.0
2023-11-15 15:00:00,218.0,979.0,234.0,12.0,124.0,0.0
2023-11-15 16:00:00,223.0,905.0,219.0,133.0,122.0,0.0
2023-11-15 17:00:00,325.0,656.0,192.0,335.0,123.0,0.0
2023-11-15 18:00:00,432.0,681.0,189.0,478.0,122.0,0.0
2023-11-15 19:00:00,360.0,917.0,206.0,499.0,116.0,17.0
2023-11-15 20:00:00,484.0,922.0,211.0,401.0,113.0,110.0
2023-11-15 21:00:00,551.0,927.0,215.0,258.0,115.0,140.0
2023-11-15 22:00:00,599.0,1016.0,223.0,162.0,114.0,136.0
2023-11-15 23:00:00,490.0,1180.0,230.0,83.0,112.0,59.0
2023-11-16 00:00:00,335.0,1179.0,227.0,24.0,337.0,81.0
2023-11-16 01:00:00,283.0,1180.0,246.0,8.0,350.0,72.0
2023-11-16 02:00:00,384.0,1180.0,246.0,0.0,349.0,56.0
2023-11-16 03:00:00,332.0,1181.0,246.0,0.0,347.0,95.0
2023-11-16 04:00:00,296.0,1182.0,246.0,0.0,329.0,124.0
2023-11-16 05:00:00,294.0,1182.0,246.0,0.0,308.0,221.0
2023-11-16 06:00:00,249.0,1180.0,246.0,0.0,302.0,190.0
2023-11-16 07:00:00,273.0,1178.0,244.0,0.0,17.0,182.0
2023-11-16 08:00:00,228.0,1077.0,225.0,0.0,13.0,225.0
2023-11-16 09:00:00,241.0,874.0,218.0,0.0,13.0,187.0
2023-11-16 10:00:00,228.0,654.0,207.0,0.0,13.0,165.0
2023-11-16 11:00:00,225.0,532.0,197.0,0.0,13.0,114.0
2023-11-16 12:00:00,227.0,529.0,195.0,0.0,13.0,130.0
2023-11-16 13:00:00,252.0,591.0,198.0,0.0,13.0,137.0
2023-11-16 14:00:00,235.0,853.0,215.0,0.0,14.0,152.0
2023-11-16 15:00:00,230.0,882.0,233.0,4.0,14.0,145.0
2023-11-16 16:00:00,236.0,881.0,222.0,54.0,18.0,151.0
2023-11-16 17:00:00,231.0,866.0,206.0,170.0,0.0,114.0
2023-11-16 18:00:00,235.0,719.0,204.0,333.0,0.0,96.0
2023-11-16 19:00:00,272.0,572.0,143.0,446.0,0.0,96.0
2023-11-16 20:00:00,233.0,612.0,163.0,521.0,0.0,93.0
2023-11-16 21:00:00,227.0,618.0,186.0,719.0,0.0,76.0
2023-11-16 22:00:00,230.0,611.0,142.0,737.0,0.0,77.0
2023-11-16 23:00:00,228.0,582.0,166.0,688.0,125.0,69.0
2023-11-17 00:00:00,304.0,625.0,233.0,308.0,127.0,37.0
2023-11-17 01:00:00,295.0,811.0,247.0,21.0,354.0,21.0
2023-11-17 02:00:00,358.0,955.0,246.0,0.0,317.0,8.0
2023-11-17 03:00:00,447.0,1078.0,246.0,0.0,128.0,18.0
2023-11-17 04:00:00,472.0,1079.0,246.0,0.0,126.0,43.0
2023-11-17 05:00:00,474.0,1079.0,246.0,0.0,107.0,90.0
2023-11-17 06:00:00,466.0,1075.0,245.0,0.0,16.0,67.0
2023-11-17 07:00:00,439.0,1067.0,235.0,0.0,16.0,19.0
2023-11-17 08:00:00,345.0,1042.0,223.0,0.0,13.0,20.0
2023-11-17 09:00:00,321.0,983.0,226.0,0.0,12.0,7.0
2023-11-17 10:00:00,311.0,885.0,221.0,0.0,6.0,7.0
2023-11-17 11:00:00,283.0,883.0,219.0,0.0,3.0,6.0
2023-11-17 12:00:00,265.0,885.0,218.0,0.0,11.0,2.0
2023-11-17 13:00:00,297.0,886.0,218.0,0.0,11.0,0.0
2023-11-17 14:00:00,368.0,885.0,218.0,0.0,11.0,0.0
2023-11-17 15:00:00,327.0,883.0,229.0,7.0,11.0,1.0
2023-11-17 16:00:00,362.0,715.0,213.0,197.0,10.0,0.0
2023-11-17 17:00:00,254.0,379.0,147.0,352.0,99.0,0.0
2023-11-17 18:00:00,281.0,346.0,130.0,620.0,119.0,3.0
2023-11-17 19:00:00,253.0,353.0,131.0,815.0,118.0,2.0
2023-11-17 20:00:00,231.0,444.0,126.0,785.0,119.0,3.0
2023-11-17 21:00:00,228.0,469.0,133.0,711.0,119.0,8.0
2023-11-17 22:00:00,228.0,516.0,148.0,650.0,119.0,9.0
2023-11-17 23:00:00,224.0,528.0,160.0,611.0,122.0,2.0
2023-11-18 00:00:00,224.0,868.0,230.0,228.0,122.0,3.0
2023-11-18 01:00:00,319.0,1152.0,247.0,13.0,333.0,0.0
2023-11-18 02:00:00,427.0,1189.0,246.0,0.0,310.0,0.0
2023-11-18 03:00:00,437.0,1192.0,246.0,0.0,309.0,0.0
2023-11-18 04:00:00,362.0,1193.0,246.0,0.0,303.0,0.0
2023-11-18 05:00:00,477.0,1193.0,246.0,0.0,114.0,0.0
2023-11-18 06:00:00,537.0,1193.0,246.0,0.0,17.0,3.0
2023-11-18 07:00:00,486.0,1193.0,243.0,0.0,13.0,6.0
2023-11-18 08:00:00,382.0,1135.0,237.0,0.0,14.0,3.0
2023-11-18 09:00:00,261.0,1031.0,230.0,0.0,13.0,3.0
2023-11-18 10:00:00,230.0,997.0,223.0,0.0,13.0,8.0
2023-11-18 11:00:00,233.0,886.0,219.0,0.0,13.0,20.0
2023-11-18 12:00:00,234.0,885.0,213.0,0.0,14.0,30.0
2023-11-18 13:00:00,220.0,903.0,210.0,0.0,14.0,22.0
2023-11-18 14:00:00,209.0,941.0,211.0,0.0,14.0,9.0
2023-11-18 15:00:00,223.0,948.0,202.0,16.0,13.0,26.0
2023-11-18 16:00:00,230.0,532.0,183.0,190.0,15.0,39.0
2023-11-18 17:00:00,230.0,390.0,132.0,657.0,0.0,22.0
2023-11-18 18:00:00,230.0,300.0,108.0,858.0,0.0,65.0
2023-11-18 19:00:00,228.0,298.0,110.0,885.0,0.0,71.0
2023-11-18 20:00:00,228.0,297.0,110.0,823.0,0.0,125.0
2023-11-18 21:00:00,227.0,295.0,111.0,772.0,0.0,172.0
2023-11-18 22:00:00,226.0,278.0,113.0,788.0,0.0,178.0
2023-11-18 23:00:00,226.0,284.0,122.0,682.0,0.0,178.0
2023-11-19 00:00:00,229.0,498.0,183.0,302.0,125.0,172.0
2023-11-19 01:00:00,341.0,806.0,204.0,18.0,133.0,179.0
2023-11-19 02:00:00,430.0,958.0,214.0,0.0,143.0,170.0
2023-11-19 03:00:00,456.0,970.0,229.0,0.0,127.0,149.0
2023-11-19 04:00:00,515.0,975.0,221.0,0.0,127.0,178.0
2023-11-19 05:00:00,419.0,973.0,214.0,0.0,119.0,183.0
2023-11-19 06:00:00,409.0,951.0,218.0,0.0,17.0,173.0
2023-11-19 07:00:00,369.0,912.0,229.0,0.0,17.0,225.0
2023-11-19 08:00:00,255.0,838.0,217.0,0.0,17.0,157.0
2023-11-19 09:00:00,229.0,606.0,213.0,0.0,17.0,140.0
2023-11-19 10:00:00,228.0,507.0,204.0,0.0,17.0,157.0
2023-11-19 11:00:00,227.0,455.0,198.0,0.0,17.0,130.0
2023-11-19 12:00:00,228.0,448.0,198.0,0.0,17.0,132.0
2023-11-19 13:00:00,227.0,507.0,196.0,0.0,17.0,146.0
2023-11-19 14:00:00,227.0,668.0,196.0,0.0,17.0,30.0
2023-11-19 15:00:00,227.0,767.0,188.0,18.0,18.0,42.0
2023-11-19 16:00:00,227.0,398.0,135.0,312.0,0.0,22.0
2023-11-19 17:00:00,224.0,284.0,110.0,741.0,0.0,17.0
2023-11-19 18:00:00,222.0,283.0,110.0,844.0,0.0,19.0
2023-11-19 19:00:00,221.0,284.0,111.0,877.0,0.0,19.0
2023-11-19 20:00:00,221.0,283.0,111.0,908.0,0.0,25.0
2023-11-19 21:00:00,221.0,283.0,111.0,900.0,0.0,34.0
2023-11-19 22:00:00,224.0,283.0,111.0,858.0,0.0,80.0
2023-11-19 23:00:00,225.0,283.0,112.0,731.0,0.0,216.0
2023-11-20 00:00:00,226.0,357.0,130.0,337.0,0.0,199.0
2023-11-20 01:00:00,239.0,597.0,189.0,21.0,110.0,233.0
2023-11-20 02:00:00,282.0,789.0,209.0,0.0,126.0,226.0
2023-11-20 03:00:00,246.0,765.0,215.0,0.0,126.0,228.0
2023-11-20 04:00:00,229.0,667.0,203.0,0.0,126.0,228.0
2023-11-20 05:00:00,228.0,687.0,201.0,0.0,112.0,204.0
2023-11-20 06:00:00,228.0,705.0,203.0,0.0,17.0,203.0
2023-11-20 07:00:00,227.0,422.0,217.0,0.0,17.0,213.0
2023-11-20 08:00:00,228.0,468.0,217.0,0.0,17.0,181.0
2023-11-20 09:00:00,227.0,508.0,201.0,0.0,17.0,161.0
2023-11-20 10:00:00,227.0,503.0,199.0,0.0,18.0,113.0
2023-11-20 11:00:00,227.0,503.0,198.0,0.0,17.0,84.0
2023-11-20 12:00:00,227.0,477.0,189.0,0.0,17.0,102.0
2023-11-20 13:00:00,227.0,570.0,205.0,0.0,17.0,126.0
2023-11-20 14:00:00,224.0,734.0,214.0,0.0,17.0,86.0
2023-11-20 15:00:00,224.0,791.0,224.0,19.0,17.0,67.0
2023-11-20 16:00:00,228.0,671.0,195.0,313.0,17.0,64.0
2023-11-20 17:00:00,228.0,390.0,132.0,739.0,0.0,66.0
2023-11-20 18:00:00,230.0,284.0,117.0,877.0,0.0,80.0
2023-11-20 19:00:00,229.0,284.0,117.0,911.0,0.0,98.0
2023-11-20 20:00:00,228.0,283.0,117.0,914.0,0.0,117.0
2023-11-20 21:00:00,227.0,282.0,117.0,905.0,0.0,111.0
2023-11-20 22:00:00,227.0,282.0,126.0,866.0,0.0,103.0
2023-11-20 23:00:00,228.0,285.0,145.0,732.0,0.0,94.0
2023-11-21 00:00:00,262.0,594.0,199.0,328.0,178.0,81.0
2023-11-21 01:00:00,313.0,872.0,215.0,20.0,359.0,87.0
2023-11-21 02:00:00,420.0,887.0,234.0,0.0,368.0,88.0
2023-11-21 03:00:00,353.0,959.0,235.0,0.0,364.0,61.0
2023-11-21 04:00:00,352.0,969.0,235.0,0.0,129.0,38.0
2023-11-21 05:00:00,337.0,966.0,236.0,0.0,120.0,52.0
2023-11-21 06:00:00,334.0,983.0,233.0,0.0,19.0,40.0
2023-11-21 07:00:00,275.0,949.0,232.0,0.0,17.0,34.0
2023-11-21 08:00:00,235.0,953.0,226.0,0.0,17.0,22.0
2023-11-21 09:00:00,233.0,896.0,216.0,0.0,17.0,31.0
2023-11-21 10:00:00,223.0,908.0,202.0,0.0,17.0,37.0
2023-11-21 11:00:00,221.0,959.0,196.0,0.0,17.0,18.0
2023-11-21 12:00:00,219.0,888.0,194.0,0.0,17.0,15.0
2023-11-21 13:00:00,218.0,880.0,192.0,0.0,17.0,17.0
2023-11-21 14:00:00,216.0,882.0,204.0,0.0,17.0,1.0
2023-11-21 15:00:00,285.0,881.0,214.0,18.0,17.0,3.0
2023-11-21 16:00:00,231.0,715.0,202.0,312.0,19.0,2.0
2023-11-21 17:00:00,218.0,397.0,134.0,743.0,0.0,0.0
2023-11-21 18:00:00,207.0,397.0,118.0,874.0,0.0,0.0
2023-11-21 19:00:00,206.0,384.0,117.0,900.0,0.0,0.0
2023-11-21 20:00:00,205.0,383.0,117.0,898.0,0.0,1.0
2023-11-21 21:00:00,203.0,383.0,117.0,885.0,0.0,2.0
2023-11-21 22:00:00,203.0,448.0,120.0,842.0,0.0,6.0
2023-11-21 23:00:00,207.0,547.0,153.0,701.0,125.0,7.0
2023-11-22 00:00:00,287.0,806.0,213.0,277.0,128.0,9.0
2023-11-22 01:00:00,417.0,1023.0,239.0,19.0,364.0,22.0
2023-11-22 02:00:00,476.0,1021.0,246.0,0.0,365.0,23.0
2023-11-22 03:00:00,405.0,1016.0,244.0,0.0,365.0,9.0
2023-11-22 04:00:00,328.0,1092.0,244.0,0.0,367.0,1.0
2023-11-22 05:00:00,373.0,1070.0,243.0,0.0,350.0,0.0
2023-11-22 06:00:00,359.0,1060.0,234.0,0.0,257.0,0.0
2023-11-22 07:00:00,310.0,1034.0,224.0,0.0,255.0,0.0
2023-11-22 08:00:00,362.0,979.0,216.0,0.0,25.0,0.0
2023-11-22 09:00:00,256.0,996.0,219.0,0.0,17.0,0.0
2023-11-22 10:00:00,230.0,924.0,217.0,0.0,17.0,0.0
2023-11-22 11:00:00,229.0,853.0,214.0,0.0,17.0,0.0
2023-11-22 12:00:00,229.0,855.0,211.0,0.0,17.0,0.0
2023-11-22 13:00:00,229.0,868.0,212.0,0.0,17.0,0.0
2023-11-22 14:00:00,228.0,887.0,219.0,0.0,17.0,0.0
2023-11-22 15:00:00,228.0,886.0,208.0,16.0,17.0,3.0
2023-11-22 16:00:00,228.0,607.0,188.0,282.0,18.0,5.0
2023-11-22 17:00:00,222.0,352.0,130.0,686.0,125.0,0.0
2023-11-22 18:00:00,215.0,279.0,120.0,840.0,0.0,0.0
2023-11-22 19:00:00,214.0,279.0,121.0,875.0,0.0,0.0
2023-11-22 20:00:00,214.0,278.0,120.0,858.0,0.0,0.0
2023-11-22 21:00:00,213.0,278.0,120.0,852.0,0.0,0.0
2023-11-22 22:00:00,213.0,279.0,117.0,823.0,130.0,0.0
2023-11-22 23:00:00,215.0,458.0,137.0,610.0,131.0,0.0
2023-11-23 00:00:00,293.0,856.0,219.0,237.0,131.0,4.0
2023-11-23 01:00:00,368.0,969.0,243.0,16.0,367.0,17.0
2023-11-23 02:00:00,379.0,970.0,246.0,0.0,370.0,11.0
2023-11-23 03:00:00,287.0,922.0,246.0,0.0,371.0,7.0
2023-11-23 04:00:00,261.0,951.0,246.0,0.0,371.0,0.0
2023-11-23 05:00:00,297.0,964.0,246.0,0.0,363.0,0.0
2023-11-23 06:00:00,362.0,976.0,245.0,0.0,21.0,0.0
2023-11-23 07:00:00,341.0,971.0,239.0,0.0,17.0,0.0
2023-11-23 08:00:00,264.0,959.0,232.0,0.0,17.0,0.0
2023-11-23 09:00:00,232.0,825.0,217.0,0.0,17.0,4.0
2023-11-23 10:00:00,229.0,747.0,214.0,0.0,17.0,5.0
2023-11-23 11:00:00,227.0,762.0,212.0,0.0,17.0,5.0
2023-11-23 12:00:00,227.0,634.0,206.0,0.0,12.0,11.0
2023-11-23 13:00:00,228.0,705.0,208.0,0.0,14.0,12.0
2023-11-23 14:00:00,227.0,512.0,205.0,0.0,14.0,21.0
2023-11-23 15:00:00,227.0,486.0,188.0,9.0,14.0,20.0
2023-11-23 16:00:00,227.0,484.0,164.0,87.0,16.0,19.0
2023-11-23 17:00:00,224.0,520.0,164.0,300.0,0.0,12.0
2023-11-23 18:00:00,220.0,381.0,110.0,514.0,0.0,9.0
2023-11-23 19:00:00,216.0,444.0,110.0,624.0,0.0,7.0
2023-11-23 20:00:00,215.0,442.0,114.0,592.0,0.0,20.0
2023-11-23 21:00:00,213.0,442.0,113.0,767.0,0.0,28.0
2023-11-23 22:00:00,215.0,445.0,113.0,786.0,0.0,21.0
2023-11-23 23:00:00,218.0,446.0,117.0,668.0,0.0,29.0
2023-11-24 00:00:00,215.0,602.0,142.0,309.0,126.0,60.0
2023-11-24 01:00:00,216.0,753.0,202.0,16.0,126.0,30.0
2023-11-24 02:00:00,276.0,754.0,225.0,0.0,126.0,10.0
2023-11-24 03:00:00,227.0,745.0,216.0,0.0,126.0,16.0
2023-11-24 04:00:00,285.0,736.0,206.0,0.0,126.0,18.0
2023-11-24 05:00:00,273.0,752.0,216.0,0.0,120.0,15.0
2023-11-24 06:00:00,245.0,755.0,218.0,0.0,17.0,15.0
2023-11-24 07:00:00,229.0,760.0,223.0,0.0,17.0,18.0
2023-11-24 08:00:00,228.0,661.0,215.0,0.0,12.0,18.0
2023-11-24 09:00:00,227.0,743.0,163.0,0.0,13.0,17.0
2023-11-24 10:00:00,228.0,600.0,200.0,0.0,13.0,14.0
2023-11-24 11:00:00,227.0,645.0,154.0,0.0,13.0,11.0
2023-11-24 12:00:00,227.0,724.0,148.0,0.0,13.0,8.0
2023-11-24 13:00:00,227.0,754.0,207.0,0.0,13.0,13.0
2023-11-24 14:00:00,227.0,764.0,206.0,0.0,13.0,56.0
2023-11-24 15:00:00,227.0,777.0,196.0,8.0,13.0,54.0
2023-11-24 16:00:00,227.0,660.0,156.0,175.0,16.0,57.0
2023-11-24 17:00:00,220.0,454.0,111.0,539.0,0.0,59.0
2023-11-24 18:00:00,210.0,444.0,109.0,728.0,0.0,36.0
2023-11-24 19:00:00,207.0,454.0,110.0,803.0,0.0,22.0
2023-11-24 20:00:00,207.0,457.0,110.0,854.0,0.0,12.0
2023-11-24 21:00:00,206.0,476.0,113.0,828.0,0.0,12.0
2023-11-24 22:00:00,206.0,495.0,113.0,805.0,0.0,21.0
2023-11-24 23:00:00,206.0,498.0,119.0,618.0,0.0,12.0
2023-11-25 00:00:00,205.0,643.0,186.0,277.0,116.0,1.0
2023-11-25 01:00:00,210.0,768.0,210.0,20.0,358.0,9.0
2023-11-25 02:00:00,215.0,784.0,227.0,0.0,367.0,10.0
2023-11-25 03:00:00,215.0,886.0,228.0,0.0,368.0,17.0
2023-11-25 04:00:00,216.0,1028.0,228.0,0.0,371.0,15.0
2023-11-25 05:00:00,214.0,1030.0,227.0,0.0,371.0,24.0
2023-11-25 06:00:00,213.0,1032.0,219.0,0.0,370.0,31.0
2023-11-25 07:00:00,226.0,1033.0,220.0,0.0,369.0,24.0
2023-11-25 08:00:00,232.0,1034.0,219.0,0.0,362.0,10.0
2023-11-25 09:00:00,228.0,1035.0,219.0,0.0,316.0,3.0
2023-11-25 10:00:00,227.0,1036.0,218.0,0.0,307.0,15.0
2023-11-25 11:00:00,227.0,1038.0,216.0,0.0,251.0,30.0
2023-11-25 12:00:00,227.0,1038.0,212.0,0.0,253.0,55.0
2023-11-25 13:00:00,227.0,1035.0,213.0,1.0,247.0,76.0
2023-11-25 14:00:00,225.0,1036.0,213.0,1.0,207.0,45.0
2023-11-25 15:00:00,220.0,997.0,208.0,12.0,204.0,43.0
2023-11-25 16:00:00,228.0,600.0,152.0,272.0,16.0,19.0
2023-11-25 17:00:00,223.0,314.0,107.0,712.0,0.0,22.0
2023-11-25 18:00:00,221.0,297.0,107.0,866.0,0.0,36.0
2023-11-25 19:00:00,219.0,298.0,108.0,899.0,0.0,24.0
2023-11-25 20:00:00,218.0,297.0,108.0,897.0,0.0,19.0
2023-11-25 21:00:00,217.0,298.0,108.0,885.0,0.0,26.0
2023-11-25 22:00:00,218.0,296.0,108.0,839.0,0.0,14.0
2023-11-25 23:00:00,214.0,302.0,109.0,701.0,0.0,10.0
2023-11-26 00:00:00,231.0,509.0,148.0,311.0,121.0,12.0
2023-11-26 01:00:00,213.0,770.0,203.0,17.0,343.0,19.0
2023-11-26 02:00:00,225.0,776.0,220.0,0.0,365.0,19.0
2023-11-26 03:00:00,227.0,780.0,234.0,0.0,366.0,27.0
2023-11-26 04:00:00,216.0,850.0,236.0,0.0,365.0,17.0
2023-11-26 05:00:00,210.0,995.0,235.0,0.0,353.0,8.0
2023-11-26 06:00:00,206.0,1034.0,235.0,0.0,256.0,7.0
2023-11-26 07:00:00,225.0,1034.0,235.0,0.0,255.0,5.0
2023-11-26 08:00:00,232.0,1035.0,235.0,0.0,255.0,3.0
2023-11-26 09:00:00,228.0,1035.0,234.0,0.0,254.0,9.0
2023-11-26 10:00:00,231.0,1038.0,235.0,0.0,206.0,9.0
2023-11-26 11:00:00,229.0,1038.0,226.0,0.0,23.0,1.0
2023-11-26 12:00:00,229.0,1038.0,201.0,0.0,17.0,0.0
2023-11-26 13:00:00,225.0,1037.0,201.0,0.0,17.0,0.0
2023-11-26 14:00:00,223.0,1036.0,198.0,0.0,17.0,0.0
2023-11-26 15:00:00,227.0,1039.0,190.0,10.0,17.0,0.0
2023-11-26 16:00:00,227.0,801.0,171.0,173.0,17.0,0.0
2023-11-26 17:00:00,220.0,466.0,117.0,539.0,0.0,0.0
2023-11-26 18:00:00,215.0,459.0,109.0,700.0,0.0,2.0
2023-11-26 19:00:00,211.0,448.0,109.0,814.0,0.0,12.0
2023-11-26 20:00:00,209.0,448.0,109.0,816.0,0.0,20.0
2023-11-26 21:00:00,210.0,477.0,109.0,802.0,0.0,11.0
2023-11-26 22:00:00,210.0,483.0,110.0,745.0,0.0,11.0
2023-11-26 23:00:00,215.0,684.0,128.0,421.0,120.0,20.0
2023-11-27 00:00:00,249.0,843.0,175.0,130.0,211.0,26.0
2023-11-27 01:00:00,334.0,977.0,193.0,10.0,348.0,24.0
2023-11-27 02:00:00,425.0,893.0,212.0,2.0,402.0,12.0
2023-11-27 03:00:00,452.0,873.0,218.0,0.0,365.0,4.0
2023-11-27 04:00:00,343.0,884.0,218.0,0.0,364.0,0.0
2023-11-27 05:00:00,368.0,983.0,219.0,0.0,118.0,2.0
2023-11-27 06:00:00,419.0,1123.0,222.0,0.0,17.0,3.0
2023-11-27 07:00:00,436.0,1132.0,234.0,0.0,17.0,0.0
2023-11-27 08:00:00,329.0,1103.0,223.0,0.0,17.0,0.0
2023-11-27 09:00:00,229.0,1092.0,218.0,0.0,17.0,1.0
2023-11-27 10:00:00,221.0,1038.0,215.0,0.0,17.0,3.0
2023-11-27 11:00:00,219.0,1037.0,214.0,0.0,17.0,4.0
2023-11-27 12:00:00,221.0,1036.0,211.0,0.0,17.0,3.0
2023-11-27 13:00:00,223.0,1035.0,212.0,0.0,17.0,4.0
2023-11-27 14:00:00,269.0,1036.0,219.0,0.0,17.0,4.0
2023-11-27 15:00:00,246.0,1096.0,217.0,5.0,18.0,0.0
2023-11-27 16:00:00,247.0,1156.0,210.0,247.0,21.0,0.0
2023-11-27 17:00:00,215.0,724.0,149.0,690.0,0.0,0.0
2023-11-27 18:00:00,205.0,362.0,123.0,860.0,0.0,2.0
2023-11-27 19:00:00,202.0,426.0,127.0,860.0,0.0,16.0
2023-11-27 20:00:00,201.0,431.0,127.0,844.0,0.0,29.0
2023-11-27 21:00:00,200.0,413.0,123.0,856.0,0.0,31.0
2023-11-27 22:00:00,201.0,368.0,123.0,832.0,131.0,45.0
2023-11-27 23:00:00,246.0,604.0,139.0,679.0,133.0,41.0
2023-11-28 00:00:00,344.0,1020.0,203.0,157.0,128.0,45.0
2023-11-28 01:00:00,422.0,1122.0,230.0,10.0,271.0,32.0
2023-11-28 02:00:00,476.0,1123.0,238.0,0.0,369.0,18.0
2023-11-28 03:00:00,501.0,1128.0,237.0,0.0,368.0,6.0
2023-11-28 04:00:00,437.0,1133.0,234.0,0.0,368.0,0.0
2023-11-28 05:00:00,475.0,981.0,237.0,0.0,359.0,0.0
2023-11-28 06:00:00,510.0,933.0,241.0,0.0,259.0,0.0
2023-11-28 07:00:00,484.0,934.0,223.0,0.0,259.0,0.0
2023-11-28 08:00:00,360.0,924.0,231.0,0.0,257.0,0.0
2023-11-28 09:00:00,394.0,920.0,219.0,0.0,26.0,0.0
2023-11-28 10:00:00,320.0,918.0,215.0,0.0,24.0,0.0
2023-11-28 11:00:00,245.0,916.0,208.0,0.0,24.0,0.0
2023-11-28 12:00:00,241.0,917.0,206.0,0.0,24.0,0.0
2023-11-28 13:00:00,244.0,920.0,208.0,0.0,24.0,0.0
2023-11-28 14:00:00,409.0,931.0,211.0,0.0,24.0,0.0
2023-11-28 15:00:00,533.0,934.0,228.0,8.0,24.0,0.0
2023-11-28 16:00:00,537.0,861.0,209.0,240.0,24.0,0.0
2023-11-28 17:00:00,407.0,382.0,135.0,688.0,118.0,0.0
2023-11-28 18:00:00,253.0,316.0,111.0,811.0,134.0,0.0
2023-11-28 19:00:00,222.0,327.0,122.0,735.0,134.0,2.0
2023-11-28 20:00:00,221.0,353.0,119.0,848.0,134.0,3.0
2023-11-28 21:00:00,215.0,413.0,111.0,845.0,134.0,1.0
2023-11-28 22:00:00,207.0,446.0,115.0,742.0,134.0,0.0
2023-11-28 23:00:00,214.0,449.0,126.0,643.0,134.0,0.0
2023-11-29 00:00:00,372.0,688.0,188.0,287.0,140.0,0.0
2023-11-29 01:00:00,490.0,793.0,229.0,15.0,334.0,0.0
2023-11-29 02:00:00,570.0,880.0,234.0,0.0,335.0,0.0
2023-11-29 03:00:00,585.0,903.0,233.0,0.0,333.0,0.0
2023-11-29 04:00:00,532.0,1027.0,234.0,0.0,334.0,0.0
2023-11-29 05:00:00,515.0,1102.0,232.0,0.0,322.0,0.0
2023-11-29 06:00:00,421.0,1069.0,232.0,0.0,223.0,0.0
2023-11-29 07:00:00,322.0,1078.0,234.0,0.0,221.0,0.0
2023-11-29 08:00:00,329.0,1077.0,228.0,0.0,25.0,0.0
2023-11-29 09:00:00,238.0,1082.0,222.0,0.0,24.0,0.0
2023-11-29 10:00:00,219.0,1082.0,218.0,0.0,24.0,0.0
2023-11-29 11:00:00,220.0,1084.0,216.0,0.0,24.0,0.0
2023-11-29 12:00:00,220.0,1083.0,214.0,0.0,24.0,2.0
2023-11-29 13:00:00,219.0,1081.0,215.0,0.0,24.0,2.0
2023-11-29 14:00:00,218.0,1081.0,225.0,0.0,24.0,9.0
2023-11-29 15:00:00,228.0,1107.0,232.0,4.0,24.0,5.0
2023-11-29 16:00:00,366.0,1126.0,227.0,185.0,251.0,0.0
2023-11-29 17:00:00,289.0,999.0,195.0,563.0,124.0,0.0
2023-11-29 18:00:00,227.0,838.0,130.0,670.0,135.0,7.0
2023-11-29 19:00:00,223.0,672.0,123.0,694.0,134.0,9.0
2023-11-29 20:00:00,221.0,644.0,122.0,704.0,133.0,15.0
2023-11-29 21:00:00,214.0,637.0,117.0,711.0,135.0,16.0
2023-11-29 22:00:00,207.0,591.0,125.0,600.0,135.0,13.0
2023-11-29 23:00:00,203.0,530.0,150.0,566.0,135.0,18.0
2023-11-30 00:00:00,201.0,861.0,212.0,174.0,135.0,18.0
2023-11-30 01:00:00,244.0,1041.0,245.0,16.0,136.0,22.0
2023-11-30 02:00:00,351.0,1069.0,246.0,0.0,28.0,20.0
2023-11-30 03:00:00,401.0,1069.0,246.0,0.0,25.0,29.0
2023-11-30 04:00:00,370.0,1042.0,246.0,0.0,25.0,21.0
2023-11-30 05:00:00,370.0,1026.0,246.0,0.0,109.0,29.0
2023-11-30 06:00:00,456.0,1026.0,246.0,0.0,25.0,32.0
2023-11-30 07:00:00,396.0,1026.0,246.0,0.0,25.0,29.0
2023-11-30 08:00:00,263.0,1024.0,236.0,0.0,25.0,28.0
2023-11-30 09:00:00,234.0,1025.0,230.0,0.0,25.0,37.0
2023-11-30 10:00:00,224.0,1016.0,225.0,0.0,25.0,33.0
2023-11-30 11:00:00,222.0,1003.0,225.0,0.0,25.0,30.0
2023-11-30 12:00:00,222.0,1023.0,219.0,0.0,25.0,32.0
2023-11-30 13:00:00,220.0,1116.0,216.0,0.0,25.0,36.0
2023-11-30 14:00:00,302.0,1260.0,217.0,0.0,25.0,43.0
2023-11-30 15:00:00,387.0,1331.0,228.0,7.0,25.0,34.0
2023-11-30 16:00:00,306.0,1330.0,222.0,98.0,25.0,28.0
2023-11-30 17:00:00,229.0,1329.0,223.0,252.0,124.0,15.0
2023-11-30 18:00:00,285.0,1325.0,227.0,355.0,134.0,20.0
2023-11-30 19:00:00,289.0,1326.0,215.0,424.0,134.0,29.0
2023-11-30 20:00:00,236.0,1321.0,215.0,410.0,134.0,31.0
2023-11-30 21:00:00,220.0,1224.0,184.0,563.0,135.0,37.0
2023-11-30 22:00:00,217.0,1159.0,148.0,608.0,134.0,38.0
2023-11-30 23:00:00,213.0,1260.0,182.0,447.0,134.0,29.0
2023-12-01 00:00:00,213.0,1314.0,227.0,252.0,135.0,47.0
2023-12-01 01:00:00,293.0,1327.0,234.0,16.0,134.0,56.0
2023-12-01 02:00:00,301.0,1351.0,242.0,0.0,135.0,26.0
2023-12-01 03:00:00,301.0,1354.0,246.0,0.0,134.0,25.0
2023-12-01 04:00:00,303.0,1317.0,242.0,0.0,135.0,39.0
2023-12-01 05:00:00,324.0,1312.0,240.0,0.0,121.0,57.0
2023-12-01 06:00:00,444.0,1312.0,240.0,0.0,24.0,59.0
2023-12-01 07:00:00,376.0,1314.0,238.0,0.0,24.0,51.0
2023-12-01 08:00:00,251.0,1313.0,235.0,0.0,24.0,48.0
2023-12-01 09:00:00,233.0,1269.0,225.0,0.0,21.0,45.0
2023-12-01 10:00:00,232.0,1060.0,221.0,0.0,21.0,49.0
2023-12-01 11:00:00,230.0,1033.0,212.0,0.0,21.0,48.0
2023-12-01 12:00:00,227.0,1055.0,212.0,0.0,21.0,88.0
2023-12-01 13:00:00,229.0,1065.0,215.0,0.0,21.0,85.0
2023-12-01 14:00:00,241.0,1075.0,217.0,0.0,21.0,92.0
2023-12-01 15:00:00,227.0,1131.0,235.0,5.0,21.0,123.0
2023-12-01 16:00:00,291.0,966.0,230.0,198.0,21.0,155.0
2023-12-01 17:00:00,231.0,572.0,157.0,635.0,21.0,152.0
2023-12-01 18:00:00,229.0,512.0,117.0,823.0,21.0,190.0
2023-12-01 19:00:00,228.0,523.0,109.0,779.0,21.0,192.0
2023-12-01 20:00:00,225.0,518.0,108.0,849.0,21.0,125.0
2023-12-01 21:00:00,223.0,529.0,107.0,833.0,123.0,67.0
2023-12-01 22:00:00,223.0,511.0,111.0,799.0,131.0,56.0
2023-12-01 23:00:00,223.0,551.0,132.0,659.0,132.0,58.0
2023-12-02 00:00:00,225.0,715.0,221.0,284.0,132.0,43.0
2023-12-02 01:00:00,276.0,903.0,231.0,14.0,131.0,43.0
2023-12-02 02:00:00,280.0,931.0,228.0,0.0,130.0,42.0
2023-12-02 03:00:00,261.0,1146.0,228.0,0.0,130.0,41.0
2023-12-02 04:00:00,228.0,1404.0,226.0,0.0,130.0,36.0
2023-12-02 05:00:00,220.0,1403.0,226.0,0.0,122.0,36.0
2023-12-02 06:00:00,221.0,1364.0,226.0,0.0,21.0,51.0
2023-12-02 07:00:00,263.0,1208.0,224.0,0.0,20.0,73.0
2023-12-02 08:00:00,279.0,994.0,220.0,0.0,20.0,69.0
2023-12-02 09:00:00,223.0,1036.0,223.0,0.0,20.0,62.0
2023-12-02 10:00:00,218.0,782.0,219.0,0.0,20.0,66.0
2023-12-02 11:00:00,217.0,746.0,213.0,0.0,20.0,70.0
2023-12-02 12:00:00,217.0,719.0,191.0,0.0,20.0,96.0
2023-12-02 13:00:00,215.0,649.0,163.0,0.0,20.0,92.0
2023-12-02 14:00:00,213.0,493.0,214.0,0.0,20.0,107.0
2023-12-02 15:00:00,213.0,500.0,226.0,4.0,20.0,133.0
2023-12-02 16:00:00,208.0,415.0,179.0,209.0,21.0,74.0
2023-12-02 17:00:00,206.0,331.0,129.0,641.0,0.0,71.0
2023-12-02 18:00:00,250.0,330.0,107.0,809.0,0.0,121.0
2023-12-02 19:00:00,228.0,328.0,107.0,809.0,0.0,216.0
2023-12-02 20:00:00,208.0,328.0,108.0,786.0,0.0,185.0
2023-12-02 21:00:00,204.0,331.0,108.0,733.0,0.0,112.0
2023-12-02 22:00:00,203.0,328.0,107.0,752.0,0.0,102.0
2023-12-02 23:00:00,202.0,330.0,110.0,572.0,0.0,114.0
2023-12-03 00:00:00,204.0,466.0,165.0,153.0,172.0,139.0
2023-12-03 01:00:00,299.0,566.0,216.0,9.0,131.0,259.0
2023-12-03 02:00:00,437.0,532.0,223.0,0.0,130.0,294.0
2023-12-03 03:00:00,385.0,515.0,227.0,0.0,130.0,290.0
2023-12-03 04:00:00,328.0,526.0,216.0,0.0,131.0,291.0
2023-12-03 05:00:00,300.0,525.0,216.0,0.0,130.0,291.0
2023-12-03 06:00:00,253.0,519.0,216.0,0.0,130.0,289.0
2023-12-03 07:00:00,226.0,512.0,215.0,0.0,130.0,284.0
2023-12-03 08:00:00,224.0,491.0,212.0,0.0,121.0,271.0
2023-12-03 09:00:00,238.0,518.0,211.0,0.0,24.0,258.0
2023-12-03 10:00:00,223.0,514.0,208.0,0.0,24.0,249.0
2023-12-03 11:00:00,220.0,517.0,201.0,0.0,24.0,252.0
2023-12-03 12:00:00,220.0,531.0,200.0,0.0,23.0,255.0
2023-12-03 13:00:00,213.0,531.0,203.0,0.0,23.0,258.0
2023-12-03 14:00:00,208.0,531.0,208.0,0.0,24.0,242.0
2023-12-03 15:00:00,204.0,531.0,208.0,6.0,24.0,240.0
2023-12-03 16:00:00,206.0,441.0,148.0,171.0,24.0,225.0
2023-12-03 17:00:00,222.0,329.0,116.0,541.0,0.0,187.0
2023-12-03 18:00:00,224.0,354.0,110.0,749.0,0.0,115.0
2023-12-03 19:00:00,261.0,412.0,109.0,784.0,0.0,95.0
2023-12-03 20:00:00,227.0,373.0,109.0,772.0,0.0,52.0
2023-12-03 21:00:00,222.0,619.0,108.0,761.0,0.0,16.0
2023-12-03 22:00:00,203.0,550.0,108.0,660.0,128.0,18.0
2023-12-03 23:00:00,201.0,719.0,121.0,365.0,129.0,21.0
2023-12-04 00:00:00,202.0,976.0,198.0,196.0,132.0,27.0
2023-12-04 01:00:00,201.0,1169.0,218.0,18.0,358.0,22.0
2023-12-04 02:00:00,219.0,1327.0,227.0,0.0,370.0,24.0
2023-12-04 03:00:00,226.0,1333.0,226.0,0.0,372.0,43.0
2023-12-04 04:00:00,236.0,1331.0,221.0,0.0,370.0,47.0
2023-12-04 05:00:00,277.0,1332.0,220.0,0.0,369.0,24.0
2023-12-04 06:00:00,396.0,1332.0,221.0,0.0,137.0,40.0
2023-12-04 07:00:00,341.0,1331.0,226.0,0.0,116.0,58.0
2023-12-04 08:00:00,318.0,1330.0,224.0,0.0,24.0,40.0
2023-12-04 09:00:00,239.0,1331.0,214.0,0.0,20.0,11.0
2023-12-04 10:00:00,229.0,1331.0,208.0,0.0,20.0,1.0
2023-12-04 11:00:00,229.0,1331.0,200.0,0.0,20.0,0.0
2023-12-04 12:00:00,228.0,1331.0,199.0,0.0,20.0,0.0
2023-12-04 13:00:00,227.0,1332.0,203.0,0.0,20.0,0.0
2023-12-04 14:00:00,225.0,1336.0,213.0,0.0,21.0,0.0
2023-12-04 15:00:00,312.0,1388.0,221.0,1.0,21.0,0.0
2023-12-04 16:00:00,341.0,1369.0,226.0,104.0,21.0,0.0
2023-12-04 17:00:00,274.0,1153.0,218.0,495.0,20.0,0.0
2023-12-04 18:00:00,288.0,626.0,153.0,685.0,20.0,0.0
2023-12-04 19:00:00,233.0,532.0,147.0,790.0,21.0,2.0
2023-12-04 20:00:00,227.0,517.0,135.0,787.0,21.0,8.0
2023-12-04 21:00:00,226.0,530.0,131.0,795.0,21.0,13.0
2023-12-04 22:00:00,226.0,545.0,131.0,733.0,20.0,26.0
2023-12-04 23:00:00,250.0,624.0,140.0,604.0,21.0,32.0
2023-12-05 00:00:00,238.0,1035.0,196.0,260.0,34.0,28.0
2023-12-05 01:00:00,272.0,1377.0,238.0,14.0,260.0,20.0
2023-12-05 02:00:00,303.0,1511.0,237.0,0.0,259.0,24.0
2023-12-05 03:00:00,291.0,1514.0,236.0,0.0,260.0,25.0
2023-12-05 04:00:00,231.0,1499.0,235.0,0.0,260.0,2.0
2023-12-05 05:00:00,254.0,1471.0,230.0,0.0,259.0,0.0
2023-12-05 06:00:00,274.0,1468.0,220.0,0.0,259.0,0.0
2023-12-05 07:00:00,237.0,1333.0,223.0,0.0,258.0,0.0
2023-12-05 08:00:00,278.0,1314.0,223.0,0.0,27.0,0.0
2023-12-05 09:00:00,229.0,1252.0,218.0,0.0,20.0,0.0
2023-12-05 10:00:00,226.0,1223.0,214.0,0.0,20.0,0.0
2023-12-05 11:00:00,210.0,1260.0,211.0,0.0,20.0,0.0
2023-12-05 12:00:00,208.0,1255.0,212.0,0.0,21.0,0.0
2023-12-05 13:00:00,262.0,1313.0,215.0,0.0,21.0,0.0
2023-12-05 14:00:00,271.0,1362.0,223.0,0.0,20.0,0.0
2023-12-05 15:00:00,276.0,1369.0,233.0,4.0,20.0,0.0
2023-12-05 16:00:00,252.0,1180.0,223.0,197.0,23.0,0.0
2023-12-05 17:00:00,236.0,574.0,131.0,622.0,24.0,0.0
2023-12-05 18:00:00,205.0,509.0,109.0,801.0,23.0,0.0
2023-12-05 19:00:00,204.0,519.0,109.0,823.0,24.0,0.0
2023-12-05 20:00:00,202.0,520.0,109.0,815.0,32.0,1.0
2023-12-05 21:00:00,200.0,529.0,116.0,801.0,27.0,1.0
2023-12-05 22:00:00,200.0,523.0,127.0,765.0,27.0,0.0
2023-12-05 23:00:00,203.0,562.0,154.0,626.0,24.0,2.0
2023-12-06 00:00:00,289.0,971.0,217.0,275.0,42.0,1.0
2023-12-06 01:00:00,398.0,1312.0,247.0,13.0,256.0,0.0
2023-12-06 02:00:00,438.0,1431.0,246.0,0.0,262.0,0.0
2023-12-06 03:00:00,409.0,1475.0,246.0,0.0,257.0,0.0
2023-12-06 04:00:00,406.0,1475.0,246.0,0.0,291.0,0.0
2023-12-06 05:00:00,442.0,1381.0,245.0,0.0,290.0,0.0
2023-12-06 06:00:00,408.0,1376.0,245.0,0.0,261.0,0.0
2023-12-06 07:00:00,417.0,1270.0,239.0,0.0,261.0,0.0
2023-12-06 08:00:00,374.0,1053.0,232.0,0.0,212.0,3.0
2023-12-06 09:00:00,289.0,1045.0,236.0,0.0,21.0,10.0
2023-12-06 10:00:00,250.0,1016.0,237.0,0.0,19.0,18.0
2023-12-06 11:00:00,211.0,1016.0,234.0,0.0,20.0,22.0
2023-12-06 12:00:00,208.0,1006.0,235.0,0.0,20.0,9.0
2023-12-06 13:00:00,210.0,1050.0,240.0,0.0,20.0,4.0
2023-12-06 14:00:00,276.0,1073.0,241.0,0.0,20.0,8.0
2023-12-06 15:00:00,335.0,1073.0,241.0,3.0,23.0,22.0
2023-12-06 16:00:00,236.0,898.0,220.0,187.0,20.0,31.0
2023-12-06 17:00:00,213.0,517.0,131.0,598.0,21.0,23.0
2023-12-06 18:00:00,216.0,516.0,112.0,788.0,19.0,8.0
2023-12-06 19:00:00,213.0,555.0,112.0,799.0,21.0,32.0
2023-12-06 20:00:00,209.0,508.0,113.0,814.0,16.0,57.0
2023-12-06 21:00:00,204.0,506.0,117.0,795.0,20.0,72.0
2023-12-06 22:00:00,202.0,505.0,115.0,757.0,24.0,192.0
2023-12-06 23:00:00,203.0,508.0,142.0,592.0,23.0,219.0
2023-12-07 00:00:00,272.0,759.0,204.0,263.0,22.0,199.0
2023-12-07 01:00:00,351.0,1168.0,242.0,14.0,22.0,234.0
2023-12-07 02:00:00,330.0,1250.0,242.0,0.0,22.0,251.0
2023-12-07 03:00:00,289.0,1218.0,241.0,0.0,22.0,239.0
2023-12-07 04:00:00,266.0,1093.0,240.0,0.0,21.0,155.0
2023-12-07 05:00:00,232.0,948.0,240.0,0.0,21.0,203.0
2023-12-07 06:00:00,218.0,794.0,240.0,0.0,21.0,204.0
2023-12-07 07:00:00,207.0,737.0,238.0,0.0,21.0,291.0
2023-12-07 08:00:00,203.0,677.0,233.0,0.0,22.0,284.0
2023-12-07 09:00:00,217.0,737.0,188.0,0.0,25.0,288.0
2023-12-07 10:00:00,306.0,713.0,162.0,0.0,25.0,270.0
2023-12-07 11:00:00,217.0,673.0,155.0,0.0,25.0,285.0
2023-12-07 12:00:00,197.0,511.0,152.0,0.0,25.0,285.0
2023-12-07 13:00:00,196.0,549.0,156.0,0.0,25.0,274.0
2023-12-07 14:00:00,195.0,708.0,194.0,0.0,25.0,255.0
2023-12-07 15:00:00,196.0,876.0,223.0,3.0,25.0,229.0
2023-12-07 16:00:00,194.0,773.0,202.0,185.0,25.0,217.0
2023-12-07 17:00:00,193.0,518.0,124.0,307.0,25.0,183.0
2023-12-07 18:00:00,195.0,454.0,117.0,391.0,0.0,121.0
2023-12-07 19:00:00,197.0,371.0,115.0,464.0,0.0,93.0
2023-12-07 20:00:00,213.0,367.0,114.0,654.0,0.0,70.0
2023-12-07 21:00:00,198.0,367.0,116.0,777.0,0.0,68.0
2023-12-07 22:00:00,196.0,373.0,116.0,784.0,0.0,66.0
2023-12-07 23:00:00,197.0,513.0,123.0,644.0,0.0,65.0
2023-12-08 00:00:00,264.0,832.0,160.0,281.0,26.0,93.0
2023-12-08 01:00:00,379.0,1215.0,237.0,13.0,26.0,95.0
2023-12-08 02:00:00,459.0,1332.0,243.0,0.0,26.0,70.0
2023-12-08 03:00:00,431.0,1418.0,245.0,0.0,24.0,42.0
2023-12-08 04:00:00,400.0,1420.0,245.0,0.0,25.0,33.0
2023-12-08 05:00:00,330.0,1408.0,245.0,0.0,25.0,39.0
2023-12-08 06:00:00,430.0,1414.0,245.0,0.0,25.0,44.0
2023-12-08 07:00:00,418.0,1259.0,239.0,0.0,25.0,80.0
2023-12-08 08:00:00,330.0,1058.0,232.0,0.0,25.0,125.0
2023-12-08 09:00:00,225.0,888.0,219.0,0.0,18.0,141.0
2023-12-08 10:00:00,203.0,772.0,217.0,0.0,18.0,92.0
2023-12-08 11:00:00,201.0,760.0,207.0,0.0,18.0,112.0
2023-12-08 12:00:00,201.0,727.0,206.0,0.0,18.0,35.0
2023-12-08 13:00:00,201.0,748.0,212.0,0.0,18.0,28.0
2023-12-08 14:00:00,201.0,841.0,231.0,0.0,18.0,38.0
2023-12-08 15:00:00,204.0,863.0,235.0,3.0,19.0,51.0
2023-12-08 16:00:00,268.0,722.0,216.0,170.0,18.0,54.0
2023-12-08 17:00:00,210.0,504.0,154.0,522.0,16.0,72.0
2023-12-08 18:00:00,203.0,504.0,126.0,821.0,0.0,70.0
2023-12-08 19:00:00,202.0,503.0,122.0,851.0,0.0,50.0
2023-12-08 20:00:00,202.0,504.0,117.0,844.0,0.0,22.0
2023-12-08 21:00:00,202.0,527.0,121.0,808.0,0.0,60.0
2023-12-08 22:00:00,201.0,629.0,138.0,716.0,0.0,51.0
2023-12-08 23:00:00,201.0,608.0,133.0,613.0,20.0,57.0
2023-12-09 00:00:00,201.0,841.0,196.0,266.0,25.0,119.0
2023-12-09 01:00:00,202.0,1199.0,246.0,14.0,129.0,94.0
2023-12-09 02:00:00,244.0,1413.0,246.0,0.0,133.0,111.0
2023-12-09 03:00:00,259.0,1416.0,245.0,0.0,133.0,80.0
2023-12-09 04:00:00,208.0,1417.0,244.0,0.0,133.0,113.0
2023-12-09 05:00:00,201.0,1381.0,239.0,0.0,125.0,85.0
2023-12-09 06:00:00,286.0,1387.0,239.0,0.0,23.0,79.0
2023-12-09 07:00:00,308.0,1381.0,239.0,0.0,18.0,45.0
2023-12-09 08:00:00,242.0,1340.0,238.0,0.0,18.0,14.0
2023-12-09 09:00:00,208.0,1331.0,235.0,0.0,18.0,10.0
2023-12-09 10:00:00,205.0,1321.0,227.0,0.0,18.0,17.0
2023-12-09 11:00:00,204.0,1329.0,222.0,0.0,18.0,15.0
2023-12-09 12:00:00,204.0,1330.0,215.0,0.0,18.0,19.0
2023-12-09 13:00:00,205.0,1332.0,217.0,0.0,18.0,16.0
2023-12-09 14:00:00,240.0,1330.0,226.0,0.0,19.0,6.0
2023-12-09 15:00:00,233.0,1330.0,219.0,3.0,19.0,0.0
2023-12-09 16:00:00,207.0,894.0,188.0,173.0,19.0,0.0
2023-12-09 17:00:00,204.0,471.0,132.0,599.0,91.0,0.0
2023-12-09 18:00:00,203.0,465.0,107.0,811.0,0.0,2.0
2023-12-09 19:00:00,203.0,466.0,109.0,841.0,0.0,12.0
2023-12-09 20:00:00,202.0,466.0,108.0,854.0,0.0,34.0
2023-12-09 21:00:00,202.0,464.0,107.0,848.0,0.0,58.0
2023-12-09 22:00:00,201.0,465.0,107.0,797.0,0.0,47.0
2023-12-09 23:00:00,202.0,476.0,115.0,644.0,0.0,37.0
2023-12-10 00:00:00,203.0,782.0,168.0,286.0,130.0,28.0
2023-12-10 01:00:00,235.0,1272.0,229.0,15.0,147.0,24.0
2023-12-10 02:00:00,362.0,1379.0,232.0,0.0,128.0,6.0
2023-12-10 03:00:00,404.0,1381.0,235.0,0.0,128.0,1.0
2023-12-10 04:00:00,382.0,1390.0,235.0,0.0,116.0,0.0
2023-12-10 05:00:00,249.0,1409.0,231.0,0.0,258.0,0.0
2023-12-10 06:00:00,204.0,1418.0,231.0,0.0,261.0,0.0
2023-12-10 07:00:00,203.0,1388.0,236.0,0.0,260.0,0.0
2023-12-10 08:00:00,203.0,1283.0,235.0,0.0,261.0,0.0
2023-12-10 09:00:00,202.0,1338.0,234.0,0.0,258.0,0.0
2023-12-10 10:00:00,202.0,1329.0,230.0,0.0,21.0,2.0
2023-12-10 11:00:00,202.0,1329.0,219.0,0.0,19.0,4.0
2023-12-10 12:00:00,202.0,1329.0,218.0,0.0,19.0,0.0
2023-12-10 13:00:00,203.0,1332.0,220.0,0.0,19.0,6.0
2023-12-10 14:00:00,202.0,1330.0,228.0,0.0,19.0,15.0
2023-12-10 15:00:00,201.0,1331.0,222.0,3.0,19.0,6.0
2023-12-10 16:00:00,201.0,966.0,197.0,167.0,21.0,6.0
2023-12-10 17:00:00,201.0,497.0,135.0,596.0,0.0,7.0
2023-12-10 18:00:00,202.0,464.0,117.0,773.0,0.0,2.0
2023-12-10 19:00:00,202.0,465.0,107.0,788.0,0.0,0.0
2023-12-10 20:00:00,202.0,466.0,107.0,812.0,0.0,0.0
2023-12-10 21:00:00,202.0,464.0,107.0,746.0,0.0,0.0
2023-12-10 22:00:00,202.0,467.0,107.0,633.0,0.0,0.0
2023-12-10 23:00:00,202.0,591.0,129.0,445.0,0.0,0.0
2023-12-11 00:00:00,204.0,960.0,208.0,202.0,133.0,0.0
2023-12-11 01:00:00,292.0,1337.0,232.0,15.0,131.0,1.0
2023-12-11 02:00:00,345.0,1358.0,237.0,0.0,130.0,0.0
2023-12-11 03:00:00,364.0,1359.0,238.0,0.0,131.0,0.0
2023-12-11 04:00:00,364.0,1363.0,238.0,0.0,121.0,0.0
2023-12-11 05:00:00,335.0,1407.0,240.0,0.0,16.0,0.0
2023-12-11 06:00:00,327.0,1410.0,239.0,0.0,18.0,0.0
2023-12-11 07:00:00,324.0,1413.0,240.0,0.0,18.0,0.0
2023-12-11 08:00:00,225.0,1416.0,240.0,0.0,19.0,0.0
2023-12-11 09:00:00,204.0,1375.0,240.0,0.0,26.0,0.0
2023-12-11 10:00:00,202.0,1368.0,233.0,0.0,26.0,0.0
2023-12-11 11:00:00,202.0,1362.0,223.0,0.0,26.0,0.0
2023-12-11 12:00:00,203.0,1361.0,220.0,0.0,26.0,0.0
2023-12-11 13:00:00,202.0,1360.0,225.0,0.0,26.0,0.0
2023-12-11 14:00:00,200.0,1361.0,239.0,1.0,27.0,0.0
2023-12-11 15:00:00,209.0,1367.0,242.0,2.0,26.0,0.0
2023-12-11 16:00:00,200.0,1409.0,236.0,109.0,26.0,0.0
2023-12-11 17:00:00,228.0,1365.0,213.0,338.0,125.0,2.0
2023-12-11 18:00:00,289.0,1344.0,200.0,516.0,134.0,5.0
2023-12-11 19:00:00,244.0,1179.0,198.0,582.0,135.0,7.0
2023-12-11 20:00:00,228.0,1063.0,198.0,666.0,136.0,3.0
2023-12-11 21:00:00,267.0,1076.0,199.0,597.0,136.0,8.0
2023-12-11 22:00:00,232.0,1069.0,195.0,642.0,136.0,10.0
2023-12-11 23:00:00,314.0,1025.0,197.0,602.0,136.0,18.0
2023-12-12 00:00:00,325.0,1303.0,233.0,283.0,138.0,46.0
2023-12-12 01:00:00,381.0,1413.0,246.0,19.0,371.0,54.0
2023-12-12 02:00:00,370.0,1414.0,246.0,0.0,374.0,53.0
2023-12-12 03:00:00,347.0,1415.0,245.0,0.0,374.0,45.0
2023-12-12 04:00:00,287.0,1409.0,245.0,0.0,368.0,39.0
2023-12-12 05:00:00,304.0,1410.0,246.0,0.0,265.0,26.0
2023-12-12 06:00:00,328.0,1411.0,243.0,0.0,263.0,31.0
2023-12-12 07:00:00,464.0,1509.0,242.0,0.0,30.0,20.0
2023-12-12 08:00:00,370.0,1511.0,242.0,0.0,25.0,14.0
2023-12-12 09:00:00,223.0,1491.0,236.0,0.0,25.0,10.0
2023-12-12 10:00:00,197.0,1463.0,225.0,0.0,25.0,5.0
2023-12-12 11:00:00,196.0,1463.0,216.0,0.0,25.0,4.0
2023-12-12 12:00:00,196.0,1465.0,214.0,0.0,25.0,4.0
2023-12-12 13:00:00,195.0,1470.0,220.0,0.0,25.0,8.0
2023-12-12 14:00:00,195.0,1516.0,235.0,0.0,25.0,9.0
2023-12-12 15:00:00,302.0,1523.0,234.0,1.0,25.0,7.0
2023-12-12 16:00:00,328.0,1521.0,236.0,150.0,26.0,7.0
2023-12-12 17:00:00,257.0,1305.0,217.0,585.0,0.0,4.0
2023-12-12 18:00:00,284.0,1037.0,163.0,802.0,0.0,13.0
2023-12-12 19:00:00,207.0,1134.0,162.0,825.0,0.0,21.0
2023-12-12 20:00:00,196.0,1061.0,138.0,819.0,0.0,25.0
2023-12-12 21:00:00,196.0,1072.0,128.0,807.0,0.0,34.0
2023-12-12 22:00:00,197.0,942.0,128.0,770.0,0.0,52.0
2023-12-12 23:00:00,213.0,809.0,141.0,631.0,0.0,59.0
2023-12-13 00:00:00,201.0,1059.0,207.0,281.0,124.0,46.0
2023-12-13 01:00:00,312.0,1501.0,244.0,14.0,374.0,29.0
2023-12-13 02:00:00,321.0,1504.0,246.0,0.0,375.0,44.0
2023-12-13 03:00:00,275.0,1507.0,246.0,0.0,375.0,52.0
2023-12-13 04:00:00,230.0,1509.0,247.0,0.0,369.0,49.0
2023-12-13 05:00:00,324.0,1510.0,246.0,0.0,265.0,45.0
2023-12-13 06:00:00,368.0,1511.0,246.0,0.0,262.0,46.0
2023-12-13 07:00:00,403.0,1513.0,246.0,0.0,29.0,41.0
2023-12-13 08:00:00,403.0,1420.0,245.0,0.0,22.0,59.0
2023-12-13 09:00:00,312.0,1397.0,227.0,0.0,18.0,52.0
2023-12-13 10:00:00,233.0,1370.0,219.0,0.0,18.0,46.0
2023-12-13 11:00:00,234.0,1368.0,215.0,0.0,18.0,45.0
2023-12-13 12:00:00,230.0,1367.0,215.0,0.0,18.0,42.0
2023-12-13 13:00:00,244.0,1367.0,222.0,0.0,18.0,38.0
2023-12-13 14:00:00,317.0,1369.0,232.0,0.0,18.0,28.0
2023-12-13 15:00:00,300.0,1416.0,237.0,1.0,18.0,26.0
2023-12-13 16:00:00,319.0,1396.0,236.0,155.0,19.0,25.0
2023-12-13 17:00:00,237.0,1066.0,188.0,568.0,68.0,10.0
2023-12-13 18:00:00,229.0,778.0,143.0,787.0,0.0,6.0
2023-12-13 19:00:00,228.0,629.0,136.0,819.0,0.0,9.0
2023-12-13 20:00:00,228.0,569.0,136.0,822.0,0.0,7.0
2023-12-13 21:00:00,228.0,630.0,135.0,807.0,0.0,20.0
2023-12-13 22:00:00,227.0,591.0,131.0,769.0,0.0,33.0
2023-12-13 23:00:00,226.0,575.0,154.0,632.0,1.0,49.0
2023-12-14 00:00:00,228.0,973.0,206.0,280.0,133.0,47.0
2023-12-14 01:00:00,259.0,1338.0,246.0,15.0,379.0,26.0
2023-12-14 02:00:00,302.0,1356.0,246.0,0.0,607.0,19.0
2023-12-14 03:00:00,306.0,1356.0,246.0,0.0,609.0,6.0
2023-12-14 04:00:00,317.0,1360.0,246.0,0.0,606.0,2.0
2023-12-14 05:00:00,352.0,1362.0,246.0,0.0,498.0,0.0
2023-12-14 06:00:00,448.0,1362.0,246.0,0.0,263.0,0.0
2023-12-14 07:00:00,476.0,1363.0,246.0,0.0,261.0,0.0
2023-12-14 08:00:00,342.0,1364.0,245.0,0.0,261.0,0.0
2023-12-14 09:00:00,234.0,1366.0,246.0,0.0,262.0,0.0
2023-12-14 10:00:00,229.0,1366.0,245.0,0.0,261.0,0.0
2023-12-14 11:00:00,229.0,1370.0,245.0,0.0,261.0,0.0
2023-12-14 12:00:00,229.0,1369.0,245.0,0.0,261.0,2.0
2023-12-14 13:00:00,226.0,1368.0,239.0,0.0,262.0,0.0
2023-12-14 14:00:00,223.0,1375.0,229.0,0.0,264.0,0.0
2023-12-14 15:00:00,225.0,1418.0,228.0,1.0,262.0,0.0
2023-12-14 16:00:00,327.0,1419.0,212.0,160.0,26.0,0.0
2023-12-14 17:00:00,244.0,1105.0,229.0,570.0,111.0,0.0
2023-12-14 18:00:00,228.0,796.0,169.0,799.0,132.0,0.0
2023-12-14 19:00:00,228.0,597.0,159.0,821.0,133.0,0.0
2023-12-14 20:00:00,228.0,579.0,156.0,814.0,131.0,0.0
2023-12-14 21:00:00,227.0,579.0,150.0,770.0,130.0,0.0
2023-12-14 22:00:00,226.0,625.0,156.0,743.0,129.0,0.0
2023-12-14 23:00:00,230.0,748.0,170.0,572.0,130.0,0.0
2023-12-15 00:00:00,351.0,1187.0,242.0,236.0,133.0,5.0
2023-12-15 01:00:00,393.0,1480.0,247.0,12.0,133.0,11.0
2023-12-15 02:00:00,379.0,1483.0,246.0,0.0,366.0,3.0
2023-12-15 03:00:00,349.0,1484.0,246.0,0.0,373.0,1.0
2023-12-15 04:00:00,290.0,1593.0,246.0,0.0,363.0,0.0
2023-12-15 05:00:00,308.0,1625.0,245.0,0.0,259.0,0.0
2023-12-15 06:00:00,408.0,1626.0,242.0,0.0,21.0,0.0
2023-12-15 07:00:00,334.0,1550.0,237.0,0.0,19.0,0.0
2023-12-15 08:00:00,274.0,1453.0,231.0,0.0,19.0,0.0
2023-12-15 09:00:00,232.0,1412.0,219.0,0.0,18.0,0.0
2023-12-15 10:00:00,228.0,1392.0,207.0,0.0,19.0,0.0
2023-12-15 11:00:00,228.0,1315.0,199.0,0.0,19.0,0.0
2023-12-15 12:00:00,228.0,1371.0,199.0,0.0,19.0,0.0
2023-12-15 13:00:00,227.0,1363.0,203.0,0.0,19.0,0.0
2023-12-15 14:00:00,227.0,1369.0,212.0,0.0,19.0,0.0
2023-12-15 15:00:00,226.0,1365.0,227.0,1.0,19.0,0.0
2023-12-15 16:00:00,228.0,1338.0,227.0,135.0,20.0,0.0
2023-12-15 17:00:00,229.0,1037.0,166.0,496.0,112.0,0.0
2023-12-15 18:00:00,228.0,652.0,150.0,720.0,130.0,0.0
2023-12-15 19:00:00,228.0,699.0,150.0,748.0,130.0,1.0
2023-12-15 20:00:00,228.0,624.0,144.0,760.0,130.0,5.0
2023-12-15 21:00:00,228.0,534.0,150.0,735.0,130.0,9.0
2023-12-15 22:00:00,226.0,507.0,148.0,691.0,129.0,18.0
2023-12-15 23:00:00,227.0,727.0,160.0,573.0,129.0,32.0
2023-12-16 00:00:00,278.0,1211.0,205.0,289.0,129.0,39.0
2023-12-16 01:00:00,382.0,1367.0,233.0,14.0,129.0,53.0
2023-12-16 02:00:00,397.0,1466.0,218.0,0.0,129.0,36.0
2023-12-16 03:00:00,359.0,1517.0,3.0,0.0,129.0,17.0
2023-12-16 04:00:00,356.0,1490.0,0.0,0.0,121.0,2.0
2023-12-16 05:00:00,314.0,1426.0,0.0,0.0,19.0,1.0
2023-12-16 06:00:00,344.0,1425.0,0.0,0.0,19.0,1.0
2023-12-16 07:00:00,315.0,1427.0,0.0,0.0,19.0,0.0
2023-12-16 08:00:00,239.0,1500.0,0.0,0.0,19.0,0.0
2023-12-16 09:00:00,229.0,1387.0,0.0,0.0,26.0,0.0
2023-12-16 10:00:00,228.0,1332.0,0.0,0.0,26.0,0.0
2023-12-16 11:00:00,222.0,1336.0,0.0,0.0,26.0,0.0
2023-12-16 12:00:00,226.0,1377.0,0.0,0.0,26.0,0.0
2023-12-16 13:00:00,216.0,1381.0,0.0,0.0,26.0,0.0
2023-12-16 14:00:00,223.0,1385.0,0.0,0.0,26.0,0.0
2023-12-16 15:00:00,278.0,1387.0,0.0,0.0,26.0,0.0
2023-12-16 16:00:00,275.0,1198.0,0.0,100.0,26.0,1.0
2023-12-16 17:00:00,232.0,619.0,0.0,496.0,119.0,0.0
2023-12-16 18:00:00,228.0,498.0,0.0,717.0,134.0,0.0
2023-12-16 19:00:00,228.0,465.0,0.0,778.0,135.0,0.0
2023-12-16 20:00:00,227.0,465.0,0.0,805.0,135.0,0.0
2023-12-16 21:00:00,226.0,465.0,0.0,742.0,136.0,0.0
2023-12-16 22:00:00,226.0,468.0,0.0,758.0,135.0,0.0
2023-12-16 23:00:00,228.0,598.0,0.0,558.0,135.0,0.0
2023-12-17 00:00:00,294.0,999.0,0.0,205.0,132.0,0.0
2023-12-17 01:00:00,329.0,1312.0,0.0,12.0,127.0,0.0
2023-12-17 02:00:00,280.0,1380.0,0.0,0.0,128.0,6.0
2023-12-17 03:00:00,274.0,1381.0,0.0,0.0,130.0,9.0
2023-12-17 04:00:00,276.0,1383.0,0.0,0.0,125.0,0.0
2023-12-17 05:00:00,317.0,1381.0,0.0,0.0,20.0,0.0
2023-12-17 06:00:00,279.0,1381.0,0.0,0.0,19.0,0.0
2023-12-17 07:00:00,252.0,1384.0,0.0,0.0,19.0,0.0
2023-12-17 08:00:00,231.0,1381.0,0.0,0.0,19.0,0.0
2023-12-17 09:00:00,228.0,1340.0,0.0,0.0,19.0,0.0
2023-12-17 10:00:00,227.0,1315.0,0.0,0.0,19.0,0.0
2023-12-17 11:00:00,227.0,1323.0,0.0,0.0,19.0,0.0
2023-12-17 12:00:00,227.0,1333.0,0.0,0.0,19.0,0.0
2023-12-17 13:00:00,228.0,1333.0,0.0,0.0,19.0,0.0
2023-12-17 14:00:00,227.0,1334.0,0.0,0.0,19.0,0.0
2023-12-17 15:00:00,226.0,1333.0,0.0,1.0,19.0,0.0
2023-12-17 16:00:00,226.0,941.0,0.0,82.0,19.0,0.0
2023-12-17 17:00:00,226.0,557.0,0.0,424.0,113.0,0.0
2023-12-17 18:00:00,226.0,502.0,0.0,523.0,128.0,0.0
2023-12-17 19:00:00,226.0,513.0,0.0,513.0,128.0,0.0
2023-12-17 20:00:00,227.0,500.0,0.0,543.0,129.0,13.0
2023-12-17 21:00:00,225.0,587.0,0.0,485.0,129.0,23.0
2023-12-17 22:00:00,225.0,634.0,0.0,482.0,128.0,15.0
2023-12-17 23:00:00,225.0,877.0,0.0,358.0,129.0,37.0
2023-12-18 00:00:00,228.0,1155.0,0.0,113.0,133.0,70.0
2023-12-18 01:00:00,269.0,1338.0,0.0,6.0,131.0,63.0
2023-12-18 02:00:00,273.0,1379.0,0.0,0.0,130.0,5.0
2023-12-18 03:00:00,295.0,1381.0,0.0,0.0,130.0,7.0
2023-12-18 04:00:00,301.0,1380.0,0.0,0.0,119.0,3.0
2023-12-18 05:00:00,421.0,1381.0,0.0,0.0,20.0,0.0
2023-12-18 06:00:00,445.0,1388.0,0.0,0.0,20.0,0.0
2023-12-18 07:00:00,378.0,1407.0,0.0,0.0,20.0,0.0
2023-12-18 08:00:00,260.0,1354.0,0.0,0.0,19.0,0.0
2023-12-18 09:00:00,222.0,1349.0,0.0,0.0,26.0,0.0
2023-12-18 10:00:00,221.0,1350.0,0.0,0.0,26.0,0.0
2023-12-18 11:00:00,221.0,1350.0,0.0,0.0,26.0,0.0
2023-12-18 12:00:00,220.0,1348.0,0.0,0.0,26.0,0.0
2023-12-18 13:00:00,219.0,1353.0,0.0,0.0,26.0,0.0
2023-12-18 14:00:00,221.0,1360.0,0.0,0.0,26.0,0.0
2023-12-18 15:00:00,250.0,1403.0,7.0,0.0,27.0,0.0
2023-12-18 16:00:00,241.0,1403.0,16.0,58.0,30.0,0.0
2023-12-18 17:00:00,220.0,1364.0,36.0,219.0,34.0,8.0
2023-12-18 18:00:00,222.0,1454.0,72.0,503.0,34.0,10.0
2023-12-18 19:00:00,223.0,1435.0,150.0,461.0,34.0,6.0
2023-12-18 20:00:00,223.0,1339.0,154.0,709.0,34.0,17.0
2023-12-18 21:00:00,222.0,1354.0,177.0,755.0,34.0,23.0
2023-12-18 22:00:00,221.0,1361.0,199.0,600.0,121.0,73.0
2023-12-18 23:00:00,221.0,1406.0,214.0,558.0,143.0,80.0
2023-12-19 00:00:00,294.0,1499.0,232.0,173.0,143.0,113.0
2023-12-19 01:00:00,341.0,1504.0,235.0,7.0,143.0,149.0
2023-12-19 02:00:00,336.0,1500.0,236.0,0.0,143.0,133.0
2023-12-19 03:00:00,287.0,1503.0,235.0,0.0,143.0,98.0
2023-12-19 04:00:00,273.0,1501.0,234.0,0.0,138.0,74.0
2023-12-19 05:00:00,381.0,1501.0,233.0,0.0,34.0,69.0
2023-12-19 06:00:00,377.0,1500.0,230.0,0.0,33.0,83.0
2023-12-19 07:00:00,307.0,1495.0,212.0,0.0,33.0,70.0
2023-12-19 08:00:00,232.0,1363.0,196.0,0.0,33.0,51.0
2023-12-19 09:00:00,222.0,1353.0,221.0,0.0,33.0,49.0
2023-12-19 10:00:00,221.0,1355.0,222.0,0.0,33.0,61.0
2023-12-19 11:00:00,221.0,1355.0,216.0,0.0,33.0,54.0
2023-12-19 12:00:00,221.0,1354.0,214.0,0.0,33.0,77.0
2023-12-19 13:00:00,220.0,1354.0,217.0,0.0,33.0,94.0
2023-12-19 14:00:00,221.0,1355.0,228.0,0.0,33.0,71.0
2023-12-19 15:00:00,221.0,1354.0,237.0,0.0,33.0,68.0
2023-12-19 16:00:00,239.0,1352.0,241.0,75.0,33.0,40.0
2023-12-19 17:00:00,241.0,1326.0,232.0,273.0,34.0,28.0
2023-12-19 18:00:00,232.0,1315.0,238.0,425.0,33.0,24.0
2023-12-19 19:00:00,223.0,1319.0,233.0,503.0,33.0,54.0
2023-12-19 20:00:00,221.0,1230.0,233.0,508.0,33.0,80.0
2023-12-19 21:00:00,220.0,1064.0,236.0,418.0,34.0,82.0
2023-12-19 22:00:00,223.0,876.0,238.0,328.0,135.0,69.0
2023-12-19 23:00:00,309.0,907.0,242.0,241.0,182.0,170.0
2023-12-20 00:00:00,321.0,1299.0,243.0,86.0,295.0,168.0
2023-12-20 01:00:00,305.0,1383.0,246.0,12.0,141.0,111.0
2023-12-20 02:00:00,315.0,1524.0,246.0,0.0,144.0,71.0
2023-12-20 03:00:00,324.0,1699.0,245.0,0.0,143.0,57.0
2023-12-20 04:00:00,355.0,1621.0,243.0,0.0,169.0,33.0
2023-12-20 05:00:00,389.0,1521.0,238.0,0.0,34.0,22.0
2023-12-20 06:00:00,402.0,1427.0,232.0,0.0,33.0,23.0
2023-12-20 07:00:00,402.0,1397.0,237.0,0.0,33.0,30.0
2023-12-20 08:00:00,328.0,1376.0,234.0,0.0,33.0,6.0
2023-12-20 09:00:00,235.0,1293.0,224.0,0.0,33.0,8.0
2023-12-20 10:00:00,221.0,1314.0,218.0,0.0,33.0,12.0
2023-12-20 11:00:00,220.0,1316.0,211.0,0.0,33.0,4.0
2023-12-20 12:00:00,220.0,1320.0,211.0,0.0,33.0,1.0
2023-12-20 13:00:00,221.0,1320.0,216.0,0.0,33.0,0.0
2023-12-20 14:00:00,222.0,1321.0,219.0,0.0,33.0,0.0
2023-12-20 15:00:00,249.0,1321.0,229.0,0.0,33.0,0.0
2023-12-20 16:00:00,262.0,1322.0,258.0,109.0,33.0,0.0
2023-12-20 17:00:00,213.0,1044.0,258.0,395.0,33.0,0.0
2023-12-20 18:00:00,206.0,783.0,258.0,613.0,33.0,3.0
2023-12-20 19:00:00,206.0,807.0,259.0,572.0,33.0,7.0
2023-12-20 20:00:00,205.0,804.0,258.0,581.0,33.0,1.0
2023-12-20 21:00:00,204.0,815.0,258.0,509.0,34.0,7.0
2023-12-20 22:00:00,203.0,822.0,257.0,391.0,134.0,9.0
2023-12-20 23:00:00,212.0,942.0,253.0,253.0,140.0,14.0
2023-12-21 00:00:00,226.0,1069.0,246.0,124.0,368.0,3.0
2023-12-21 01:00:00,328.0,1069.0,237.0,8.0,379.0,0.0
2023-12-21 02:00:00,405.0,1157.0,234.0,0.0,378.0,0.0
2023-12-21 03:00:00,360.0,1347.0,234.0,0.0,379.0,2.0
2023-12-21 04:00:00,339.0,1373.0,234.0,0.0,371.0,3.0
2023-12-21 05:00:00,374.0,1402.0,235.0,0.0,273.0,1.0
2023-12-21 06:00:00,338.0,1296.0,234.0,0.0,271.0,2.0
2023-12-21 07:00:00,286.0,1079.0,234.0,0.0,272.0,0.0
2023-12-21 08:00:00,226.0,1069.0,234.0,0.0,268.0,0.0
2023-12-21 09:00:00,233.0,1100.0,235.0,0.0,34.0,0.0
2023-12-21 10:00:00,223.0,1073.0,235.0,0.0,33.0,0.0
2023-12-21 11:00:00,220.0,1067.0,235.0,0.0,33.0,5.0
2023-12-21 12:00:00,221.0,1068.0,234.0,0.0,33.0,5.0
2023-12-21 13:00:00,221.0,1057.0,234.0,0.0,33.0,2.0
2023-12-21 14:00:00,221.0,948.0,221.0,0.0,75.0,7.0
2023-12-21 15:00:00,222.0,691.0,248.0,0.0,67.0,3.0
2023-12-21 16:00:00,275.0,710.0,296.0,47.0,269.0,2.0
2023-12-21 17:00:00,258.0,719.0,297.0,170.0,245.0,8.0
2023-12-21 18:00:00,268.0,717.0,296.0,245.0,269.0,15.0
2023-12-21 19:00:00,225.0,657.0,295.0,368.0,225.0,8.0
2023-12-21 20:00:00,222.0,655.0,295.0,442.0,268.0,7.0
2023-12-21 21:00:00,257.0,671.0,295.0,427.0,264.0,11.0
2023-12-21 22:00:00,224.0,771.0,294.0,299.0,315.0,15.0
2023-12-21 23:00:00,221.0,1067.0,294.0,212.0,372.0,15.0
2023-12-22 00:00:00,221.0,1390.0,294.0,92.0,330.0,14.0
2023-12-22 01:00:00,221.0,1554.0,294.0,5.0,150.0,22.0
2023-12-22 02:00:00,221.0,1604.0,293.0,0.0,143.0,16.0
2023-12-22 03:00:00,228.0,1589.0,284.0,0.0,143.0,14.0
2023-12-22 04:00:00,226.0,1564.0,251.0,0.0,129.0,14.0
2023-12-22 05:00:00,240.0,1560.0,236.0,0.0,33.0,15.0
2023-12-22 06:00:00,244.0,1564.0,234.0,0.0,33.0,18.0
2023-12-22 07:00:00,242.0,1489.0,234.0,0.0,33.0,17.0
2023-12-22 08:00:00,223.0,1371.0,234.0,0.0,33.0,14.0
2023-12-22 09:00:00,229.0,1060.0,235.0,0.0,26.0,15.0
2023-12-22 10:00:00,229.0,985.0,221.0,0.0,26.0,14.0
2023-12-22 11:00:00,227.0,855.0,208.0,0.0,26.0,9.0
2023-12-22 12:00:00,228.0,799.0,207.0,0.0,26.0,6.0
2023-12-22 13:00:00,229.0,805.0,211.0,0.0,26.0,3.0
2023-12-22 14:00:00,230.0,821.0,217.0,0.0,26.0,0.0
2023-12-22 15:00:00,263.0,863.0,213.0,0.0,26.0,1.0
2023-12-22 16:00:00,253.0,873.0,187.0,17.0,26.0,0.0
2023-12-22 17:00:00,250.0,876.0,110.0,39.0,26.0,0.0
2023-12-22 18:00:00,230.0,874.0,106.0,59.0,26.0,0.0
2023-12-22 19:00:00,229.0,834.0,110.0,77.0,26.0,0.0
2023-12-22 20:00:00,228.0,815.0,112.0,75.0,26.0,0.0
2023-12-22 21:00:00,228.0,805.0,102.0,90.0,26.0,0.0
2023-12-22 22:00:00,228.0,800.0,100.0,93.0,121.0,1.0
2023-12-22 23:00:00,228.0,800.0,105.0,215.0,136.0,0.0
2023-12-23 00:00:00,228.0,798.0,121.0,129.0,134.0,0.0
2023-12-23 01:00:00,231.0,812.0,116.0,12.0,136.0,5.0
2023-12-23 02:00:00,311.0,826.0,114.0,0.0,136.0,35.0
2023-12-23 03:00:00,364.0,882.0,139.0,0.0,141.0,27.0
2023-12-23 04:00:00,255.0,925.0,215.0,0.0,311.0,12.0
2023-12-23 05:00:00,229.0,1077.0,222.0,0.0,213.0,16.0
2023-12-23 06:00:00,228.0,1106.0,233.0,0.0,213.0,9.0
2023-12-23 07:00:00,227.0,1103.0,234.0,0.0,212.0,7.0
2023-12-23 08:00:00,227.0,1038.0,234.0,0.0,208.0,3.0
2023-12-23 09:00:00,228.0,983.0,234.0,0.0,21.0,12.0
2023-12-23 10:00:00,228.0,862.0,234.0,0.0,23.0,16.0
2023-12-23 11:00:00,228.0,786.0,231.0,0.0,23.0,7.0
2023-12-23 12:00:00,229.0,753.0,193.0,0.0,23.0,45.0
2023-12-23 13:00:00,229.0,734.0,194.0,0.0,23.0,48.0
2023-12-23 14:00:00,227.0,766.0,200.0,0.0,23.0,75.0
2023-12-23 15:00:00,227.0,740.0,207.0,0.0,23.0,53.0
2023-12-23 16:00:00,227.0,741.0,151.0,76.0,23.0,57.0
2023-12-23 17:00:00,226.0,576.0,114.0,290.0,23.0,37.0
2023-12-23 18:00:00,227.0,574.0,108.0,660.0,23.0,24.0
2023-12-23 19:00:00,227.0,531.0,106.0,801.0,25.0,106.0
2023-12-23 20:00:00,225.0,520.0,106.0,805.0,0.0,95.0
2023-12-23 21:00:00,224.0,531.0,106.0,793.0,0.0,65.0
2023-12-23 22:00:00,225.0,474.0,110.0,762.0,0.0,84.0
2023-12-23 23:00:00,225.0,492.0,117.0,633.0,0.0,56.0
2023-12-24 00:00:00,228.0,749.0,161.0,299.0,136.0,69.0
2023-12-24 01:00:00,227.0,1148.0,223.0,20.0,136.0,125.0
2023-12-24 02:00:00,226.0,1307.0,227.0,0.0,331.0,192.0
2023-12-24 03:00:00,227.0,1321.0,231.0,0.0,337.0,160.0
2023-12-24 04:00:00,225.0,1322.0,244.0,0.0,315.0,109.0
2023-12-24 05:00:00,226.0,1324.0,244.0,0.0,216.0,80.0
2023-12-24 06:00:00,226.0,1329.0,243.0,0.0,215.0,47.0
2023-12-24 07:00:00,228.0,1329.0,233.0,0.0,43.0,41.0
2023-12-24 08:00:00,228.0,1330.0,229.0,0.0,26.0,25.0
2023-12-24 09:00:00,228.0,1293.0,223.0,0.0,26.0,19.0
2023-12-24 10:00:00,228.0,992.0,217.0,0.0,195.0,20.0
2023-12-24 11:00:00,228.0,986.0,200.0,0.0,248.0,10.0
2023-12-24 12:00:00,229.0,909.0,199.0,0.0,213.0,4.0
2023-12-24 13:00:00,228.0,838.0,202.0,0.0,211.0,1.0
2023-12-24 14:00:00,229.0,839.0,207.0,0.0,213.0,3.0
2023-12-24 15:00:00,228.0,840.0,204.0,0.0,214.0,5.0
2023-12-24 16:00:00,228.0,812.0,195.0,121.0,263.0,2.0
2023-12-24 17:00:00,227.0,401.0,119.0,511.0,0.0,0.0
2023-12-24 18:00:00,224.0,318.0,105.0,775.0,0.0,9.0
2023-12-24 19:00:00,218.0,319.0,105.0,820.0,0.0,16.0
2023-12-24 20:00:00,217.0,318.0,105.0,834.0,0.0,9.0
2023-12-24 21:00:00,216.0,318.0,105.0,826.0,0.0,17.0
2023-12-24 22:00:00,216.0,320.0,105.0,778.0,0.0,10.0
2023-12-24 23:00:00,225.0,319.0,115.0,649.0,0.0,12.0
2023-12-25 00:00:00,222.0,486.0,187.0,307.0,136.0,13.0
2023-12-25 01:00:00,336.0,957.0,220.0,21.0,140.0,11.0
2023-12-25 02:00:00,461.0,1090.0,220.0,0.0,140.0,4.0
2023-12-25 03:00:00,408.0,1088.0,226.0,0.0,139.0,0.0
2023-12-25 04:00:00,369.0,1087.0,225.0,0.0,129.0,0.0
2023-12-25 05:00:00,367.0,1087.0,224.0,0.0,29.0,0.0
2023-12-25 06:00:00,359.0,1088.0,214.0,0.0,29.0,0.0
2023-12-25 07:00:00,319.0,1088.0,223.0,0.0,29.0,0.0
2023-12-25 08:00:00,367.0,1088.0,214.0,0.0,23.0,0.0
2023-12-25 09:00:00,300.0,1084.0,201.0,0.0,32.0,0.0
2023-12-25 10:00:00,292.0,1087.0,196.0,0.0,32.0,0.0
2023-12-25 11:00:00,269.0,1075.0,195.0,0.0,32.0,0.0
2023-12-25 12:00:00,225.0,1065.0,195.0,0.0,32.0,0.0
2023-12-25 13:00:00,221.0,1063.0,201.0,0.0,32.0,0.0
2023-12-25 14:00:00,221.0,1015.0,202.0,0.0,32.0,0.0
2023-12-25 15:00:00,239.0,990.0,205.0,0.0,32.0,0.0
2023-12-25 16:00:00,223.0,675.0,193.0,70.0,32.0,0.0
2023-12-25 17:00:00,218.0,427.0,117.0,467.0,33.0,0.0
2023-12-25 18:00:00,217.0,337.0,107.0,681.0,0.0,0.0
2023-12-25 19:00:00,213.0,325.0,105.0,640.0,0.0,0.0
2023-12-25 20:00:00,206.0,317.0,106.0,768.0,0.0,14.0
2023-12-25 21:00:00,206.0,317.0,106.0,789.0,0.0,30.0
2023-12-25 22:00:00,207.0,317.0,106.0,773.0,0.0,48.0
2023-12-25 23:00:00,210.0,317.0,106.0,641.0,0.0,50.0
2023-12-26 00:00:00,218.0,446.0,140.0,298.0,137.0,36.0
2023-12-26 01:00:00,225.0,794.0,214.0,20.0,145.0,25.0
2023-12-26 02:00:00,354.0,958.0,217.0,0.0,143.0,19.0
2023-12-26 03:00:00,357.0,975.0,214.0,0.0,143.0,13.0
2023-12-26 04:00:00,345.0,973.0,213.0,0.0,134.0,8.0
2023-12-26 05:00:00,398.0,1071.0,213.0,0.0,33.0,6.0
2023-12-26 06:00:00,380.0,1052.0,211.0,0.0,33.0,3.0
2023-12-26 07:00:00,357.0,830.0,213.0,0.0,33.0,5.0
2023-12-26 08:00:00,300.0,778.0,213.0,0.0,33.0,3.0
2023-12-26 09:00:00,266.0,808.0,216.0,0.0,33.0,0.0
2023-12-26 10:00:00,225.0,675.0,201.0,0.0,33.0,0.0
2023-12-26 11:00:00,221.0,663.0,196.0,0.0,33.0,0.0
2023-12-26 12:00:00,220.0,659.0,197.0,0.0,33.0,0.0
2023-12-26 13:00:00,220.0,681.0,201.0,0.0,33.0,0.0
2023-12-26 14:00:00,224.0,870.0,210.0,0.0,33.0,0.0
2023-12-26 15:00:00,328.0,975.0,217.0,0.0,33.0,0.0
2023-12-26 16:00:00,317.0,976.0,215.0,121.0,32.0,0.0
2023-12-26 17:00:00,234.0,732.0,156.0,268.0,29.0,0.0
2023-12-26 18:00:00,222.0,632.0,115.0,440.0,29.0,0.0
2023-12-26 19:00:00,223.0,451.0,123.0,539.0,28.0,0.0
2023-12-26 20:00:00,261.0,415.0,120.0,698.0,28.0,0.0
2023-12-26 21:00:00,225.0,324.0,116.0,667.0,28.0,1.0
2023-12-26 22:00:00,221.0,330.0,120.0,563.0,106.0,9.0
2023-12-26 23:00:00,224.0,479.0,125.0,301.0,137.0,28.0
2023-12-27 00:00:00,335.0,774.0,210.0,192.0,139.0,25.0
2023-12-27 01:00:00,474.0,1081.0,235.0,15.0,144.0,16.0
2023-12-27 02:00:00,491.0,1125.0,235.0,0.0,138.0,21.0
2023-12-27 03:00:00,504.0,1104.0,234.0,0.0,137.0,12.0
2023-12-27 04:00:00,495.0,1203.0,234.0,0.0,129.0,10.0
2023-12-27 05:00:00,502.0,1217.0,233.0,0.0,27.0,5.0
2023-12-27 06:00:00,418.0,1218.0,233.0,0.0,27.0,1.0
2023-12-27 07:00:00,296.0,1268.0,224.0,0.0,27.0,0.0
2023-12-27 08:00:00,234.0,1321.0,222.0,0.0,28.0,1.0
2023-12-27 09:00:00,222.0,1276.0,223.0,0.0,28.0,4.0
2023-12-27 10:00:00,221.0,1321.0,214.0,0.0,28.0,0.0
2023-12-27 11:00:00,221.0,1320.0,207.0,0.0,28.0,0.0
2023-12-27 12:00:00,221.0,1312.0,206.0,0.0,28.0,0.0
2023-12-27 13:00:00,220.0,1079.0,213.0,0.0,28.0,0.0
2023-12-27 14:00:00,220.0,1065.0,225.0,0.0,28.0,0.0
2023-12-27 15:00:00,220.0,1064.0,233.0,1.0,27.0,0.0
2023-12-27 16:00:00,220.0,1071.0,234.0,103.0,27.0,0.0
2023-12-27 17:00:00,220.0,1052.0,229.0,374.0,27.0,0.0
2023-12-27 18:00:00,220.0,867.0,225.0,535.0,27.0,0.0
2023-12-27 19:00:00,220.0,782.0,195.0,539.0,27.0,17.0
2023-12-27 20:00:00,220.0,677.0,161.0,611.0,27.0,12.0
2023-12-27 21:00:00,219.0,693.0,153.0,563.0,29.0,0.0
2023-12-27 22:00:00,219.0,768.0,154.0,519.0,136.0,0.0
2023-12-27 23:00:00,220.0,850.0,186.0,338.0,140.0,4.0
2023-12-28 00:00:00,224.0,1221.0,233.0,153.0,138.0,4.0
2023-12-28 01:00:00,339.0,1416.0,238.0,28.0,138.0,11.0
2023-12-28 02:00:00,298.0,1415.0,238.0,0.0,138.0,4.0
2023-12-28 03:00:00,382.0,1377.0,237.0,0.0,137.0,0.0
2023-12-28 04:00:00,435.0,1369.0,236.0,0.0,127.0,0.0
2023-12-28 05:00:00,492.0,1370.0,235.0,0.0,28.0,0.0
2023-12-28 06:00:00,439.0,1371.0,233.0,0.0,28.0,0.0
2023-12-28 07:00:00,450.0,1371.0,232.0,0.0,27.0,0.0
2023-12-28 08:00:00,332.0,1371.0,228.0,0.0,26.0,0.0
2023-12-28 09:00:00,228.0,1371.0,222.0,0.0,27.0,1.0
2023-12-28 10:00:00,222.0,1373.0,218.0,0.0,27.0,0.0
2023-12-28 11:00:00,221.0,1373.0,212.0,0.0,27.0,1.0
2023-12-28 12:00:00,221.0,1374.0,209.0,0.0,27.0,1.0
2023-12-28 13:00:00,221.0,1374.0,213.0,0.0,27.0,0.0
2023-12-28 14:00:00,221.0,1373.0,225.0,0.0,27.0,0.0
2023-12-28 15:00:00,220.0,1390.0,233.0,0.0,27.0,0.0
2023-12-28 16:00:00,220.0,1319.0,230.0,90.0,27.0,0.0
2023-12-28 17:00:00,218.0,667.0,178.0,421.0,27.0,0.0
2023-12-28 18:00:00,218.0,539.0,151.0,691.0,27.0,0.0
2023-12-28 19:00:00,220.0,530.0,147.0,811.0,27.0,0.0
2023-12-28 20:00:00,221.0,526.0,146.0,809.0,27.0,5.0
2023-12-28 21:00:00,221.0,534.0,140.0,798.0,28.0,20.0
2023-12-28 22:00:00,221.0,530.0,146.0,765.0,136.0,33.0
2023-12-28 23:00:00,220.0,524.0,155.0,618.0,138.0,35.0
2023-12-29 00:00:00,222.0,726.0,196.0,319.0,138.0,26.0
2023-12-29 01:00:00,251.0,1025.0,237.0,21.0,138.0,19.0
2023-12-29 02:00:00,302.0,1125.0,237.0,0.0,137.0,12.0
2023-12-29 03:00:00,282.0,1126.0,236.0,0.0,138.0,3.0
2023-12-29 04:00:00,354.0,1125.0,235.0,0.0,137.0,0.0
2023-12-29 05:00:00,476.0,1123.0,235.0,0.0,28.0,0.0
2023-12-29 06:00:00,418.0,1124.0,233.0,0.0,28.0,0.0
2023-12-29 07:00:00,423.0,1114.0,232.0,0.0,28.0,0.0
2023-12-29 08:00:00,402.0,1090.0,225.0,0.0,28.0,0.0
2023-12-29 09:00:00,444.0,813.0,221.0,0.0,18.0,0.0
2023-12-29 10:00:00,411.0,617.0,218.0,0.0,18.0,0.0
2023-12-29 11:00:00,316.0,554.0,213.0,0.0,18.0,0.0
2023-12-29 12:00:00,271.0,570.0,209.0,0.0,18.0,0.0
2023-12-29 13:00:00,253.0,579.0,212.0,0.0,17.0,0.0
2023-12-29 14:00:00,311.0,638.0,222.0,0.0,18.0,0.0
2023-12-29 15:00:00,334.0,831.0,231.0,0.0,18.0,0.0
2023-12-29 16:00:00,264.0,833.0,224.0,58.0,18.0,0.0
2023-12-29 17:00:00,247.0,772.0,210.0,279.0,17.0,0.0
2023-12-29 18:00:00,231.0,676.0,178.0,577.0,18.0,0.0
2023-12-29 19:00:00,229.0,561.0,110.0,759.0,18.0,0.0
2023-12-29 20:00:00,229.0,487.0,112.0,716.0,18.0,0.0
2023-12-29 21:00:00,228.0,466.0,109.0,699.0,17.0,0.0
2023-12-29 22:00:00,228.0,590.0,112.0,699.0,120.0,0.0
2023-12-29 23:00:00,228.0,854.0,164.0,478.0,128.0,0.0
2023-12-30 00:00:00,230.0,1330.0,219.0,124.0,128.0,0.0
2023-12-30 01:00:00,290.0,1453.0,236.0,16.0,128.0,0.0
2023-12-30 02:00:00,232.0,1451.0,236.0,0.0,127.0,0.0
2023-12-30 03:00:00,249.0,1401.0,235.0,0.0,127.0,0.0
2023-12-30 04:00:00,309.0,1405.0,234.0,0.0,117.0,0.0
2023-12-30 05:00:00,346.0,1409.0,235.0,0.0,17.0,0.0
2023-12-30 06:00:00,367.0,1409.0,235.0,0.0,17.0,0.0
2023-12-30 07:00:00,288.0,1413.0,236.0,0.0,17.0,1.0
2023-12-30 08:00:00,231.0,1397.0,233.0,0.0,17.0,6.0
2023-12-30 09:00:00,229.0,1064.0,227.0,0.0,17.0,10.0
2023-12-30 10:00:00,229.0,1029.0,217.0,0.0,23.0,18.0
2023-12-30 11:00:00,229.0,762.0,210.0,0.0,45.0,2.0
2023-12-30 12:00:00,229.0,759.0,197.0,0.0,17.0,5.0
2023-12-30 13:00:00,229.0,758.0,201.0,0.0,17.0,14.0
2023-12-30 14:00:00,229.0,771.0,210.0,0.0,17.0,23.0
2023-12-30 15:00:00,230.0,769.0,218.0,0.0,17.0,18.0
2023-12-30 16:00:00,268.0,764.0,206.0,55.0,17.0,9.0
2023-12-30 17:00:00,232.0,652.0,171.0,229.0,17.0,0.0
2023-12-30 18:00:00,229.0,516.0,107.0,407.0,17.0,1.0
2023-12-30 19:00:00,229.0,515.0,106.0,484.0,17.0,4.0
2023-12-30 20:00:00,229.0,504.0,105.0,621.0,17.0,20.0
2023-12-30 21:00:00,228.0,501.0,113.0,509.0,17.0,18.0
2023-12-30 22:00:00,229.0,502.0,105.0,507.0,119.0,14.0
2023-12-30 23:00:00,227.0,509.0,107.0,329.0,127.0,16.0
2023-12-31 00:00:00,227.0,693.0,167.0,213.0,128.0,26.0
2023-12-31 01:00:00,229.0,916.0,232.0,19.0,127.0,12.0
2023-12-31 02:00:00,260.0,1021.0,232.0,0.0,127.0,17.0
2023-12-31 03:00:00,404.0,1020.0,233.0,0.0,127.0,16.0
2023-12-31 04:00:00,395.0,1018.0,227.0,0.0,120.0,17.0
2023-12-31 05:00:00,459.0,1032.0,230.0,0.0,17.0,15.0
2023-12-31 06:00:00,419.0,1064.0,229.0,0.0,17.0,20.0
2023-12-31 07:00:00,404.0,1054.0,225.0,0.0,17.0,27.0
2023-12-31 08:00:00,315.0,1044.0,228.0,0.0,17.0,30.0
2023-12-31 09:00:00,235.0,1010.0,222.0,0.0,17.0,11.0
2023-12-31 10:00:00,230.0,1005.0,216.0,0.0,18.0,5.0
2023-12-31 11:00:00,229.0,1004.0,203.0,0.0,17.0,3.0
2023-12-31 12:00:00,229.0,1004.0,199.0,0.0,17.0,3.0
2023-12-31 13:00:00,229.0,1004.0,202.0,0.0,17.0,2.0
2023-12-31 14:00:00,228.0,1010.0,212.0,0.0,17.0,2.0
2023-12-31 15:00:00,229.0,1022.0,212.0,0.0,18.0,7.0
2023-12-31 16:00:00,229.0,810.0,207.0,94.0,17.0,9.0
2023-12-31 17:00:00,228.0,717.0,187.0,315.0,17.0,1.0
2023-12-31 18:00:00,228.0,713.0,120.0,493.0,17.0,0.0
2023-12-31 19:00:00,228.0,728.0,111.0,557.0,17.0,0.0
2023-12-31 20:00:00,228.0,741.0,111.0,487.0,18.0,0.0
2023-12-31 21:00:00,228.0,740.0,113.0,453.0,17.0,0.0
2023-12-31 22:00:00,228.0,773.0,158.0,345.0,18.0,0.0
2023-12-31 23:00:00,228.0,788.0,192.0,220.0,18.0,0.0
2024-01-01 00:00:00,263.0,1134.0,209.0,123.0,17.0,0.0
2024-01-01 01:00:00,408.0,1240.0,233.0,21.0,17.0,4.0
2024-01-01 02:00:00,462.0,1274.0,233.0,0.0,17.0,0.0
2024-01-01 03:00:00,412.0,1268.0,235.0,0.0,17.0,0.0
2024-01-01 04:00:00,320.0,1259.0,233.0,0.0,18.0,1.0
2024-01-01 05:00:00,417.0,1231.0,231.0,0.0,18.0,4.0
2024-01-01 06:00:00,341.0,1231.0,233.0,0.0,18.0,3.0
2024-01-01 07:00:00,281.0,1234.0,228.0,0.0,18.0,0.0
2024-01-01 08:00:00,275.0,1220.0,223.0,0.0,18.0,0.0
2024-01-01 09:00:00,228.0,1036.0,219.0,0.0,28.0,0.0
2024-01-01 10:00:00,222.0,1023.0,223.0,0.0,27.0,0.0
2024-01-01 11:00:00,221.0,1025.0,217.0,0.0,28.0,0.0
2024-01-01 12:00:00,221.0,1025.0,209.0,0.0,27.0,0.0
2024-01-01 13:00:00,221.0,1026.0,215.0,0.0,28.0,0.0
2024-01-01 14:00:00,221.0,1010.0,215.0,0.0,28.0,0.0
2024-01-01 15:00:00,220.0,1022.0,219.0,0.0,252.0,0.0
2024-01-01 16:00:00,219.0,872.0,211.0,97.0,265.0,0.0
2024-01-01 17:00:00,219.0,686.0,138.0,481.0,28.0,0.0
2024-01-01 18:00:00,219.0,602.0,109.0,752.0,28.0,0.0
2024-01-01 19:00:00,220.0,507.0,106.0,770.0,28.0,0.0
2024-01-01 20:00:00,220.0,499.0,105.0,760.0,28.0,0.0
2024-01-01 21:00:00,221.0,498.0,105.0,758.0,27.0,1.0
2024-01-01 22:00:00,220.0,500.0,105.0,763.0,28.0,8.0
2024-01-01 23:00:00,220.0,500.0,111.0,677.0,28.0,13.0
2024-01-02 00:00:00,221.0,672.0,172.0,350.0,29.0,17.0
2024-01-02 01:00:00,228.0,1237.0,198.0,33.0,127.0,13.0
2024-01-02 02:00:00,268.0,1367.0,224.0,0.0,138.0,7.0
2024-01-02 03:00:00,333.0,1368.0,226.0,0.0,138.0,5.0
2024-01-02 04:00:00,330.0,1369.0,225.0,0.0,139.0,3.0
2024-01-02 05:00:00,362.0,1368.0,231.0,0.0,137.0,3.0
2024-01-02 06:00:00,431.0,1367.0,234.0,0.0,31.0,0.0
2024-01-02 07:00:00,313.0,1255.0,231.0,0.0,27.0,0.0
2024-01-02 08:00:00,225.0,1088.0,229.0,0.0,27.0,0.0
2024-01-02 09:00:00,221.0,1025.0,229.0,0.0,27.0,0.0
2024-01-02 10:00:00,220.0,1025.0,217.0,0.0,27.0,0.0
2024-01-02 11:00:00,219.0,1024.0,211.0,0.0,27.0,0.0
2024-01-02 12:00:00,219.0,1025.0,208.0,0.0,27.0,0.0
2024-01-02 13:00:00,219.0,1023.0,214.0,0.0,27.0,0.0
2024-01-02 14:00:00,223.0,1021.0,229.0,0.0,27.0,0.0
2024-01-02 15:00:00,312.0,1062.0,237.0,0.0,260.0,0.0
2024-01-02 16:00:00,362.0,1046.0,231.0,120.0,265.0,0.0
2024-01-02 17:00:00,342.0,619.0,170.0,521.0,32.0,0.0
2024-01-02 18:00:00,242.0,516.0,127.0,780.0,28.0,0.0
2024-01-02 19:00:00,221.0,518.0,126.0,741.0,27.0,0.0
2024-01-02 20:00:00,221.0,501.0,124.0,823.0,27.0,0.0
2024-01-02 21:00:00,220.0,514.0,121.0,669.0,28.0,0.0
2024-01-02 22:00:00,220.0,528.0,120.0,562.0,29.0,3.0
2024-01-02 23:00:00,220.0,729.0,140.0,285.0,129.0,5.0
2024-01-03 00:00:00,220.0,956.0,207.0,223.0,138.0,6.0
2024-01-03 01:00:00,219.0,1349.0,243.0,43.0,375.0,2.0
2024-01-03 02:00:00,221.0,1375.0,245.0,0.0,378.0,3.0
2024-01-03 03:00:00,221.0,1371.0,245.0,0.0,378.0,5.0
2024-01-03 04:00:00,225.0,1370.0,244.0,0.0,367.0,2.0
2024-01-03 05:00:00,331.0,1369.0,243.0,0.0,267.0,0.0
2024-01-03 06:00:00,302.0,1369.0,244.0,0.0,264.0,4.0
2024-01-03 07:00:00,230.0,1365.0,241.0,0.0,32.0,4.0
2024-01-03 08:00:00,223.0,1232.0,234.0,0.0,27.0,11.0
2024-01-03 09:00:00,221.0,1223.0,228.0,0.0,27.0,41.0
2024-01-03 10:00:00,220.0,1127.0,221.0,0.0,27.0,74.0
2024-01-03 11:00:00,220.0,1129.0,209.0,0.0,27.0,92.0
2024-01-03 12:00:00,221.0,1127.0,209.0,0.0,27.0,91.0
2024-01-03 13:00:00,220.0,1125.0,212.0,0.0,27.0,87.0
2024-01-03 14:00:00,220.0,1088.0,221.0,0.0,31.0,82.0
2024-01-03 15:00:00,220.0,1173.0,230.0,0.0,266.0,73.0
2024-01-03 16:00:00,239.0,1177.0,235.0,50.0,269.0,51.0
2024-01-03 17:00:00,224.0,1029.0,232.0,294.0,266.0,53.0
2024-01-03 18:00:00,221.0,709.0,191.0,481.0,266.0,37.0
2024-01-03 19:00:00,223.0,723.0,169.0,353.0,33.0,41.0
2024-01-03 20:00:00,274.0,706.0,168.0,416.0,29.0,43.0
2024-01-03 21:00:00,226.0,837.0,190.0,437.0,28.0,67.0
2024-01-03 22:00:00,221.0,960.0,226.0,424.0,28.0,136.0
2024-01-03 23:00:00,221.0,1093.0,232.0,581.0,130.0,88.0
2024-01-04 00:00:00,221.0,1364.0,237.0,286.0,138.0,66.0
2024-01-04 01:00:00,239.0,1600.0,244.0,26.0,138.0,44.0
2024-01-04 02:00:00,343.0,1703.0,245.0,0.0,138.0,42.0
2024-01-04 03:00:00,362.0,1706.0,245.0,0.0,138.0,38.0
2024-01-04 04:00:00,305.0,1715.0,244.0,0.0,130.0,49.0
2024-01-04 05:00:00,395.0,1717.0,245.0,0.0,28.0,46.0
2024-01-04 06:00:00,329.0,1689.0,245.0,0.0,28.0,47.0
2024-01-04 07:00:00,260.0,1459.0,242.0,0.0,28.0,57.0
2024-01-04 08:00:00,224.0,1348.0,234.0,0.0,27.0,87.0
2024-01-04 09:00:00,223.0,1122.0,226.0,0.0,27.0,59.0
2024-01-04 10:00:00,217.0,1092.0,226.0,0.0,27.0,67.0
2024-01-04 11:00:00,219.0,1021.0,216.0,0.0,27.0,80.0
2024-01-04 12:00:00,219.0,1017.0,212.0,0.0,27.0,71.0
2024-01-04 13:00:00,220.0,1019.0,219.0,0.0,27.0,54.0
2024-01-04 14:00:00,220.0,1026.0,231.0,0.0,27.0,36.0
2024-01-04 15:00:00,219.0,1027.0,234.0,0.0,210.0,39.0
2024-01-04 16:00:00,221.0,1024.0,240.0,96.0,211.0,45.0
2024-01-04 17:00:00,220.0,681.0,192.0,517.0,28.0,41.0
2024-01-04 18:00:00,218.0,605.0,158.0,799.0,0.0,35.0
2024-01-04 19:00:00,215.0,744.0,176.0,837.0,0.0,28.0
2024-01-04 20:00:00,266.0,754.0,132.0,869.0,0.0,37.0
2024-01-04 21:00:00,242.0,771.0,122.0,869.0,0.0,52.0
2024-01-04 22:00:00,206.0,763.0,121.0,836.0,0.0,59.0
2024-01-04 23:00:00,202.0,784.0,155.0,733.0,0.0,33.0
2024-01-05 00:00:00,202.0,942.0,188.0,389.0,128.0,18.0
2024-01-05 01:00:00,217.0,1193.0,237.0,40.0,375.0,35.0
2024-01-05 02:00:00,219.0,1270.0,242.0,0.0,378.0,38.0
2024-01-05 03:00:00,218.0,1276.0,245.0,0.0,377.0,17.0
2024-01-05 04:00:00,219.0,1277.0,244.0,0.0,369.0,13.0
2024-01-05 05:00:00,219.0,1278.0,245.0,0.0,267.0,33.0
2024-01-05 06:00:00,219.0,1278.0,245.0,0.0,265.0,19.0
2024-01-05 07:00:00,219.0,1236.0,245.0,0.0,29.0,7.0
2024-01-05 08:00:00,219.0,1100.0,236.0,0.0,27.0,3.0
2024-01-05 09:00:00,223.0,1073.0,218.0,0.0,20.0,12.0
2024-01-05 10:00:00,211.0,1027.0,211.0,0.0,20.0,6.0
2024-01-05 11:00:00,205.0,1024.0,216.0,0.0,20.0,7.0
2024-01-05 12:00:00,204.0,1024.0,218.0,0.0,20.0,9.0
2024-01-05 13:00:00,204.0,1029.0,222.0,0.0,20.0,16.0
2024-01-05 14:00:00,200.0,1075.0,234.0,0.0,26.0,18.0
2024-01-05 15:00:00,206.0,1079.0,235.0,0.0,257.0,12.0
2024-01-05 16:00:00,221.0,1018.0,237.0,31.0,261.0,10.0
2024-01-05 17:00:00,208.0,823.0,232.0,199.0,250.0,7.0
2024-01-05 18:00:00,212.0,806.0,230.0,450.0,22.0,3.0
2024-01-05 19:00:00,224.0,788.0,205.0,662.0,0.0,1.0
2024-01-05 20:00:00,212.0,747.0,201.0,723.0,0.0,0.0
2024-01-05 21:00:00,211.0,862.0,121.0,849.0,0.0,0.0
2024-01-05 22:00:00,210.0,905.0,117.0,818.0,0.0,0.0
2024-01-05 23:00:00,210.0,893.0,144.0,723.0,0.0,20.0
2024-01-06 00:00:00,207.0,967.0,183.0,390.0,0.0,43.0
2024-01-06 01:00:00,206.0,1181.0,237.0,43.0,120.0,28.0
2024-01-06 02:00:00,215.0,1395.0,246.0,0.0,130.0,13.0
2024-01-06 03:00:00,213.0,1399.0,246.0,0.0,130.0,9.0
2024-01-06 04:00:00,211.0,1388.0,246.0,0.0,122.0,13.0
2024-01-06 05:00:00,210.0,1509.0,246.0,0.0,20.0,5.0
2024-01-06 06:00:00,211.0,1476.0,246.0,0.0,20.0,1.0
2024-01-06 07:00:00,272.0,1262.0,245.0,0.0,20.0,0.0
2024-01-06 08:00:00,321.0,1072.0,241.0,0.0,20.0,0.0
2024-01-06 09:00:00,226.0,1066.0,234.0,0.0,20.0,0.0
2024-01-06 10:00:00,207.0,1018.0,230.0,0.0,20.0,0.0
2024-01-06 11:00:00,205.0,1004.0,226.0,0.0,20.0,0.0
2024-01-06 12:00:00,204.0,802.0,228.0,0.0,20.0,2.0
2024-01-06 13:00:00,204.0,766.0,231.0,0.0,20.0,2.0
2024-01-06 14:00:00,204.0,781.0,232.0,0.0,20.0,3.0
2024-01-06 15:00:00,199.0,786.0,237.0,0.0,254.0,0.0
2024-01-06 16:00:00,206.0,765.0,233.0,78.0,255.0,10.0
2024-01-06 17:00:00,205.0,629.0,191.0,459.0,21.0,37.0
2024-01-06 18:00:00,204.0,516.0,146.0,737.0,19.0,57.0
2024-01-06 19:00:00,203.0,520.0,111.0,750.0,0.0,98.0
2024-01-06 20:00:00,203.0,520.0,111.0,642.0,0.0,98.0
2024-01-06 21:00:00,203.0,518.0,114.0,499.0,0.0,133.0
2024-01-06 22:00:00,202.0,530.0,120.0,380.0,0.0,170.0
2024-01-06 23:00:00,202.0,674.0,174.0,223.0,0.0,216.0
2024-01-07 00:00:00,203.0,776.0,223.0,177.0,120.0,261.0
2024-01-07 01:00:00,203.0,779.0,240.0,32.0,129.0,271.0
2024-01-07 02:00:00,205.0,1202.0,245.0,0.0,124.0,252.0
2024-01-07 03:00:00,267.0,1493.0,245.0,0.0,20.0,251.0
2024-01-07 04:00:00,210.0,1424.0,244.0,0.0,20.0,181.0
2024-01-07 05:00:00,209.0,1412.0,245.0,0.0,20.0,185.0
2024-01-07 06:00:00,205.0,1382.0,244.0,0.0,20.0,189.0
2024-01-07 07:00:00,204.0,1237.0,243.0,0.0,20.0,195.0
2024-01-07 08:00:00,203.0,1209.0,233.0,0.0,19.0,241.0
2024-01-07 09:00:00,195.0,1008.0,231.0,0.0,26.0,198.0
2024-01-07 10:00:00,195.0,948.0,229.0,0.0,26.0,223.0
2024-01-07 11:00:00,194.0,746.0,221.0,0.0,26.0,192.0
2024-01-07 12:00:00,196.0,758.0,222.0,0.0,26.0,116.0
2024-01-07 13:00:00,196.0,754.0,223.0,0.0,26.0,83.0
2024-01-07 14:00:00,196.0,772.0,224.0,0.0,26.0,39.0
2024-01-07 15:00:00,195.0,824.0,230.0,0.0,260.0,7.0
2024-01-07 16:00:00,194.0,654.0,220.0,94.0,268.0,93.0
2024-01-07 17:00:00,195.0,441.0,185.0,522.0,46.0,80.0
2024-01-07 18:00:00,197.0,370.0,113.0,816.0,0.0,141.0
2024-01-07 19:00:00,196.0,349.0,108.0,807.0,0.0,182.0
2024-01-07 20:00:00,196.0,350.0,105.0,751.0,0.0,191.0
2024-01-07 21:00:00,195.0,349.0,107.0,800.0,0.0,206.0
2024-01-07 22:00:00,194.0,349.0,109.0,814.0,0.0,138.0
2024-01-07 23:00:00,194.0,365.0,128.0,771.0,0.0,88.0
2024-01-08 00:00:00,192.0,447.0,162.0,432.0,19.0,53.0
2024-01-08 01:00:00,195.0,745.0,237.0,50.0,251.0,70.0
2024-01-08 02:00:00,295.0,1270.0,245.0,0.0,256.0,72.0
2024-01-08 03:00:00,217.0,1275.0,245.0,0.0,458.0,77.0
2024-01-08 04:00:00,193.0,1261.0,244.0,0.0,485.0,66.0
2024-01-08 05:00:00,195.0,1207.0,244.0,0.0,502.0,81.0
2024-01-08 06:00:00,284.0,1202.0,244.0,0.0,466.0,96.0
2024-01-08 07:00:00,209.0,1163.0,243.0,0.0,34.0,106.0
2024-01-08 08:00:00,196.0,1081.0,242.0,0.0,26.0,81.0
2024-01-08 09:00:00,191.0,959.0,243.0,0.0,26.0,38.0
2024-01-08 10:00:00,194.0,960.0,238.0,0.0,26.0,48.0
2024-01-08 11:00:00,195.0,1016.0,235.0,0.0,26.0,68.0
2024-01-08 12:00:00,195.0,960.0,235.0,0.0,26.0,64.0
2024-01-08 13:00:00,195.0,1022.0,240.0,0.0,26.0,92.0
2024-01-08 14:00:00,194.0,1133.0,243.0,0.0,27.0,122.0
2024-01-08 15:00:00,196.0,1240.0,245.0,0.0,254.0,128.0
2024-01-08 16:00:00,236.0,1198.0,244.0,117.0,257.0,81.0
2024-01-08 17:00:00,203.0,849.0,229.0,535.0,211.0,53.0
2024-01-08 18:00:00,202.0,623.0,162.0,827.0,28.0,53.0
2024-01-08 19:00:00,223.0,662.0,143.0,875.0,0.0,27.0
2024-01-08 20:00:00,199.0,666.0,121.0,885.0,0.0,12.0
2024-01-08 21:00:00,196.0,637.0,119.0,874.0,0.0,3.0
2024-01-08 22:00:00,195.0,599.0,121.0,828.0,0.0,1.0
2024-01-08 23:00:00,195.0,705.0,145.0,745.0,0.0,0.0
2024-01-09 00:00:00,191.0,970.0,206.0,414.0,22.0,0.0
2024-01-09 01:00:00,192.0,1452.0,244.0,53.0,240.0,0.0
2024-01-09 02:00:00,247.0,1655.0,246.0,0.0,266.0,0.0
2024-01-09 03:00:00,388.0,1692.0,245.0,0.0,266.0,1.0
2024-01-09 04:00:00,303.0,1691.0,245.0,0.0,267.0,0.0
2024-01-09 05:00:00,283.0,1539.0,245.0,0.0,266.0,1.0
2024-01-09 06:00:00,207.0,1529.0,245.0,0.0,255.0,3.0
2024-01-09 07:00:00,197.0,1321.0,244.0,0.0,30.0,5.0
2024-01-09 08:00:00,198.0,1211.0,244.0,0.0,26.0,14.0
2024-01-09 09:00:00,198.0,1060.0,241.0,0.0,26.0,7.0
2024-01-09 10:00:00,199.0,1071.0,237.0,0.0,26.0,22.0
2024-01-09 11:00:00,196.0,873.0,232.0,0.0,26.0,62.0
2024-01-09 12:00:00,205.0,787.0,232.0,0.0,26.0,81.0
2024-01-09 13:00:00,329.0,830.0,232.0,0.0,26.0,101.0
2024-01-09 14:00:00,470.0,829.0,233.0,0.0,26.0,138.0
2024-01-09 15:00:00,609.0,870.0,235.0,0.0,26.0,122.0
2024-01-09 16:00:00,632.0,725.0,232.0,123.0,26.0,158.0
2024-01-09 17:00:00,632.0,416.0,187.0,584.0,27.0,149.0
2024-01-09 18:00:00,633.0,349.0,143.0,867.0,0.0,228.0
2024-01-09 19:00:00,633.0,350.0,128.0,911.0,0.0,245.0
2024-01-09 20:00:00,633.0,349.0,123.0,830.0,0.0,252.0
2024-01-09 21:00:00,633.0,351.0,122.0,671.0,0.0,257.0
2024-01-09 22:00:00,633.0,354.0,115.0,331.0,0.0,254.0
2024-01-09 23:00:00,632.0,490.0,126.0,139.0,0.0,260.0
2024-01-10 00:00:00,632.0,582.0,169.0,106.0,8.0,233.0
2024-01-10 01:00:00,633.0,844.0,217.0,61.0,26.0,236.0
2024-01-10 02:00:00,633.0,1094.0,231.0,0.0,196.0,236.0
2024-01-10 03:00:00,539.0,1342.0,235.0,0.0,213.0,271.0
2024-01-10 04:00:00,355.0,1362.0,238.0,0.0,213.0,306.0
2024-01-10 05:00:00,282.0,1299.0,240.0,0.0,213.0,293.0
2024-01-10 06:00:00,215.0,1296.0,244.0,0.0,212.0,257.0
2024-01-10 07:00:00,208.0,1170.0,242.0,0.0,212.0,126.0
2024-01-10 08:00:00,203.0,995.0,241.0,0.0,35.0,44.0
2024-01-10 09:00:00,198.0,878.0,235.0,0.0,26.0,25.0
2024-01-10 10:00:00,196.0,821.0,233.0,0.0,26.0,20.0
2024-01-10 11:00:00,196.0,765.0,225.0,0.0,26.0,23.0
2024-01-10 12:00:00,205.0,566.0,219.0,0.0,26.0,32.0
2024-01-10 13:00:00,329.0,569.0,226.0,0.0,26.0,42.0
2024-01-10 14:00:00,469.0,656.0,231.0,0.0,26.0,50.0
2024-01-10 15:00:00,609.0,756.0,232.0,0.0,26.0,83.0
2024-01-10 16:00:00,633.0,742.0,230.0,136.0,26.0,228.0
2024-01-10 17:00:00,633.0,451.0,214.0,580.0,27.0,213.0
2024-01-10 18:00:00,633.0,358.0,155.0,838.0,0.0,280.0
2024-01-10 19:00:00,633.0,374.0,129.0,854.0,0.0,309.0
2024-01-10 20:00:00,633.0,351.0,123.0,889.0,0.0,313.0
2024-01-10 21:00:00,632.0,350.0,110.0,858.0,0.0,303.0
2024-01-10 22:00:00,634.0,349.0,107.0,813.0,0.0,294.0
2024-01-10 23:00:00,633.0,440.0,123.0,732.0,0.0,313.0
2024-01-11 00:00:00,633.0,633.0,169.0,380.0,0.0,322.0
2024-01-11 01:00:00,629.0,925.0,227.0,36.0,27.0,312.0
2024-01-11 02:00:00,511.0,1155.0,234.0,0.0,209.0,296.0
2024-01-11 03:00:00,356.0,1261.0,234.0,0.0,211.0,289.0
2024-01-11 04:00:00,313.0,1263.0,242.0,0.0,213.0,157.0
2024-01-11 05:00:00,307.0,1262.0,242.0,0.0,212.0,148.0
2024-01-11 06:00:00,284.0,1264.0,243.0,0.0,210.0,34.0
2024-01-11 07:00:00,277.0,1112.0,241.0,0.0,25.0,22.0
2024-01-11 08:00:00,208.0,834.0,236.0,0.0,25.0,17.0
2024-01-11 09:00:00,206.0,750.0,225.0,0.0,18.0,12.0
2024-01-11 10:00:00,204.0,734.0,178.0,0.0,18.0,77.0
2024-01-11 11:00:00,204.0,709.0,164.0,0.0,18.0,64.0
2024-01-11 12:00:00,204.0,707.0,162.0,0.0,18.0,64.0
2024-01-11 13:00:00,199.0,759.0,203.0,0.0,18.0,99.0
2024-01-11 14:00:00,201.0,907.0,232.0,0.0,241.0,71.0
2024-01-11 15:00:00,262.0,1039.0,235.0,0.0,259.0,97.0
2024-01-11 16:00:00,209.0,1029.0,241.0,106.0,255.0,61.0
2024-01-11 17:00:00,206.0,877.0,198.0,567.0,22.0,43.0
2024-01-11 18:00:00,209.0,497.0,170.0,864.0,0.0,34.0
2024-01-11 19:00:00,207.0,348.0,154.0,914.0,0.0,18.0
2024-01-11 20:00:00,205.0,351.0,148.0,917.0,0.0,7.0
2024-01-11 21:00:00,204.0,349.0,119.0,905.0,0.0,10.0
2024-01-11 22:00:00,203.0,350.0,117.0,869.0,0.0,24.0
2024-01-11 23:00:00,203.0,351.0,131.0,783.0,0.0,26.0
2024-01-12 00:00:00,201.0,471.0,177.0,454.0,26.0,32.0
2024-01-12 01:00:00,214.0,898.0,240.0,64.0,217.0,47.0
2024-01-12 02:00:00,265.0,1253.0,256.0,0.0,214.0,85.0
2024-01-12 03:00:00,368.0,1254.0,257.0,0.0,213.0,70.0
2024-01-12 04:00:00,291.0,1262.0,256.0,0.0,213.0,94.0
2024-01-12 05:00:00,253.0,1259.0,254.0,0.0,213.0,125.0
2024-01-12 06:00:00,226.0,1219.0,253.0,0.0,211.0,128.0
2024-01-12 07:00:00,206.0,1157.0,249.0,0.0,26.0,165.0
2024-01-12 08:00:00,227.0,966.0,249.0,0.0,25.0,210.0
2024-01-12 09:00:00,284.0,799.0,246.0,0.0,26.0,229.0
2024-01-12 10:00:00,267.0,561.0,237.0,0.0,25.0,264.0
2024-01-12 11:00:00,263.0,477.0,231.0,0.0,26.0,262.0
2024-01-12 12:00:00,225.0,476.0,229.0,0.0,26.0,275.0
2024-01-12 13:00:00,205.0,486.0,230.0,0.0,25.0,263.0
2024-01-12 14:00:00,202.0,658.0,233.0,0.0,259.0,262.0
2024-01-12 15:00:00,257.0,695.0,243.0,0.0,392.0,288.0
2024-01-12 16:00:00,320.0,770.0,241.0,127.0,286.0,288.0
2024-01-12 17:00:00,308.0,688.0,208.0,548.0,227.0,298.0
2024-01-12 18:00:00,218.0,484.0,176.0,775.0,27.0,303.0
2024-01-12 19:00:00,204.0,358.0,171.0,742.0,0.0,304.0
2024-01-12 20:00:00,203.0,358.0,170.0,649.0,0.0,312.0
2024-01-12 21:00:00,203.0,359.0,152.0,627.0,0.0,318.0
2024-01-12 22:00:00,203.0,378.0,134.0,599.0,0.0,298.0
2024-01-12 23:00:00,203.0,483.0,149.0,364.0,0.0,275.0
2024-01-13 00:00:00,199.0,651.0,179.0,449.0,2.0,273.0
2024-01-13 01:00:00,201.0,1058.0,244.0,66.0,227.0,291.0
2024-01-13 02:00:00,285.0,1168.0,254.0,0.0,265.0,292.0
2024-01-13 03:00:00,299.0,1166.0,252.0,0.0,265.0,303.0
2024-01-13 04:00:00,269.0,1166.0,250.0,0.0,265.0,305.0
2024-01-13 05:00:00,240.0,1161.0,245.0,0.0,265.0,299.0
2024-01-13 06:00:00,212.0,1160.0,243.0,0.0,262.0,281.0
2024-01-13 07:00:00,201.0,1160.0,237.0,0.0,30.0,297.0
2024-01-13 08:00:00,200.0,970.0,236.0,0.0,26.0,304.0
2024-01-13 09:00:00,201.0,1095.0,244.0,0.0,26.0,259.0
2024-01-13 10:00:00,202.0,1080.0,236.0,0.0,26.0,172.0
2024-01-13 11:00:00,202.0,728.0,244.0,0.0,26.0,149.0
2024-01-13 12:00:00,203.0,724.0,246.0,0.0,26.0,107.0
2024-01-13 13:00:00,203.0,724.0,253.0,0.0,26.0,115.0
2024-01-13 14:00:00,206.0,724.0,246.0,0.0,26.0,93.0
2024-01-13 15:00:00,301.0,724.0,253.0,0.0,26.0,87.0
2024-01-13 16:00:00,319.0,672.0,250.0,120.0,26.0,79.0
2024-01-13 17:00:00,224.0,523.0,203.0,548.0,26.0,161.0
2024-01-13 18:00:00,203.0,312.0,159.0,813.0,0.0,210.0
2024-01-13 19:00:00,205.0,305.0,132.0,840.0,0.0,216.0
2024-01-13 20:00:00,201.0,304.0,119.0,830.0,0.0,244.0
2024-01-13 21:00:00,199.0,331.0,117.0,797.0,0.0,274.0
2024-01-13 22:00:00,200.0,306.0,117.0,668.0,0.0,293.0
2024-01-13 23:00:00,204.0,305.0,139.0,380.0,0.0,286.0
2024-01-14 00:00:00,204.0,367.0,172.0,222.0,53.0,286.0
2024-01-14 01:00:00,324.0,822.0,247.0,54.0,273.0,280.0
2024-01-14 02:00:00,385.0,1196.0,250.0,0.0,493.0,287.0
2024-01-14 03:00:00,360.0,1342.0,250.0,0.0,509.0,274.0
2024-01-14 04:00:00,357.0,1293.0,249.0,0.0,504.0,285.0
2024-01-14 05:00:00,380.0,1169.0,249.0,0.0,505.0,289.0
2024-01-14 06:00:00,383.0,1169.0,251.0,0.0,504.0,289.0
2024-01-14 07:00:00,384.0,1015.0,247.0,0.0,40.0,297.0
2024-01-14 08:00:00,378.0,871.0,241.0,0.0,30.0,300.0
2024-01-14 09:00:00,249.0,855.0,224.0,0.0,32.0,289.0
2024-01-14 10:00:00,205.0,760.0,239.0,0.0,32.0,277.0
2024-01-14 11:00:00,204.0,739.0,239.0,0.0,32.0,270.0
2024-01-14 12:00:00,204.0,662.0,239.0,0.0,32.0,263.0
2024-01-14 13:00:00,205.0,663.0,240.0,0.0,32.0,258.0
2024-01-14 14:00:00,216.0,670.0,240.0,0.0,32.0,255.0
2024-01-14 15:00:00,393.0,694.0,240.0,0.0,32.0,244.0
2024-01-14 16:00:00,428.0,720.0,244.0,107.0,32.0,228.0
2024-01-14 17:00:00,385.0,427.0,183.0,383.0,31.0,236.0
2024-01-14 18:00:00,279.0,305.0,142.0,595.0,0.0,207.0
2024-01-14 19:00:00,209.0,306.0,120.0,773.0,0.0,108.0
2024-01-14 20:00:00,203.0,306.0,112.0,771.0,0.0,23.0
2024-01-14 21:00:00,202.0,306.0,113.0,764.0,0.0,29.0
2024-01-14 22:00:00,206.0,306.0,118.0,668.0,0.0,35.0
2024-01-14 23:00:00,204.0,370.0,146.0,435.0,0.0,36.0
2024-01-15 00:00:00,215.0,311.0,176.0,199.0,34.0,30.0
2024-01-15 01:00:00,330.0,607.0,251.0,37.0,262.0,25.0
2024-01-15 02:00:00,484.0,886.0,256.0,0.0,274.0,20.0
2024-01-15 03:00:00,476.0,847.0,257.0,0.0,483.0,14.0
2024-01-15 04:00:00,421.0,858.0,256.0,0.0,486.0,15.0
2024-01-15 05:00:00,481.0,884.0,255.0,0.0,459.0,31.0
2024-01-15 06:00:00,438.0,792.0,255.0,0.0,457.0,39.0
2024-01-15 07:00:00,382.0,654.0,254.0,0.0,37.0,46.0
2024-01-15 08:00:00,353.0,637.0,253.0,0.0,31.0,53.0
2024-01-15 09:00:00,257.0,653.0,251.0,0.0,32.0,31.0
2024-01-15 10:00:00,207.0,679.0,246.0,0.0,31.0,20.0
2024-01-15 11:00:00,203.0,645.0,243.0,0.0,31.0,20.0
2024-01-15 12:00:00,202.0,681.0,242.0,0.0,31.0,22.0
2024-01-15 13:00:00,203.0,638.0,250.0,0.0,31.0,27.0
2024-01-15 14:00:00,202.0,693.0,258.0,0.0,31.0,16.0
2024-01-15 15:00:00,202.0,718.0,257.0,0.0,246.0,9.0
2024-01-15 16:00:00,203.0,710.0,260.0,64.0,264.0,9.0
2024-01-15 17:00:00,242.0,688.0,231.0,406.0,26.0,4.0
2024-01-15 18:00:00,231.0,663.0,229.0,517.0,21.0,0.0
2024-01-15 19:00:00,205.0,587.0,215.0,707.0,21.0,0.0
2024-01-15 20:00:00,204.0,507.0,204.0,694.0,21.0,0.0
2024-01-15 21:00:00,203.0,608.0,200.0,707.0,20.0,0.0
2024-01-15 22:00:00,203.0,615.0,201.0,688.0,19.0,22.0
2024-01-15 23:00:00,202.0,608.0,208.0,603.0,122.0,44.0
2024-01-16 00:00:00,208.0,801.0,232.0,396.0,129.0,51.0
2024-01-16 01:00:00,340.0,1280.0,248.0,69.0,129.0,34.0
2024-01-16 02:00:00,492.0,1317.0,259.0,0.0,129.0,18.0
2024-01-16 03:00:00,551.0,1317.0,260.0,0.0,129.0,69.0
2024-01-16 04:00:00,557.0,1316.0,260.0,0.0,117.0,73.0
2024-01-16 05:00:00,555.0,1317.0,260.0,0.0,19.0,51.0
2024-01-16 06:00:00,528.0,1315.0,260.0,0.0,19.0,51.0
2024-01-16 07:00:00,478.0,1315.0,261.0,0.0,19.0,34.0
2024-01-16 08:00:00,374.0,1168.0,261.0,0.0,19.0,15.0
2024-01-16 09:00:00,246.0,1113.0,259.0,0.0,19.0,6.0
2024-01-16 10:00:00,221.0,1010.0,253.0,0.0,19.0,3.0
2024-01-16 11:00:00,244.0,966.0,259.0,0.0,19.0,0.0
2024-01-16 12:00:00,227.0,966.0,257.0,0.0,19.0,0.0
2024-01-16 13:00:00,244.0,966.0,262.0,0.0,19.0,0.0
2024-01-16 14:00:00,337.0,1011.0,263.0,0.0,21.0,0.0
2024-01-16 15:00:00,462.0,1076.0,263.0,0.0,256.0,0.0
2024-01-16 16:00:00,515.0,1144.0,262.0,132.0,230.0,0.0
2024-01-16 17:00:00,385.0,580.0,231.0,557.0,25.0,0.0
2024-01-16 18:00:00,236.0,377.0,219.0,798.0,0.0,0.0
2024-01-16 19:00:00,205.0,355.0,190.0,856.0,0.0,0.0
2024-01-16 20:00:00,204.0,302.0,126.0,778.0,0.0,0.0
2024-01-16 21:00:00,203.0,304.0,126.0,801.0,0.0,0.0
2024-01-16 22:00:00,203.0,302.0,127.0,822.0,0.0,0.0
2024-01-16 23:00:00,203.0,334.0,149.0,717.0,0.0,0.0
2024-01-17 00:00:00,227.0,412.0,186.0,421.0,131.0,0.0
2024-01-17 01:00:00,446.0,646.0,253.0,70.0,337.0,0.0
2024-01-17 02:00:00,533.0,1025.0,271.0,0.0,318.0,0.0
2024-01-17 03:00:00,520.0,963.0,276.0,0.0,318.0,1.0
2024-01-17 04:00:00,486.0,954.0,275.0,0.0,312.0,16.0
2024-01-17 05:00:00,448.0,841.0,275.0,0.0,209.0,47.0
2024-01-17 06:00:00,320.0,723.0,276.0,0.0,207.0,100.0
2024-01-17 07:00:00,252.0,490.0,262.0,0.0,23.0,121.0
2024-01-17 08:00:00,208.0,536.0,255.0,0.0,23.0,179.0
2024-01-17 09:00:00,205.0,487.0,243.0,0.0,0.0,229.0
2024-01-17 10:00:00,206.0,483.0,239.0,0.0,0.0,233.0
2024-01-17 11:00:00,208.0,469.0,238.0,0.0,0.0,240.0
2024-01-17 12:00:00,202.0,322.0,238.0,0.0,0.0,164.0
2024-01-17 13:00:00,200.0,307.0,244.0,0.0,0.0,189.0
2024-01-17 14:00:00,205.0,315.0,250.0,0.0,0.0,247.0
2024-01-17 15:00:00,332.0,308.0,244.0,0.0,21.0,243.0
2024-01-17 16:00:00,363.0,466.0,249.0,62.0,23.0,251.0
2024-01-17 17:00:00,257.0,474.0,242.0,419.0,23.0,236.0
2024-01-17 18:00:00,211.0,470.0,239.0,592.0,23.0,256.0
2024-01-17 19:00:00,261.0,419.0,202.0,578.0,23.0,268.0
2024-01-17 20:00:00,213.0,306.0,130.0,581.0,23.0,222.0
2024-01-17 21:00:00,203.0,315.0,133.0,598.0,23.0,225.0
2024-01-17 22:00:00,202.0,314.0,134.0,574.0,23.0,211.0
2024-01-17 23:00:00,212.0,315.0,152.0,443.0,23.0,173.0
2024-01-18 00:00:00,281.0,637.0,199.0,170.0,28.0,143.0
2024-01-18 01:00:00,369.0,660.0,242.0,63.0,212.0,142.0
2024-01-18 02:00:00,378.0,982.0,248.0,0.0,209.0,216.0
2024-01-18 03:00:00,398.0,1125.0,250.0,0.0,209.0,215.0
2024-01-18 04:00:00,299.0,1129.0,243.0,0.0,209.0,219.0
2024-01-18 05:00:00,210.0,1048.0,241.0,0.0,210.0,243.0
2024-01-18 06:00:00,204.0,1030.0,241.0,0.0,210.0,225.0
2024-01-18 07:00:00,204.0,788.0,244.0,0.0,27.0,221.0
2024-01-18 08:00:00,206.0,545.0,244.0,0.0,23.0,203.0
2024-01-18 09:00:00,199.0,455.0,246.0,0.0,30.0,170.0
2024-01-18 10:00:00,197.0,340.0,243.0,0.0,30.0,123.0
2024-01-18 11:00:00,196.0,332.0,240.0,0.0,30.0,99.0
2024-01-18 12:00:00,196.0,400.0,240.0,0.0,30.0,78.0
2024-01-18 13:00:00,198.0,475.0,245.0,0.0,30.0,56.0
2024-01-18 14:00:00,281.0,614.0,255.0,0.0,30.0,34.0
2024-01-18 15:00:00,329.0,743.0,245.0,0.0,211.0,18.0
2024-01-18 16:00:00,236.0,723.0,242.0,126.0,213.0,13.0
2024-01-18 17:00:00,265.0,633.0,232.0,563.0,31.0,5.0
2024-01-18 18:00:00,203.0,487.0,172.0,831.0,30.0,0.0
2024-01-18 19:00:00,197.0,320.0,164.0,875.0,30.0,0.0
2024-01-18 20:00:00,195.0,308.0,157.0,880.0,30.0,0.0
2024-01-18 21:00:00,195.0,311.0,138.0,849.0,30.0,0.0
2024-01-18 22:00:00,194.0,358.0,155.0,735.0,30.0,0.0
2024-01-18 23:00:00,194.0,430.0,185.0,596.0,133.0,0.0
2024-01-19 00:00:00,198.0,754.0,253.0,292.0,140.0,0.0
2024-01-19 01:00:00,281.0,1361.0,256.0,43.0,140.0,1.0
2024-01-19 02:00:00,268.0,1357.0,256.0,0.0,140.0,5.0
2024-01-19 03:00:00,328.0,1356.0,256.0,0.0,140.0,1.0
2024-01-19 04:00:00,273.0,1359.0,252.0,0.0,128.0,0.0
2024-01-19 05:00:00,250.0,1360.0,253.0,0.0,30.0,0.0
2024-01-19 06:00:00,304.0,1357.0,255.0,0.0,30.0,0.0
2024-01-19 07:00:00,215.0,1163.0,258.0,0.0,30.0,0.0
2024-01-19 08:00:00,197.0,1068.0,259.0,0.0,30.0,0.0
2024-01-19 09:00:00,204.0,972.0,258.0,0.0,23.0,0.0
2024-01-19 10:00:00,203.0,966.0,253.0,0.0,23.0,0.0
2024-01-19 11:00:00,203.0,966.0,247.0,0.0,23.0,0.0
2024-01-19 12:00:00,204.0,966.0,246.0,0.0,23.0,0.0
2024-01-19 13:00:00,203.0,967.0,249.0,0.0,23.0,0.0
2024-01-19 14:00:00,201.0,968.0,256.0,0.0,30.0,0.0
2024-01-19 15:00:00,266.0,1067.0,251.0,0.0,228.0,0.0
2024-01-19 16:00:00,262.0,1065.0,258.0,57.0,260.0,0.0
2024-01-19 17:00:00,218.0,1067.0,242.0,326.0,210.0,0.0
2024-01-19 18:00:00,319.0,1056.0,235.0,475.0,25.0,0.0
2024-01-19 19:00:00,329.0,1047.0,228.0,559.0,19.0,0.0
2024-01-19 20:00:00,240.0,1244.0,234.0,610.0,20.0,0.0
2024-01-19 21:00:00,224.0,1077.0,228.0,577.0,20.0,0.0
2024-01-19 22:00:00,214.0,1232.0,232.0,486.0,20.0,0.0
2024-01-19 23:00:00,211.0,1265.0,243.0,215.0,122.0,0.0
2024-01-20 00:00:00,294.0,1359.0,249.0,116.0,129.0,0.0
2024-01-20 01:00:00,348.0,1411.0,255.0,26.0,129.0,0.0
2024-01-20 02:00:00,425.0,1449.0,256.0,0.0,129.0,0.0
2024-01-20 03:00:00,487.0,1448.0,256.0,0.0,129.0,0.0
2024-01-20 04:00:00,430.0,1445.0,255.0,0.0,120.0,0.0
2024-01-20 05:00:00,420.0,1359.0,255.0,0.0,19.0,0.0
2024-01-20 06:00:00,459.0,1352.0,255.0,0.0,19.0,0.0
2024-01-20 07:00:00,396.0,1162.0,254.0,0.0,19.0,1.0
2024-01-20 08:00:00,235.0,1162.0,255.0,0.0,19.0,0.0
2024-01-20 09:00:00,204.0,1070.0,243.0,0.0,19.0,5.0
2024-01-20 10:00:00,205.0,969.0,239.0,0.0,19.0,19.0
2024-01-20 11:00:00,204.0,966.0,235.0,0.0,19.0,38.0
2024-01-20 12:00:00,204.0,966.0,234.0,0.0,19.0,27.0
2024-01-20 13:00:00,203.0,966.0,234.0,0.0,19.0,20.0
2024-01-20 14:00:00,206.0,966.0,239.0,0.0,19.0,5.0
2024-01-20 15:00:00,302.0,967.0,239.0,0.0,19.0,11.0
2024-01-20 16:00:00,353.0,966.0,239.0,17.0,19.0,9.0
2024-01-20 17:00:00,268.0,965.0,240.0,178.0,19.0,10.0
2024-01-20 18:00:00,331.0,964.0,241.0,265.0,19.0,35.0
2024-01-20 19:00:00,414.0,964.0,233.0,381.0,19.0,43.0
2024-01-20 20:00:00,488.0,967.0,232.0,362.0,19.0,61.0
2024-01-20 21:00:00,491.0,1066.0,234.0,255.0,18.0,130.0
2024-01-20 22:00:00,495.0,1067.0,235.0,268.0,19.0,145.0
2024-01-20 23:00:00,381.0,1167.0,243.0,284.0,124.0,166.0
2024-01-21 00:00:00,381.0,1167.0,249.0,135.0,129.0,114.0
2024-01-21 01:00:00,341.0,1356.0,256.0,25.0,128.0,95.0
2024-01-21 02:00:00,382.0,1401.0,256.0,0.0,128.0,73.0
2024-01-21 03:00:00,333.0,1458.0,256.0,0.0,118.0,112.0
2024-01-21 04:00:00,339.0,1465.0,255.0,0.0,18.0,49.0
2024-01-21 05:00:00,318.0,1467.0,250.0,0.0,18.0,31.0
2024-01-21 06:00:00,274.0,1441.0,249.0,0.0,18.0,128.0
2024-01-21 07:00:00,215.0,1271.0,248.0,0.0,18.0,117.0
2024-01-21 08:00:00,205.0,1068.0,247.0,0.0,18.0,39.0
2024-01-21 09:00:00,204.0,966.0,241.0,0.0,16.0,31.0
2024-01-21 10:00:00,203.0,961.0,236.0,0.0,0.0,32.0
2024-01-21 11:00:00,203.0,967.0,233.0,0.0,0.0,46.0
2024-01-21 12:00:00,203.0,782.0,229.0,0.0,0.0,60.0
2024-01-21 13:00:00,203.0,706.0,232.0,0.0,0.0,42.0
2024-01-21 14:00:00,203.0,716.0,235.0,0.0,0.0,46.0
2024-01-21 15:00:00,203.0,715.0,233.0,0.0,11.0,48.0
2024-01-21 16:00:00,203.0,723.0,234.0,24.0,19.0,41.0
2024-01-21 17:00:00,202.0,719.0,234.0,221.0,18.0,29.0
2024-01-21 18:00:00,203.0,711.0,218.0,487.0,19.0,26.0
2024-01-21 19:00:00,203.0,537.0,213.0,610.0,19.0,45.0
2024-01-21 20:00:00,203.0,306.0,158.0,640.0,19.0,75.0
2024-01-21 21:00:00,201.0,305.0,146.0,642.0,19.0,92.0
2024-01-21 22:00:00,201.0,312.0,165.0,543.0,19.0,88.0
2024-01-21 23:00:00,202.0,325.0,182.0,546.0,18.0,91.0
2024-01-22 00:00:00,204.0,558.0,206.0,386.0,18.0,98.0
2024-01-22 01:00:00,265.0,798.0,246.0,90.0,18.0,110.0
2024-01-22 02:00:00,285.0,1248.0,250.0,0.0,18.0,113.0
2024-01-22 03:00:00,213.0,1358.0,252.0,0.0,18.0,86.0
2024-01-22 04:00:00,205.0,1356.0,251.0,0.0,18.0,82.0
2024-01-22 05:00:00,207.0,1331.0,251.0,0.0,18.0,77.0
2024-01-22 06:00:00,205.0,1249.0,251.0,0.0,18.0,51.0
2024-01-22 07:00:00,204.0,712.0,247.0,0.0,18.0,65.0
2024-01-22 08:00:00,204.0,692.0,242.0,0.0,18.0,57.0
2024-01-22 09:00:00,203.0,712.0,252.0,0.0,0.0,51.0
2024-01-22 10:00:00,203.0,712.0,244.0,0.0,0.0,66.0
2024-01-22 11:00:00,222.0,699.0,235.0,0.0,0.0,52.0
2024-01-22 12:00:00,207.0,703.0,234.0,0.0,0.0,53.0
2024-01-22 13:00:00,204.0,722.0,249.0,0.0,0.0,28.0
2024-01-22 14:00:00,204.0,801.0,252.0,0.0,19.0,57.0
2024-01-22 15:00:00,199.0,962.0,250.0,0.0,213.0,72.0
2024-01-22 16:00:00,256.0,963.0,249.0,11.0,212.0,58.0
2024-01-22 17:00:00,295.0,962.0,241.0,38.0,228.0,25.0
2024-01-22 18:00:00,220.0,1159.0,244.0,69.0,218.0,32.0
2024-01-22 19:00:00,380.0,1260.0,250.0,106.0,29.0,42.0
2024-01-22 20:00:00,333.0,1264.0,248.0,197.0,26.0,38.0
2024-01-22 21:00:00,229.0,1264.0,246.0,94.0,26.0,26.0
2024-01-22 22:00:00,212.0,1404.0,246.0,140.0,26.0,29.0
2024-01-22 23:00:00,256.0,1508.0,245.0,134.0,26.0,48.0
2024-01-23 00:00:00,415.0,1528.0,255.0,90.0,26.0,47.0
2024-01-23 01:00:00,328.0,1571.0,256.0,37.0,230.0,31.0
2024-01-23 02:00:00,350.0,1589.0,256.0,0.0,212.0,32.0
2024-01-23 03:00:00,411.0,1589.0,256.0,0.0,211.0,12.0
2024-01-23 04:00:00,321.0,1590.0,255.0,0.0,212.0,10.0
2024-01-23 05:00:00,235.0,1554.0,255.0,0.0,212.0,21.0
2024-01-23 06:00:00,206.0,1483.0,254.0,0.0,211.0,67.0
2024-01-23 07:00:00,204.0,1247.0,253.0,0.0,32.0,22.0
2024-01-23 08:00:00,203.0,1242.0,253.0,0.0,23.0,13.0
2024-01-23 09:00:00,195.0,1261.0,242.0,0.0,26.0,15.0
2024-01-23 10:00:00,195.0,1233.0,241.0,0.0,26.0,22.0
2024-01-23 11:00:00,194.0,1157.0,238.0,0.0,26.0,21.0
2024-01-23 12:00:00,194.0,1161.0,238.0,0.0,26.0,23.0
2024-01-23 13:00:00,195.0,1155.0,243.0,0.0,26.0,34.0
2024-01-23 14:00:00,195.0,1160.0,249.0,0.0,26.0,21.0
2024-01-23 15:00:00,195.0,1070.0,250.0,0.0,261.0,24.0
2024-01-23 16:00:00,195.0,1065.0,248.0,77.0,264.0,19.0
2024-01-23 17:00:00,195.0,959.0,241.0,414.0,263.0,16.0
2024-01-23 18:00:00,216.0,745.0,240.0,590.0,30.0,15.0
2024-01-23 19:00:00,199.0,393.0,202.0,629.0,26.0,16.0
2024-01-23 20:00:00,197.0,314.0,175.0,655.0,26.0,25.0
2024-01-23 21:00:00,196.0,305.0,172.0,814.0,26.0,25.0
2024-01-23 22:00:00,195.0,324.0,166.0,847.0,26.0,32.0
2024-01-23 23:00:00,197.0,477.0,181.0,731.0,26.0,37.0
2024-01-24 00:00:00,258.0,570.0,242.0,478.0,26.0,36.0
2024-01-24 01:00:00,300.0,809.0,248.0,100.0,257.0,32.0
2024-01-24 02:00:00,356.0,1162.0,255.0,0.0,275.0,35.0
2024-01-24 03:00:00,343.0,1161.0,255.0,0.0,277.0,26.0
2024-01-24 04:00:00,249.0,1162.0,254.0,0.0,277.0,15.0
2024-01-24 05:00:00,200.0,1162.0,254.0,0.0,277.0,7.0
2024-01-24 06:00:00,213.0,1162.0,250.0,0.0,274.0,9.0
2024-01-24 07:00:00,289.0,1161.0,248.0,0.0,39.0,6.0
2024-01-24 08:00:00,209.0,1150.0,247.0,0.0,36.0,15.0
2024-01-24 09:00:00,205.0,965.0,247.0,0.0,28.0,18.0
2024-01-24 10:00:00,204.0,965.0,243.0,0.0,28.0,17.0
2024-01-24 11:00:00,203.0,965.0,244.0,0.0,28.0,31.0
2024-01-24 12:00:00,203.0,966.0,244.0,0.0,28.0,31.0
2024-01-24 13:00:00,202.0,966.0,243.0,0.0,28.0,10.0
2024-01-24 14:00:00,215.0,966.0,253.0,0.0,33.0,17.0
2024-01-24 15:00:00,374.0,966.0,258.0,1.0,267.0,23.0
2024-01-24 16:00:00,262.0,966.0,247.0,79.0,270.0,10.0
2024-01-24 17:00:00,238.0,963.0,213.0,254.0,264.0,12.0
2024-01-24 18:00:00,341.0,1064.0,207.0,345.0,30.0,21.0
2024-01-24 19:00:00,409.0,1164.0,208.0,439.0,29.0,31.0
2024-01-24 20:00:00,267.0,1265.0,211.0,398.0,30.0,34.0
2024-01-24 21:00:00,204.0,1264.0,213.0,388.0,31.0,29.0
2024-01-24 22:00:00,202.0,1261.0,212.0,383.0,31.0,19.0
2024-01-24 23:00:00,200.0,1267.0,211.0,376.0,31.0,7.0
2024-01-25 00:00:00,222.0,1441.0,244.0,239.0,31.0,6.0
2024-01-25 01:00:00,274.0,1539.0,252.0,64.0,31.0,22.0
2024-01-25 02:00:00,281.0,1570.0,253.0,0.0,28.0,29.0
2024-01-25 03:00:00,355.0,1596.0,256.0,0.0,29.0,53.0
2024-01-25 04:00:00,349.0,1581.0,249.0,0.0,28.0,72.0
2024-01-25 05:00:00,230.0,1178.0,248.0,0.0,250.0,120.0
2024-01-25 06:00:00,197.0,1067.0,248.0,0.0,268.0,172.0
2024-01-25 07:00:00,197.0,963.0,253.0,0.0,37.0,196.0
2024-01-25 08:00:00,196.0,965.0,252.0,0.0,31.0,212.0
2024-01-25 09:00:00,196.0,963.0,246.0,0.0,38.0,198.0
2024-01-25 10:00:00,220.0,899.0,240.0,0.0,0.0,94.0
2024-01-25 11:00:00,201.0,703.0,234.0,0.0,0.0,117.0
2024-01-25 12:00:00,198.0,722.0,234.0,0.0,0.0,128.0
2024-01-25 13:00:00,200.0,728.0,236.0,0.0,0.0,145.0
2024-01-25 14:00:00,200.0,805.0,251.0,0.0,24.0,154.0
2024-01-25 15:00:00,203.0,965.0,248.0,1.0,38.0,111.0
2024-01-25 16:00:00,202.0,965.0,248.0,98.0,35.0,118.0
2024-01-25 17:00:00,203.0,949.0,228.0,462.0,30.0,81.0
2024-01-25 18:00:00,203.0,747.0,195.0,731.0,32.0,59.0
2024-01-25 19:00:00,203.0,314.0,133.0,915.0,0.0,57.0
2024-01-25 20:00:00,203.0,306.0,122.0,895.0,0.0,55.0
2024-01-25 21:00:00,202.0,305.0,131.0,906.0,0.0,40.0
2024-01-25 22:00:00,202.0,306.0,131.0,864.0,0.0,46.0
2024-01-25 23:00:00,201.0,305.0,158.0,788.0,0.0,55.0
2024-01-26 00:00:00,203.0,352.0,180.0,511.0,33.0,44.0
2024-01-26 01:00:00,260.0,835.0,223.0,128.0,38.0,48.0
2024-01-26 02:00:00,259.0,1067.0,256.0,0.0,278.0,45.0
2024-01-26 03:00:00,286.0,1066.0,252.0,0.0,459.0,35.0
2024-01-26 04:00:00,340.0,1067.0,250.0,0.0,455.0,87.0
2024-01-26 05:00:00,332.0,1067.0,255.0,0.0,277.0,137.0
2024-01-26 06:00:00,249.0,1067.0,255.0,0.0,271.0,148.0
2024-01-26 07:00:00,361.0,1058.0,253.0,0.0,37.0,162.0
2024-01-26 08:00:00,312.0,1049.0,253.0,0.0,36.0,131.0
2024-01-26 09:00:00,216.0,1064.0,252.0,0.0,29.0,91.0
2024-01-26 10:00:00,201.0,968.0,247.0,0.0,29.0,46.0
2024-01-26 11:00:00,202.0,965.0,246.0,0.0,29.0,36.0
2024-01-26 12:00:00,203.0,965.0,246.0,0.0,29.0,42.0
2024-01-26 13:00:00,204.0,964.0,245.0,0.0,39.0,28.0
2024-01-26 14:00:00,204.0,964.0,254.0,0.0,267.0,33.0
2024-01-26 15:00:00,246.0,965.0,233.0,1.0,266.0,31.0
2024-01-26 16:00:00,293.0,948.0,230.0,145.0,33.0,10.0
2024-01-26 17:00:00,214.0,571.0,194.0,575.0,24.0,14.0
2024-01-26 18:00:00,203.0,315.0,151.0,871.0,0.0,7.0
2024-01-26 19:00:00,203.0,304.0,146.0,921.0,0.0,7.0
2024-01-26 20:00:00,203.0,304.0,145.0,939.0,0.0,17.0
2024-01-26 21:00:00,201.0,311.0,137.0,930.0,0.0,15.0
2024-01-26 22:00:00,201.0,310.0,137.0,889.0,0.0,15.0
2024-01-26 23:00:00,201.0,311.0,154.0,832.0,0.0,19.0
2024-01-27 00:00:00,203.0,422.0,170.0,542.0,7.0,23.0
2024-01-27 01:00:00,225.0,1185.0,224.0,110.0,20.0,19.0
2024-01-27 02:00:00,324.0,1357.0,243.0,1.0,19.0,6.0
2024-01-27 03:00:00,330.0,1357.0,250.0,0.0,16.0,0.0
2024-01-27 04:00:00,256.0,1357.0,250.0,0.0,16.0,0.0
2024-01-27 05:00:00,212.0,1358.0,250.0,0.0,16.0,0.0
2024-01-27 06:00:00,205.0,1260.0,250.0,0.0,16.0,0.0
2024-01-27 07:00:00,203.0,1237.0,249.0,0.0,17.0,0.0
2024-01-27 08:00:00,200.0,1240.0,248.0,0.0,12.0,0.0
2024-01-27 09:00:00,202.0,944.0,242.0,0.0,15.0,0.0
2024-01-27 10:00:00,201.0,767.0,242.0,0.0,15.0,0.0
2024-01-27 11:00:00,202.0,708.0,239.0,0.0,15.0,0.0
2024-01-27 12:00:00,202.0,563.0,236.0,0.0,15.0,0.0
2024-01-27 13:00:00,203.0,445.0,243.0,0.0,15.0,0.0
2024-01-27 14:00:00,204.0,438.0,238.0,0.0,15.0,0.0
2024-01-27 15:00:00,203.0,458.0,233.0,1.0,13.0,0.0
2024-01-27 16:00:00,202.0,382.0,229.0,160.0,14.0,0.0
2024-01-27 17:00:00,201.0,305.0,179.0,623.0,17.0,0.0
2024-01-27 18:00:00,202.0,305.0,154.0,872.0,0.0,0.0
2024-01-27 19:00:00,202.0,305.0,153.0,916.0,0.0,0.0
2024-01-27 20:00:00,202.0,305.0,149.0,920.0,0.0,0.0
2024-01-27 21:00:00,202.0,305.0,150.0,918.0,0.0,0.0
2024-01-27 22:00:00,202.0,304.0,150.0,852.0,0.0,5.0
2024-01-27 23:00:00,202.0,306.0,152.0,762.0,0.0,14.0
2024-01-28 00:00:00,203.0,340.0,175.0,486.0,20.0,16.0
2024-01-28 01:00:00,201.0,594.0,252.0,83.0,21.0,12.0
2024-01-28 02:00:00,201.0,952.0,256.0,0.0,240.0,15.0
2024-01-28 03:00:00,202.0,1049.0,256.0,0.0,246.0,24.0
2024-01-28 04:00:00,199.0,1046.0,254.0,0.0,253.0,14.0
2024-01-28 05:00:00,200.0,1042.0,254.0,0.0,234.0,11.0
2024-01-28 06:00:00,198.0,1048.0,255.0,0.0,249.0,5.0
2024-01-28 07:00:00,201.0,963.0,247.0,0.0,223.0,2.0
2024-01-28 08:00:00,201.0,782.0,244.0,0.0,21.0,0.0
2024-01-28 09:00:00,200.0,720.0,242.0,0.0,17.0,0.0
2024-01-28 10:00:00,198.0,719.0,242.0,0.0,17.0,0.0
2024-01-28 11:00:00,198.0,689.0,234.0,0.0,17.0,0.0
2024-01-28 12:00:00,199.0,696.0,234.0,0.0,17.0,0.0
2024-01-28 13:00:00,199.0,716.0,235.0,0.0,17.0,0.0
2024-01-28 14:00:00,201.0,713.0,236.0,0.0,17.0,0.0
2024-01-28 15:00:00,200.0,720.0,241.0,0.0,17.0,0.0
2024-01-28 16:00:00,199.0,571.0,219.0,108.0,17.0,0.0
2024-01-28 17:00:00,203.0,303.0,152.0,507.0,0.0,0.0
2024-01-28 18:00:00,203.0,304.0,128.0,815.0,0.0,2.0
2024-01-28 19:00:00,203.0,305.0,126.0,890.0,0.0,2.0
2024-01-28 20:00:00,202.0,306.0,132.0,879.0,0.0,8.0
2024-01-28 21:00:00,202.0,304.0,132.0,876.0,0.0,32.0
2024-01-28 22:00:00,201.0,303.0,137.0,867.0,0.0,34.0
2024-01-28 23:00:00,202.0,303.0,149.0,719.0,0.0,27.0
2024-01-29 00:00:00,203.0,309.0,171.0,438.0,25.0,20.0
2024-01-29 01:00:00,207.0,487.0,241.0,112.0,242.0,40.0
2024-01-29 02:00:00,332.0,713.0,251.0,1.0,264.0,56.0
2024-01-29 03:00:00,344.0,714.0,250.0,0.0,263.0,41.0
2024-01-29 04:00:00,272.0,716.0,250.0,0.0,265.0,26.0
2024-01-29 05:00:00,212.0,718.0,254.0,0.0,263.0,20.0
2024-01-29 06:00:00,283.0,720.0,254.0,0.0,261.0,21.0
2024-01-29 07:00:00,304.0,594.0,247.0,0.0,24.0,14.0
2024-01-29 08:00:00,216.0,443.0,245.0,0.0,23.0,14.0
2024-01-29 09:00:00,202.0,449.0,246.0,0.0,23.0,8.0
2024-01-29 10:00:00,203.0,456.0,244.0,0.0,23.0,5.0
2024-01-29 11:00:00,201.0,444.0,242.0,0.0,23.0,1.0
2024-01-29 12:00:00,202.0,462.0,244.0,0.0,23.0,1.0
2024-01-29 13:00:00,202.0,468.0,256.0,0.0,23.0,4.0
2024-01-29 14:00:00,210.0,497.0,254.0,0.0,24.0,4.0
2024-01-29 15:00:00,351.0,694.0,256.0,0.0,24.0,5.0
2024-01-29 16:00:00,373.0,680.0,251.0,151.0,24.0,1.0
2024-01-29 17:00:00,246.0,487.0,187.0,611.0,25.0,0.0
2024-01-29 18:00:00,204.0,464.0,173.0,856.0,0.0,0.0
2024-01-29 19:00:00,203.0,304.0,169.0,888.0,0.0,5.0
2024-01-29 20:00:00,196.0,305.0,159.0,892.0,0.0,32.0
2024-01-29 21:00:00,194.0,303.0,160.0,905.0,0.0,65.0
2024-01-29 22:00:00,193.0,303.0,167.0,890.0,0.0,84.0
2024-01-29 23:00:00,193.0,367.0,174.0,818.0,2.0,73.0
2024-01-30 00:00:00,196.0,549.0,194.0,581.0,28.0,68.0
2024-01-30 01:00:00,262.0,974.0,229.0,147.0,222.0,48.0
2024-01-30 02:00:00,286.0,1205.0,256.0,1.0,227.0,32.0
2024-01-30 03:00:00,313.0,1201.0,255.0,0.0,226.0,17.0
2024-01-30 04:00:00,286.0,1200.0,254.0,0.0,227.0,16.0
2024-01-30 05:00:00,334.0,1199.0,254.0,0.0,226.0,6.0
2024-01-30 06:00:00,234.0,1140.0,253.0,0.0,225.0,2.0
2024-01-30 07:00:00,205.0,735.0,250.0,0.0,226.0,0.0
2024-01-30 08:00:00,204.0,666.0,253.0,0.0,24.0,0.0
2024-01-30 09:00:00,203.0,371.0,239.0,0.0,31.0,0.0
2024-01-30 10:00:00,202.0,312.0,188.0,0.0,31.0,0.0
2024-01-30 11:00:00,202.0,304.0,176.0,0.0,31.0,0.0
2024-01-30 12:00:00,202.0,311.0,176.0,0.0,31.0,0.0
2024-01-30 13:00:00,203.0,393.0,196.0,0.0,31.0,0.0
2024-01-30 14:00:00,204.0,438.0,247.0,0.0,31.0,0.0
2024-01-30 15:00:00,247.0,532.0,247.0,1.0,31.0,0.0
2024-01-30 16:00:00,207.0,536.0,239.0,176.0,31.0,0.0
2024-01-30 17:00:00,203.0,419.0,177.0,648.0,31.0,0.0
2024-01-30 18:00:00,202.0,419.0,138.0,884.0,0.0,0.0
2024-01-30 19:00:00,202.0,412.0,139.0,925.0,0.0,2.0
2024-01-30 20:00:00,202.0,404.0,136.0,925.0,0.0,1.0
2024-01-30 21:00:00,201.0,401.0,135.0,919.0,0.0,1.0
2024-01-30 22:00:00,200.0,412.0,150.0,792.0,0.0,1.0
2024-01-30 23:00:00,200.0,477.0,155.0,671.0,21.0,0.0
2024-01-31 00:00:00,201.0,793.0,178.0,406.0,29.0,0.0
2024-01-31 01:00:00,201.0,1077.0,252.0,69.0,116.0,9.0
2024-01-31 02:00:00,223.0,1167.0,256.0,1.0,268.0,5.0
2024-01-31 03:00:00,205.0,1166.0,257.0,0.0,268.0,0.0
2024-01-31 04:00:00,203.0,1165.0,259.0,0.0,268.0,0.0
2024-01-31 05:00:00,202.0,1143.0,259.0,0.0,269.0,0.0
2024-01-31 06:00:00,202.0,1062.0,255.0,0.0,268.0,0.0
2024-01-31 07:00:00,203.0,1023.0,247.0,0.0,264.0,0.0
2024-01-31 08:00:00,248.0,1029.0,245.0,0.0,30.0,0.0
2024-01-31 09:00:00,245.0,1045.0,245.0,0.0,22.0,0.0
2024-01-31 10:00:00,206.0,1050.0,240.0,0.0,22.0,0.0
2024-01-31 11:00:00,202.0,1046.0,232.0,0.0,22.0,5.0
2024-01-31 12:00:00,199.0,1015.0,223.0,0.0,22.0,10.0
2024-01-31 13:00:00,201.0,1042.0,234.0,0.0,22.0,11.0
2024-01-31 14:00:00,199.0,1065.0,255.0,0.0,23.0,16.0
2024-01-31 15:00:00,253.0,965.0,257.0,1.0,23.0,20.0
2024-01-31 16:00:00,207.0,772.0,257.0,110.0,25.0,23.0
2024-01-31 17:00:00,198.0,488.0,230.0,374.0,26.0,20.0
2024-01-31 18:00:00,205.0,464.0,148.0,772.0,0.0,11.0
2024-01-31 19:00:00,203.0,488.0,180.0,869.0,0.0,9.0
2024-01-31 20:00:00,205.0,417.0,142.0,748.0,0.0,33.0
2024-01-31 21:00:00,201.0,440.0,130.0,525.0,0.0,89.0
2024-01-31 22:00:00,202.0,510.0,172.0,341.0,26.0,157.0
2024-01-31 23:00:00,201.0,555.0,222.0,218.0,26.0,176.0
2024-02-01 00:00:00,221.0,774.0,247.0,119.0,26.0,175.0
2024-02-01 01:00:00,299.0,1037.0,250.0,36.0,29.0,143.0
2024-02-01 02:00:00,241.0,1163.0,256.0,0.0,263.0,100.0
2024-02-01 03:00:00,253.0,1157.0,256.0,0.0,264.0,121.0
2024-02-01 04:00:00,246.0,1146.0,255.0,0.0,262.0,113.0
2024-02-01 05:00:00,201.0,1139.0,255.0,0.0,40.0,73.0
2024-02-01 06:00:00,207.0,1049.0,255.0,0.0,26.0,36.0
2024-02-01 07:00:00,208.0,943.0,251.0,0.0,21.0,44.0
2024-02-01 08:00:00,200.0,979.0,249.0,0.0,22.0,60.0
2024-02-01 09:00:00,198.0,965.0,235.0,0.0,29.0,49.0
2024-02-01 10:00:00,225.0,964.0,201.0,0.0,29.0,70.0
2024-02-01 11:00:00,199.0,952.0,163.0,0.0,29.0,56.0
2024-02-01 12:00:00,197.0,939.0,163.0,0.0,29.0,45.0
2024-02-01 13:00:00,196.0,903.0,173.0,0.0,29.0,68.0
2024-02-01 14:00:00,195.0,964.0,246.0,0.0,29.0,96.0
2024-02-01 15:00:00,196.0,965.0,235.0,0.0,29.0,101.0
2024-02-01 16:00:00,195.0,1062.0,217.0,16.0,29.0,71.0
2024-02-01 17:00:00,195.0,1066.0,214.0,107.0,29.0,96.0
2024-02-01 18:00:00,206.0,1064.0,216.0,66.0,29.0,161.0
2024-02-01 19:00:00,330.0,1001.0,215.0,84.0,29.0,123.0
2024-02-01 20:00:00,391.0,796.0,218.0,156.0,27.0,232.0
2024-02-01 21:00:00,419.0,738.0,219.0,279.0,28.0,260.0
2024-02-01 22:00:00,293.0,810.0,226.0,252.0,30.0,187.0
2024-02-01 23:00:00,204.0,809.0,249.0,153.0,29.0,158.0
2024-02-02 00:00:00,203.0,930.0,252.0,139.0,29.0,112.0
2024-02-02 01:00:00,202.0,1097.0,246.0,46.0,29.0,70.0
2024-02-02 02:00:00,208.0,1224.0,248.0,1.0,29.0,42.0
2024-02-02 03:00:00,228.0,1217.0,250.0,0.0,29.0,65.0
2024-02-02 04:00:00,305.0,1165.0,249.0,0.0,29.0,91.0
2024-02-02 05:00:00,294.0,1161.0,249.0,0.0,29.0,64.0
2024-02-02 06:00:00,262.0,1158.0,249.0,0.0,29.0,55.0
2024-02-02 07:00:00,262.0,1050.0,248.0,0.0,29.0,68.0
2024-02-02 08:00:00,249.0,965.0,247.0,0.0,27.0,50.0
2024-02-02 09:00:00,311.0,776.0,245.0,0.0,22.0,70.0
2024-02-02 10:00:00,234.0,722.0,235.0,0.0,22.0,156.0
2024-02-02 11:00:00,204.0,721.0,226.0,0.0,22.0,186.0
2024-02-02 12:00:00,203.0,723.0,171.0,0.0,22.0,161.0
2024-02-02 13:00:00,202.0,741.0,232.0,0.0,22.0,130.0
2024-02-02 14:00:00,202.0,973.0,248.0,0.0,23.0,99.0
2024-02-02 15:00:00,204.0,1065.0,249.0,0.0,23.0,149.0
2024-02-02 16:00:00,287.0,1064.0,235.0,130.0,26.0,239.0
2024-02-02 17:00:00,215.0,786.0,175.0,559.0,26.0,274.0
2024-02-02 18:00:00,202.0,574.0,134.0,683.0,26.0,278.0
2024-02-02 19:00:00,202.0,416.0,133.0,686.0,27.0,286.0
2024-02-02 20:00:00,202.0,404.0,134.0,636.0,0.0,241.0
2024-02-02 21:00:00,201.0,401.0,134.0,710.0,0.0,218.0
2024-02-02 22:00:00,201.0,404.0,128.0,882.0,0.0,171.0
2024-02-02 23:00:00,201.0,401.0,126.0,831.0,32.0,117.0
2024-02-03 00:00:00,202.0,481.0,157.0,488.0,60.0,86.0
2024-02-03 01:00:00,219.0,773.0,228.0,122.0,26.0,41.0
2024-02-03 02:00:00,241.0,1068.0,249.0,1.0,258.0,17.0
2024-02-03 03:00:00,333.0,1069.0,250.0,0.0,260.0,15.0
2024-02-03 04:00:00,287.0,1068.0,249.0,0.0,255.0,18.0
2024-02-03 05:00:00,244.0,1070.0,249.0,0.0,248.0,32.0
2024-02-03 06:00:00,297.0,1064.0,249.0,4.0,239.0,50.0
2024-02-03 07:00:00,219.0,905.0,237.0,0.0,235.0,41.0
2024-02-03 08:00:00,204.0,715.0,203.0,0.0,212.0,38.0
2024-02-03 09:00:00,204.0,673.0,188.0,0.0,206.0,40.0
2024-02-03 10:00:00,202.0,676.0,186.0,0.0,208.0,48.0
2024-02-03 11:00:00,201.0,677.0,176.0,0.0,21.0,72.0
2024-02-03 12:00:00,201.0,678.0,173.0,0.0,19.0,77.0
2024-02-03 13:00:00,202.0,770.0,178.0,0.0,19.0,81.0
2024-02-03 14:00:00,202.0,954.0,207.0,0.0,19.0,104.0
2024-02-03 15:00:00,203.0,767.0,244.0,2.0,47.0,87.0
2024-02-03 16:00:00,243.0,549.0,206.0,201.0,19.0,69.0
2024-02-03 17:00:00,207.0,376.0,124.0,658.0,20.0,62.0
2024-02-03 18:00:00,203.0,309.0,120.0,913.0,0.0,79.0
2024-02-03 19:00:00,202.0,307.0,115.0,928.0,0.0,47.0
2024-02-03 20:00:00,202.0,307.0,106.0,931.0,0.0,39.0
2024-02-03 21:00:00,202.0,307.0,106.0,789.0,0.0,32.0
2024-02-03 22:00:00,201.0,309.0,106.0,756.0,0.0,80.0
2024-02-03 23:00:00,205.0,308.0,109.0,622.0,0.0,55.0
2024-02-04 00:00:00,330.0,378.0,137.0,530.0,6.0,70.0
2024-02-04 01:00:00,247.0,626.0,234.0,94.0,260.0,81.0
2024-02-04 02:00:00,306.0,763.0,244.0,1.0,262.0,87.0
2024-02-04 03:00:00,377.0,859.0,251.0,0.0,262.0,53.0
2024-02-04 04:00:00,340.0,962.0,250.0,0.0,262.0,16.0
2024-02-04 05:00:00,292.0,964.0,250.0,0.0,262.0,3.0
2024-02-04 06:00:00,234.0,930.0,249.0,0.0,249.0,0.0
2024-02-04 07:00:00,379.0,836.0,249.0,0.0,24.0,0.0
2024-02-04 08:00:00,384.0,805.0,244.0,0.0,19.0,0.0
2024-02-04 09:00:00,283.0,723.0,252.0,0.0,19.0,0.0
2024-02-04 10:00:00,207.0,721.0,239.0,0.0,19.0,0.0
2024-02-04 11:00:00,202.0,721.0,239.0,0.0,19.0,0.0
2024-02-04 12:00:00,202.0,722.0,238.0,0.0,19.0,0.0
2024-02-04 13:00:00,202.0,722.0,239.0,0.0,19.0,0.0
2024-02-04 14:00:00,201.0,722.0,241.0,0.0,19.0,0.0
2024-02-04 15:00:00,202.0,723.0,246.0,0.0,19.0,0.0
2024-02-04 16:00:00,203.0,598.0,234.0,13.0,19.0,0.0
2024-02-04 17:00:00,203.0,425.0,185.0,48.0,19.0,0.0
2024-02-04 18:00:00,203.0,334.0,148.0,93.0,19.0,1.0
2024-02-04 19:00:00,203.0,310.0,149.0,209.0,19.0,1.0
2024-02-04 20:00:00,202.0,308.0,147.0,282.0,19.0,6.0
2024-02-04 21:00:00,201.0,308.0,141.0,297.0,19.0,44.0
2024-02-04 22:00:00,201.0,358.0,141.0,247.0,19.0,77.0
2024-02-04 23:00:00,218.0,465.0,165.0,143.0,19.0,63.0
2024-02-05 00:00:00,315.0,556.0,241.0,87.0,34.0,40.0
2024-02-05 01:00:00,340.0,750.0,264.0,46.0,220.0,13.0
2024-02-05 02:00:00,344.0,891.0,266.0,1.0,215.0,14.0
2024-02-05 03:00:00,483.0,946.0,266.0,0.0,474.0,28.0
2024-02-05 04:00:00,536.0,942.0,266.0,0.0,498.0,44.0
2024-02-05 05:00:00,469.0,1015.0,257.0,0.0,478.0,57.0
2024-02-05 06:00:00,414.0,1076.0,248.0,0.0,476.0,55.0
2024-02-05 07:00:00,289.0,1019.0,253.0,0.0,209.0,80.0
2024-02-05 08:00:00,208.0,1059.0,253.0,0.0,17.0,110.0
2024-02-05 09:00:00,249.0,1067.0,253.0,0.0,30.0,157.0
2024-02-05 10:00:00,201.0,971.0,246.0,0.0,30.0,190.0
2024-02-05 11:00:00,197.0,972.0,244.0,0.0,29.0,208.0
2024-02-05 12:00:00,196.0,976.0,244.0,0.0,30.0,204.0
2024-02-05 13:00:00,195.0,975.0,247.0,0.0,30.0,235.0
2024-02-05 14:00:00,195.0,1059.0,248.0,0.0,30.0,231.0
2024-02-05 15:00:00,197.0,1038.0,247.0,0.0,30.0,232.0
2024-02-05 16:00:00,258.0,976.0,214.0,11.0,30.0,187.0
2024-02-05 17:00:00,244.0,1022.0,115.0,22.0,29.0,139.0
2024-02-05 18:00:00,238.0,1270.0,118.0,66.0,29.0,117.0
2024-02-05 19:00:00,213.0,1276.0,128.0,131.0,29.0,100.0
2024-02-05 20:00:00,293.0,1450.0,142.0,159.0,29.0,94.0
2024-02-05 21:00:00,342.0,1433.0,163.0,191.0,30.0,68.0
2024-02-05 22:00:00,355.0,1489.0,188.0,157.0,30.0,19.0
2024-02-05 23:00:00,385.0,1481.0,216.0,135.0,29.0,7.0
2024-02-06 00:00:00,282.0,1499.0,242.0,78.0,259.0,6.0
2024-02-06 01:00:00,323.0,1488.0,258.0,19.0,270.0,1.0
2024-02-06 02:00:00,350.0,1538.0,259.0,0.0,268.0,0.0
2024-02-06 03:00:00,387.0,1543.0,259.0,0.0,270.0,1.0
2024-02-06 04:00:00,351.0,1571.0,259.0,0.0,272.0,2.0
2024-02-06 05:00:00,232.0,1643.0,254.0,0.0,269.0,1.0
2024-02-06 06:00:00,197.0,1640.0,251.0,0.0,268.0,4.0
2024-02-06 07:00:00,196.0,1488.0,251.0,0.0,34.0,2.0
2024-02-06 08:00:00,195.0,1349.0,251.0,0.0,29.0,0.0
2024-02-06 09:00:00,196.0,1019.0,251.0,0.0,29.0,0.0
2024-02-06 10:00:00,195.0,981.0,254.0,0.0,29.0,0.0
2024-02-06 11:00:00,195.0,976.0,255.0,0.0,29.0,0.0
2024-02-06 12:00:00,195.0,975.0,254.0,0.0,29.0,0.0
2024-02-06 13:00:00,194.0,974.0,254.0,0.0,30.0,0.0
2024-02-06 14:00:00,195.0,975.0,254.0,0.0,35.0,0.0
2024-02-06 15:00:00,195.0,1116.0,254.0,0.0,266.0,0.0
2024-02-06 16:00:00,195.0,1214.0,254.0,26.0,269.0,1.0
2024-02-06 17:00:00,193.0,1317.0,260.0,99.0,263.0,8.0
2024-02-06 18:00:00,199.0,1305.0,238.0,241.0,24.0,6.0
2024-02-06 19:00:00,260.0,1249.0,211.0,254.0,24.0,8.0
2024-02-06 20:00:00,371.0,1228.0,184.0,252.0,23.0,3.0
2024-02-06 21:00:00,308.0,1246.0,161.0,210.0,24.0,3.0
2024-02-06 22:00:00,221.0,1246.0,135.0,149.0,24.0,3.0
2024-02-06 23:00:00,365.0,1252.0,110.0,169.0,30.0,7.0
2024-02-07 00:00:00,315.0,1340.0,98.0,69.0,253.0,15.0
2024-02-07 01:00:00,307.0,1442.0,106.0,14.0,263.0,46.0
2024-02-07 02:00:00,216.0,1451.0,106.0,0.0,482.0,77.0
2024-02-07 03:00:00,197.0,1451.0,175.0,0.0,499.0,158.0
2024-02-07 04:00:00,218.0,1451.0,234.0,0.0,266.0,241.0
2024-02-07 05:00:00,199.0,1385.0,242.0,0.0,262.0,123.0
2024-02-07 06:00:00,196.0,1295.0,249.0,0.0,248.0,60.0
2024-02-07 07:00:00,196.0,1265.0,255.0,0.0,29.0,69.0
2024-02-07 08:00:00,196.0,1242.0,256.0,0.0,23.0,57.0
2024-02-07 09:00:00,196.0,1090.0,251.0,0.0,23.0,63.0
2024-02-07 10:00:00,195.0,906.0,251.0,0.0,23.0,105.0
2024-02-07 11:00:00,195.0,733.0,250.0,0.0,23.0,132.0
2024-02-07 12:00:00,195.0,734.0,250.0,0.0,23.0,222.0
2024-02-07 13:00:00,196.0,748.0,253.0,0.0,23.0,283.0
2024-02-07 14:00:00,199.0,877.0,254.0,0.0,23.0,222.0
2024-02-07 15:00:00,305.0,976.0,249.0,0.0,23.0,254.0
2024-02-07 16:00:00,313.0,917.0,214.0,186.0,23.0,248.0
2024-02-07 17:00:00,224.0,509.0,111.0,556.0,23.0,277.0
2024-02-07 18:00:00,197.0,425.0,94.0,675.0,24.0,265.0
2024-02-07 19:00:00,196.0,308.0,93.0,795.0,0.0,261.0
2024-02-07 20:00:00,195.0,308.0,93.0,808.0,0.0,255.0
2024-02-07 21:00:00,195.0,308.0,93.0,799.0,0.0,272.0
2024-02-07 22:00:00,195.0,309.0,94.0,736.0,0.0,266.0
2024-02-07 23:00:00,196.0,309.0,97.0,562.0,0.0,290.0
2024-02-08 00:00:00,196.0,465.0,93.0,367.0,19.0,245.0
2024-02-08 01:00:00,232.0,743.0,98.0,92.0,23.0,268.0
2024-02-08 02:00:00,408.0,1083.0,112.0,2.0,23.0,258.0
2024-02-08 03:00:00,381.0,1175.0,181.0,0.0,247.0,253.0
2024-02-08 04:00:00,335.0,1177.0,236.0,0.0,262.0,246.0
2024-02-08 05:00:00,225.0,1181.0,243.0,0.0,261.0,271.0
2024-02-08 06:00:00,226.0,1143.0,244.0,0.0,248.0,281.0
2024-02-08 07:00:00,200.0,1124.0,244.0,0.0,240.0,226.0
2024-02-08 08:00:00,196.0,943.0,241.0,0.0,218.0,156.0
2024-02-08 09:00:00,196.0,960.0,240.0,0.0,210.0,66.0
2024-02-08 10:00:00,195.0,1116.0,234.0,0.0,209.0,51.0
2024-02-08 11:00:00,195.0,984.0,230.0,0.0,25.0,80.0
2024-02-08 12:00:00,195.0,777.0,209.0,0.0,23.0,76.0
2024-02-08 13:00:00,197.0,731.0,235.0,0.0,23.0,44.0
2024-02-08 14:00:00,254.0,731.0,245.0,0.0,23.0,49.0
2024-02-08 15:00:00,328.0,733.0,244.0,3.0,23.0,46.0
2024-02-08 16:00:00,261.0,695.0,246.0,125.0,23.0,51.0
2024-02-08 17:00:00,331.0,362.0,175.0,561.0,20.0,56.0
2024-02-08 18:00:00,230.0,304.0,151.0,834.0,0.0,56.0
2024-02-08 19:00:00,196.0,307.0,147.0,755.0,0.0,45.0
2024-02-08 20:00:00,196.0,305.0,140.0,849.0,0.0,29.0
2024-02-08 21:00:00,195.0,305.0,140.0,799.0,0.0,37.0
2024-02-08 22:00:00,194.0,306.0,143.0,768.0,0.0,37.0
2024-02-08 23:00:00,194.0,311.0,159.0,696.0,0.0,26.0
2024-02-09 00:00:00,195.0,444.0,188.0,522.0,0.0,27.0
2024-02-09 01:00:00,198.0,970.0,245.0,181.0,10.0,64.0
2024-02-09 02:00:00,247.0,1254.0,250.0,2.0,257.0,87.0
2024-02-09 03:00:00,273.0,1294.0,250.0,0.0,263.0,136.0
2024-02-09 04:00:00,261.0,1293.0,249.0,0.0,262.0,190.0
2024-02-09 05:00:00,248.0,1294.0,249.0,0.0,263.0,181.0
2024-02-09 06:00:00,200.0,1340.0,249.0,0.0,262.0,136.0
2024-02-09 07:00:00,196.0,1195.0,251.0,0.0,213.0,129.0
2024-02-09 08:00:00,196.0,1114.0,253.0,0.0,207.0,108.0
2024-02-09 09:00:00,196.0,1061.0,253.0,0.0,13.0,96.0
2024-02-09 10:00:00,195.0,1015.0,250.0,0.0,13.0,87.0
2024-02-09 11:00:00,194.0,977.0,247.0,0.0,13.0,56.0
2024-02-09 12:00:00,194.0,975.0,247.0,0.0,13.0,42.0
2024-02-09 13:00:00,198.0,976.0,250.0,0.0,13.0,53.0
2024-02-09 14:00:00,284.0,974.0,249.0,0.0,13.0,99.0
2024-02-09 15:00:00,212.0,973.0,249.0,4.0,247.0,90.0
2024-02-09 16:00:00,203.0,953.0,240.0,170.0,251.0,87.0
2024-02-09 17:00:00,203.0,689.0,179.0,451.0,18.0,142.0
2024-02-09 18:00:00,203.0,320.0,156.0,630.0,0.0,162.0
2024-02-09 19:00:00,202.0,304.0,133.0,809.0,0.0,134.0
2024-02-09 20:00:00,202.0,305.0,121.0,809.0,0.0,120.0
2024-02-09 21:00:00,202.0,306.0,121.0,764.0,0.0,91.0
2024-02-09 22:00:00,201.0,381.0,137.0,487.0,0.0,95.0
2024-02-09 23:00:00,200.0,348.0,147.0,531.0,0.0,75.0
2024-02-10 00:00:00,205.0,512.0,183.0,477.0,11.0,53.0
2024-02-10 01:00:00,304.0,1065.0,235.0,190.0,21.0,40.0
2024-02-10 02:00:00,293.0,1247.0,246.0,3.0,253.0,39.0
2024-02-10 03:00:00,296.0,1342.0,247.0,0.0,259.0,45.0
2024-02-10 04:00:00,345.0,1361.0,248.0,0.0,258.0,54.0
2024-02-10 05:00:00,298.0,1404.0,248.0,0.0,260.0,61.0
2024-02-10 06:00:00,251.0,1391.0,248.0,0.0,259.0,68.0
2024-02-10 07:00:00,212.0,1348.0,247.0,0.0,257.0,59.0
2024-02-10 08:00:00,236.0,1343.0,246.0,0.0,15.0,66.0
2024-02-10 09:00:00,206.0,1261.0,251.0,0.0,17.0,99.0
2024-02-10 10:00:00,203.0,1258.0,250.0,0.0,17.0,125.0
2024-02-10 11:00:00,202.0,1079.0,246.0,0.0,17.0,132.0
2024-02-10 12:00:00,202.0,1078.0,249.0,0.0,17.0,118.0
2024-02-10 13:00:00,202.0,1077.0,252.0,0.0,18.0,101.0
2024-02-10 14:00:00,200.0,976.0,252.0,0.0,257.0,95.0
2024-02-10 15:00:00,199.0,971.0,240.0,2.0,258.0,63.0
2024-02-10 16:00:00,198.0,969.0,227.0,155.0,22.0,65.0
2024-02-10 17:00:00,206.0,685.0,213.0,564.0,0.0,66.0
2024-02-10 18:00:00,204.0,448.0,151.0,812.0,0.0,75.0
2024-02-10 19:00:00,203.0,309.0,110.0,929.0,0.0,106.0
2024-02-10 20:00:00,202.0,304.0,108.0,892.0,0.0,111.0
2024-02-10 21:00:00,202.0,303.0,103.0,913.0,0.0,89.0
2024-02-10 22:00:00,201.0,305.0,98.0,910.0,0.0,64.0
2024-02-10 23:00:00,201.0,305.0,100.0,840.0,0.0,82.0
2024-02-11 00:00:00,201.0,360.0,107.0,652.0,0.0,64.0
2024-02-11 01:00:00,204.0,615.0,192.0,228.0,126.0,72.0
2024-02-11 02:00:00,282.0,1017.0,234.0,4.0,369.0,54.0
2024-02-11 03:00:00,286.0,1119.0,248.0,0.0,608.0,76.0
2024-02-11 04:00:00,212.0,1118.0,248.0,0.0,602.0,74.0
2024-02-11 05:00:00,229.0,1119.0,241.0,0.0,502.0,68.0
2024-02-11 06:00:00,212.0,1118.0,240.0,0.0,501.0,70.0
2024-02-11 07:00:00,347.0,1117.0,251.0,0.0,261.0,46.0
2024-02-11 08:00:00,258.0,1116.0,252.0,0.0,256.0,31.0
2024-02-11 09:00:00,273.0,977.0,250.0,0.0,16.0,13.0
2024-02-11 10:00:00,205.0,974.0,247.0,0.0,17.0,4.0
2024-02-11 11:00:00,196.0,977.0,241.0,0.0,16.0,1.0
2024-02-11 12:00:00,195.0,975.0,239.0,0.0,16.0,0.0
2024-02-11 13:00:00,195.0,976.0,240.0,0.0,16.0,0.0
2024-02-11 14:00:00,196.0,976.0,246.0,0.0,16.0,0.0
2024-02-11 15:00:00,214.0,976.0,248.0,6.0,16.0,0.0
2024-02-11 16:00:00,217.0,735.0,202.0,255.0,14.0,0.0
2024-02-11 17:00:00,198.0,324.0,133.0,679.0,0.0,0.0
2024-02-11 18:00:00,196.0,304.0,121.0,876.0,0.0,0.0
2024-02-11 19:00:00,196.0,305.0,120.0,926.0,0.0,0.0
2024-02-11 20:00:00,195.0,304.0,120.0,915.0,0.0,0.0
2024-02-11 21:00:00,196.0,304.0,121.0,914.0,0.0,0.0
2024-02-11 22:00:00,194.0,304.0,114.0,909.0,0.0,6.0
2024-02-11 23:00:00,194.0,303.0,115.0,838.0,0.0,9.0
2024-02-12 00:00:00,194.0,315.0,133.0,649.0,0.0,10.0
2024-02-12 01:00:00,198.0,788.0,183.0,233.0,14.0,17.0
2024-02-12 02:00:00,285.0,1092.0,246.0,5.0,252.0,10.0
2024-02-12 03:00:00,242.0,1110.0,252.0,0.0,495.0,7.0
2024-02-12 04:00:00,235.0,1110.0,252.0,0.0,501.0,1.0
2024-02-12 05:00:00,222.0,1114.0,252.0,0.0,507.0,0.0
2024-02-12 06:00:00,296.0,1012.0,252.0,0.0,499.0,0.0
2024-02-12 07:00:00,271.0,1008.0,252.0,0.0,260.0,0.0
2024-02-12 08:00:00,202.0,971.0,252.0,0.0,256.0,0.0
2024-02-12 09:00:00,197.0,974.0,251.0,0.0,29.0,0.0
2024-02-12 10:00:00,196.0,849.0,251.0,0.0,27.0,0.0
2024-02-12 11:00:00,196.0,735.0,246.0,0.0,27.0,0.0
2024-02-12 12:00:00,195.0,736.0,250.0,0.0,27.0,0.0
2024-02-12 13:00:00,195.0,733.0,252.0,0.0,27.0,0.0
2024-02-12 14:00:00,198.0,749.0,253.0,0.0,27.0,0.0
2024-02-12 15:00:00,296.0,770.0,254.0,9.0,27.0,0.0
2024-02-12 16:00:00,214.0,728.0,223.0,269.0,27.0,0.0
2024-02-12 17:00:00,197.0,489.0,168.0,687.0,28.0,0.0
2024-02-12 18:00:00,196.0,488.0,146.0,874.0,0.0,0.0
2024-02-12 19:00:00,196.0,488.0,124.0,921.0,0.0,0.0
2024-02-12 20:00:00,211.0,488.0,122.0,914.0,0.0,0.0
2024-02-12 21:00:00,198.0,488.0,118.0,912.0,0.0,0.0
2024-02-12 22:00:00,196.0,489.0,104.0,898.0,0.0,0.0
2024-02-12 23:00:00,195.0,489.0,109.0,830.0,0.0,0.0
2024-02-13 00:00:00,195.0,511.0,145.0,651.0,0.0,0.0
2024-02-13 01:00:00,199.0,753.0,212.0,243.0,27.0,9.0
2024-02-13 02:00:00,242.0,973.0,254.0,5.0,495.0,13.0
2024-02-13 03:00:00,360.0,971.0,254.0,0.0,501.0,2.0
2024-02-13 04:00:00,387.0,972.0,254.0,0.0,504.0,0.0
2024-02-13 05:00:00,325.0,975.0,254.0,0.0,507.0,1.0
2024-02-13 06:00:00,283.0,974.0,254.0,0.0,502.0,1.0
2024-02-13 07:00:00,362.0,973.0,252.0,0.0,40.0,0.0
2024-02-13 08:00:00,249.0,974.0,251.0,0.0,29.0,0.0
2024-02-13 09:00:00,255.0,974.0,251.0,0.0,29.0,0.0
2024-02-13 10:00:00,201.0,975.0,244.0,0.0,30.0,0.0
2024-02-13 11:00:00,195.0,974.0,242.0,0.0,30.0,0.0
2024-02-13 12:00:00,195.0,975.0,246.0,0.0,30.0,8.0
2024-02-13 13:00:00,195.0,977.0,252.0,0.0,30.0,11.0
2024-02-13 14:00:00,195.0,976.0,253.0,0.0,34.0,38.0
2024-02-13 15:00:00,195.0,1066.0,254.0,10.0,498.0,41.0
2024-02-13 16:00:00,194.0,922.0,221.0,275.0,440.0,38.0
2024-02-13 17:00:00,195.0,542.0,157.0,679.0,217.0,46.0
2024-02-13 18:00:00,195.0,407.0,121.0,848.0,36.0,52.0
2024-02-13 19:00:00,194.0,407.0,121.0,828.0,0.0,48.0
2024-02-13 20:00:00,196.0,407.0,123.0,919.0,0.0,69.0
2024-02-13 21:00:00,239.0,407.0,116.0,922.0,0.0,91.0
2024-02-13 22:00:00,200.0,407.0,116.0,870.0,0.0,156.0
2024-02-13 23:00:00,199.0,407.0,127.0,722.0,0.0,158.0
2024-02-14 00:00:00,303.0,484.0,140.0,462.0,0.0,184.0
2024-02-14 01:00:00,346.0,784.0,194.0,213.0,26.0,145.0
2024-02-14 02:00:00,439.0,1285.0,254.0,9.0,34.0,148.0
2024-02-14 03:00:00,464.0,1289.0,254.0,0.0,34.0,145.0
2024-02-14 04:00:00,495.0,1287.0,253.0,0.0,34.0,162.0
2024-02-14 05:00:00,485.0,1289.0,253.0,0.0,34.0,150.0
2024-02-14 06:00:00,348.0,1289.0,253.0,0.0,34.0,155.0
2024-02-14 07:00:00,212.0,1236.0,250.0,0.0,34.0,202.0
2024-02-14 08:00:00,197.0,1086.0,245.0,0.0,34.0,140.0
2024-02-14 09:00:00,195.0,1060.0,243.0,0.0,34.0,126.0
2024-02-14 10:00:00,195.0,1068.0,246.0,0.0,34.0,130.0
2024-02-14 11:00:00,195.0,1069.0,245.0,0.0,34.0,104.0
2024-02-14 12:00:00,195.0,1074.0,245.0,0.0,34.0,98.0
2024-02-14 13:00:00,195.0,1074.0,248.0,0.0,34.0,100.0
2024-02-14 14:00:00,197.0,1077.0,248.0,0.0,34.0,154.0
2024-02-14 15:00:00,249.0,1078.0,243.0,10.0,34.0,126.0
2024-02-14 16:00:00,255.0,825.0,241.0,287.0,33.0,133.0
2024-02-14 17:00:00,260.0,409.0,164.0,575.0,0.0,149.0
2024-02-14 18:00:00,204.0,405.0,122.0,703.0,0.0,182.0
2024-02-14 19:00:00,197.0,405.0,121.0,761.0,0.0,210.0
2024-02-14 20:00:00,196.0,404.0,117.0,757.0,0.0,236.0
2024-02-14 21:00:00,196.0,403.0,116.0,774.0,0.0,225.0
2024-02-14 22:00:00,193.0,403.0,106.0,755.0,0.0,239.0
2024-02-14 23:00:00,193.0,404.0,111.0,667.0,0.0,200.0
2024-02-15 00:00:00,194.0,429.0,146.0,513.0,0.0,188.0
2024-02-15 01:00:00,198.0,627.0,236.0,186.0,34.0,180.0
2024-02-15 02:00:00,198.0,1181.0,246.0,7.0,260.0,136.0
2024-02-15 03:00:00,197.0,1325.0,248.0,0.0,273.0,219.0
2024-02-15 04:00:00,197.0,1314.0,248.0,0.0,273.0,252.0
2024-02-15 05:00:00,243.0,1315.0,247.0,0.0,273.0,206.0
2024-02-15 06:00:00,201.0,1299.0,244.0,0.0,274.0,202.0
2024-02-15 07:00:00,197.0,1125.0,245.0,0.0,270.0,138.0
2024-02-15 08:00:00,197.0,1097.0,244.0,0.0,35.0,169.0
2024-02-15 09:00:00,202.0,1072.0,246.0,0.0,27.0,216.0
2024-02-15 10:00:00,201.0,1075.0,243.0,0.0,27.0,211.0
2024-02-15 11:00:00,201.0,1022.0,241.0,0.0,27.0,215.0
2024-02-15 12:00:00,201.0,1019.0,239.0,0.0,27.0,200.0
2024-02-15 13:00:00,205.0,1012.0,244.0,0.0,27.0,196.0
2024-02-15 14:00:00,300.0,1069.0,245.0,0.0,27.0,193.0
2024-02-15 15:00:00,297.0,1081.0,248.0,3.0,27.0,215.0
2024-02-15 16:00:00,292.0,920.0,236.0,188.0,23.0,279.0
2024-02-15 17:00:00,214.0,453.0,154.0,536.0,24.0,266.0
2024-02-15 18:00:00,203.0,462.0,127.0,614.0,0.0,281.0
2024-02-15 19:00:00,203.0,446.0,127.0,914.0,0.0,253.0
2024-02-15 20:00:00,202.0,445.0,126.0,900.0,0.0,234.0
2024-02-15 21:00:00,202.0,446.0,121.0,883.0,0.0,146.0
2024-02-15 22:00:00,202.0,444.0,121.0,862.0,0.0,82.0
2024-02-15 23:00:00,203.0,444.0,133.0,775.0,0.0,54.0
2024-02-16 00:00:00,239.0,464.0,161.0,410.0,0.0,59.0
2024-02-16 01:00:00,207.0,732.0,241.0,114.0,23.0,54.0
2024-02-16 02:00:00,203.0,1064.0,251.0,7.0,215.0,58.0
2024-02-16 03:00:00,204.0,1114.0,250.0,0.0,213.0,39.0
2024-02-16 04:00:00,259.0,1114.0,249.0,0.0,212.0,26.0
2024-02-16 05:00:00,240.0,1115.0,249.0,0.0,213.0,34.0
2024-02-16 06:00:00,241.0,1115.0,249.0,0.0,212.0,28.0
2024-02-16 07:00:00,207.0,1015.0,245.0,0.0,211.0,21.0
2024-02-16 08:00:00,214.0,977.0,246.0,0.0,23.0,23.0
2024-02-16 09:00:00,205.0,976.0,248.0,0.0,24.0,17.0
2024-02-16 10:00:00,202.0,976.0,246.0,0.0,24.0,17.0
2024-02-16 11:00:00,202.0,976.0,245.0,0.0,24.0,22.0
2024-02-16 12:00:00,203.0,976.0,244.0,0.0,24.0,33.0
2024-02-16 13:00:00,202.0,976.0,247.0,0.0,24.0,9.0
2024-02-16 14:00:00,202.0,976.0,247.0,0.0,24.0,12.0
2024-02-16 15:00:00,203.0,977.0,243.0,10.0,24.0,14.0
2024-02-16 16:00:00,226.0,778.0,234.0,209.0,24.0,20.0
2024-02-16 17:00:00,212.0,454.0,217.0,500.0,0.0,14.0
2024-02-16 18:00:00,204.0,370.0,186.0,670.0,0.0,16.0
2024-02-16 19:00:00,203.0,306.0,122.0,787.0,0.0,16.0
2024-02-16 20:00:00,202.0,305.0,98.0,893.0,26.0,0.0
2024-02-16 21:00:00,202.0,305.0,97.0,831.0,27.0,0.0
2024-02-16 22:00:00,202.0,320.0,99.0,641.0,28.0,0.0
2024-02-16 23:00:00,202.0,376.0,107.0,696.0,28.0,0.0
2024-02-17 00:00:00,202.0,608.0,143.0,456.0,28.0,5.0
2024-02-17 01:00:00,212.0,1072.0,243.0,209.0,28.0,1.0
2024-02-17 02:00:00,305.0,1291.0,248.0,11.0,31.0,0.0
2024-02-17 03:00:00,236.0,1292.0,248.0,0.0,267.0,0.0
2024-02-17 04:00:00,250.0,1245.0,248.0,0.0,270.0,16.0
2024-02-17 05:00:00,273.0,1161.0,247.0,0.0,269.0,191.0
2024-02-17 06:00:00,214.0,1152.0,243.0,0.0,270.0,159.0
2024-02-17 07:00:00,208.0,1118.0,247.0,0.0,268.0,88.0
2024-02-17 08:00:00,319.0,1019.0,247.0,0.0,30.0,111.0
2024-02-17 09:00:00,262.0,976.0,249.0,0.0,27.0,92.0
2024-02-17 10:00:00,206.0,974.0,246.0,0.0,27.0,70.0
2024-02-17 11:00:00,203.0,976.0,241.0,0.0,27.0,46.0
2024-02-17 12:00:00,203.0,975.0,240.0,0.0,27.0,32.0
2024-02-17 13:00:00,203.0,975.0,243.0,0.0,27.0,31.0
2024-02-17 14:00:00,204.0,975.0,243.0,0.0,27.0,28.0
2024-02-17 15:00:00,238.0,977.0,227.0,2.0,28.0,20.0
2024-02-17 16:00:00,206.0,715.0,191.0,256.0,28.0,20.0
2024-02-17 17:00:00,203.0,305.0,129.0,637.0,27.0,25.0
2024-02-17 18:00:00,202.0,306.0,127.0,693.0,0.0,13.0
2024-02-17 19:00:00,203.0,303.0,138.0,704.0,0.0,10.0
2024-02-17 20:00:00,202.0,304.0,102.0,809.0,0.0,12.0
2024-02-17 21:00:00,202.0,307.0,104.0,731.0,0.0,16.0
2024-02-17 22:00:00,201.0,305.0,104.0,768.0,0.0,14.0
2024-02-17 23:00:00,201.0,361.0,119.0,565.0,0.0,12.0
2024-02-18 00:00:00,201.0,457.0,126.0,461.0,0.0,13.0
2024-02-18 01:00:00,203.0,806.0,221.0,109.0,253.0,15.0
2024-02-18 02:00:00,221.0,1113.0,246.0,5.0,271.0,6.0
2024-02-18 03:00:00,352.0,1116.0,253.0,0.0,270.0,18.0
2024-02-18 04:00:00,365.0,1117.0,252.0,0.0,271.0,14.0
2024-02-18 05:00:00,327.0,1114.0,250.0,0.0,270.0,8.0
2024-02-18 06:00:00,224.0,975.0,249.0,0.0,498.0,14.0
2024-02-18 07:00:00,209.0,975.0,251.0,0.0,510.0,14.0
2024-02-18 08:00:00,207.0,976.0,247.0,0.0,271.0,1.0
2024-02-18 09:00:00,271.0,976.0,251.0,0.0,216.0,3.0
2024-02-18 10:00:00,362.0,977.0,245.0,0.0,25.0,7.0
2024-02-18 11:00:00,288.0,976.0,236.0,0.0,24.0,20.0
2024-02-18 12:00:00,209.0,975.0,231.0,0.0,24.0,48.0
2024-02-18 13:00:00,203.0,977.0,228.0,0.0,24.0,60.0
2024-02-18 14:00:00,203.0,975.0,234.0,0.0,24.0,42.0
2024-02-18 15:00:00,202.0,976.0,211.0,12.0,24.0,53.0
2024-02-18 16:00:00,202.0,524.0,156.0,304.0,23.0,113.0
2024-02-18 17:00:00,202.0,305.0,125.0,711.0,0.0,142.0
2024-02-18 18:00:00,206.0,304.0,114.0,881.0,0.0,214.0
2024-02-18 19:00:00,204.0,305.0,104.0,929.0,0.0,263.0
2024-02-18 20:00:00,232.0,305.0,97.0,932.0,0.0,234.0
2024-02-18 21:00:00,296.0,305.0,105.0,929.0,0.0,189.0
2024-02-18 22:00:00,217.0,303.0,115.0,908.0,0.0,163.0
2024-02-18 23:00:00,202.0,302.0,119.0,838.0,0.0,166.0
2024-02-19 00:00:00,201.0,319.0,121.0,526.0,23.0,102.0
2024-02-19 01:00:00,203.0,484.0,216.0,124.0,238.0,45.0
2024-02-19 02:00:00,231.0,853.0,253.0,5.0,262.0,28.0
2024-02-19 03:00:00,280.0,973.0,254.0,0.0,265.0,83.0
2024-02-19 04:00:00,252.0,974.0,253.0,0.0,265.0,115.0
2024-02-19 05:00:00,207.0,975.0,243.0,0.0,266.0,133.0
2024-02-19 06:00:00,230.0,491.0,240.0,0.0,263.0,117.0
2024-02-19 07:00:00,,,247.0,,,
2024-02-19 08:00:00,,,245.0,,,
2024-02-19 09:00:00,203.0,974.0,237.0,0.0,24.0,26.0
2024-02-19 10:00:00,202.0,772.0,231.0,0.0,24.0,42.0
2024-02-19 11:00:00,201.0,678.0,218.0,0.0,24.0,52.0
2024-02-19 12:00:00,202.0,432.0,218.0,0.0,24.0,43.0
2024-02-19 13:00:00,203.0,447.0,225.0,0.0,24.0,33.0
2024-02-19 14:00:00,224.0,474.0,241.0,0.0,24.0,56.0
2024-02-19 15:00:00,267.0,515.0,228.0,12.0,24.0,45.0
2024-02-19 16:00:00,258.0,505.0,226.0,160.0,24.0,16.0
2024-02-19 17:00:00,207.0,414.0,189.0,274.0,23.0,26.0
2024-02-19 18:00:00,240.0,346.0,124.0,372.0,20.0,116.0
2024-02-19 19:00:00,206.0,467.0,125.0,384.0,21.0,261.0
2024-02-19 20:00:00,202.0,398.0,135.0,402.0,21.0,254.0
2024-02-19 21:00:00,201.0,387.0,136.0,503.0,21.0,277.0
2024-02-19 22:00:00,201.0,387.0,134.0,516.0,21.0,275.0
2024-02-19 23:00:00,201.0,388.0,143.0,510.0,21.0,257.0
2024-02-20 00:00:00,201.0,490.0,164.0,423.0,21.0,263.0
2024-02-20 01:00:00,202.0,766.0,243.0,120.0,220.0,244.0
2024-02-20 02:00:00,203.0,1170.0,253.0,7.0,260.0,191.0
2024-02-20 03:00:00,245.0,1218.0,253.0,0.0,259.0,98.0
2024-02-20 04:00:00,229.0,1221.0,251.0,0.0,259.0,49.0
2024-02-20 05:00:00,207.0,1221.0,252.0,0.0,257.0,64.0
2024-02-20 06:00:00,225.0,1191.0,252.0,0.0,26.0,88.0
2024-02-20 07:00:00,205.0,1057.0,251.0,0.0,21.0,78.0
2024-02-20 08:00:00,203.0,1020.0,245.0,0.0,21.0,64.0
2024-02-20 09:00:00,195.0,976.0,245.0,0.0,28.0,71.0
2024-02-20 10:00:00,195.0,844.0,234.0,0.0,28.0,66.0
2024-02-20 11:00:00,196.0,513.0,228.0,0.0,28.0,42.0
2024-02-20 12:00:00,196.0,471.0,227.0,0.0,28.0,50.0
2024-02-20 13:00:00,196.0,472.0,233.0,0.0,28.0,58.0
2024-02-20 14:00:00,196.0,473.0,247.0,0.0,28.0,60.0
2024-02-20 15:00:00,195.0,474.0,251.0,1.0,28.0,46.0
2024-02-20 16:00:00,209.0,467.0,249.0,33.0,28.0,56.0
2024-02-20 17:00:00,201.0,617.0,241.0,73.0,28.0,38.0
2024-02-20 18:00:00,290.0,589.0,243.0,162.0,28.0,13.0
2024-02-20 19:00:00,294.0,686.0,248.0,200.0,28.0,4.0
2024-02-20 20:00:00,352.0,710.0,241.0,144.0,28.0,2.0
2024-02-20 21:00:00,295.0,706.0,243.0,195.0,28.0,25.0
2024-02-20 22:00:00,209.0,725.0,248.0,105.0,253.0,89.0
2024-02-20 23:00:00,196.0,862.0,247.0,149.0,217.0,112.0
2024-02-21 00:00:00,196.0,958.0,249.0,143.0,495.0,241.0
2024-02-21 01:00:00,199.0,958.0,253.0,151.0,413.0,217.0
2024-02-21 02:00:00,302.0,958.0,253.0,9.0,503.0,227.0
2024-02-21 03:00:00,330.0,1105.0,253.0,0.0,505.0,136.0
2024-02-21 04:00:00,226.0,1184.0,252.0,0.0,417.0,83.0
2024-02-21 05:00:00,235.0,1103.0,252.0,0.0,215.0,35.0
2024-02-21 06:00:00,262.0,1092.0,252.0,0.0,212.0,40.0
2024-02-21 07:00:00,239.0,1027.0,250.0,0.0,28.0,73.0
2024-02-21 08:00:00,254.0,954.0,248.0,0.0,28.0,31.0
2024-02-21 09:00:00,202.0,963.0,241.0,0.0,28.0,77.0
2024-02-21 10:00:00,210.0,905.0,239.0,0.0,0.0,110.0
2024-02-21 11:00:00,198.0,905.0,237.0,0.0,0.0,123.0
2024-02-21 12:00:00,196.0,908.0,236.0,0.0,0.0,84.0
2024-02-21 13:00:00,196.0,918.0,240.0,0.0,0.0,104.0
2024-02-21 14:00:00,198.0,951.0,248.0,0.0,21.0,86.0
2024-02-21 15:00:00,283.0,957.0,248.0,5.0,28.0,131.0
2024-02-21 16:00:00,307.0,743.0,236.0,232.0,28.0,148.0
2024-02-21 17:00:00,245.0,381.0,143.0,577.0,28.0,148.0
2024-02-21 18:00:00,199.0,326.0,122.0,774.0,0.0,210.0
2024-02-21 19:00:00,196.0,304.0,132.0,725.0,0.0,239.0
2024-02-21 20:00:00,194.0,319.0,128.0,795.0,0.0,146.0
2024-02-21 21:00:00,194.0,304.0,119.0,833.0,0.0,114.0
2024-02-21 22:00:00,193.0,306.0,119.0,727.0,0.0,120.0
2024-02-21 23:00:00,193.0,303.0,128.0,632.0,0.0,98.0
2024-02-22 00:00:00,196.0,348.0,142.0,432.0,22.0,31.0
2024-02-22 01:00:00,226.0,497.0,192.0,245.0,231.0,61.0
2024-02-22 02:00:00,282.0,839.0,242.0,19.0,267.0,51.0
2024-02-22 03:00:00,349.0,1047.0,249.0,0.0,267.0,27.0
2024-02-22 04:00:00,266.0,1043.0,250.0,0.0,266.0,28.0
2024-02-22 05:00:00,260.0,1016.0,247.0,0.0,266.0,46.0
2024-02-22 06:00:00,275.0,960.0,244.0,0.0,261.0,33.0
2024-02-22 07:00:00,279.0,911.0,244.0,0.0,28.0,24.0
2024-02-22 08:00:00,241.0,761.0,234.0,0.0,28.0,31.0
2024-02-22 09:00:00,205.0,534.0,177.0,0.0,18.0,24.0
2024-02-22 10:00:00,203.0,447.0,172.0,0.0,17.0,21.0
2024-02-22 11:00:00,203.0,362.0,169.0,0.0,17.0,14.0
2024-02-22 12:00:00,203.0,421.0,171.0,0.0,17.0,8.0
2024-02-22 13:00:00,202.0,474.0,235.0,0.0,17.0,9.0
2024-02-22 14:00:00,204.0,474.0,248.0,0.0,17.0,7.0
2024-02-22 15:00:00,245.0,474.0,252.0,22.0,18.0,2.0
2024-02-22 16:00:00,311.0,367.0,210.0,338.0,17.0,0.0
2024-02-22 17:00:00,223.0,303.0,164.0,739.0,0.0,0.0
2024-02-22 18:00:00,205.0,303.0,129.0,901.0,0.0,0.0
2024-02-22 19:00:00,204.0,303.0,119.0,931.0,0.0,6.0
2024-02-22 20:00:00,203.0,303.0,117.0,928.0,0.0,9.0
2024-02-22 21:00:00,203.0,302.0,116.0,932.0,0.0,15.0
2024-02-22 22:00:00,202.0,302.0,114.0,904.0,0.0,20.0
2024-02-22 23:00:00,202.0,302.0,116.0,824.0,0.0,19.0
2024-02-23 00:00:00,203.0,304.0,132.0,650.0,0.0,18.0
2024-02-23 01:00:00,233.0,492.0,180.0,299.0,19.0,29.0
2024-02-23 02:00:00,271.0,685.0,240.0,16.0,214.0,34.0
2024-02-23 03:00:00,283.0,709.0,244.0,0.0,210.0,19.0
2024-02-23 04:00:00,284.0,730.0,247.0,0.0,217.0,7.0
2024-02-23 05:00:00,282.0,814.0,247.0,0.0,210.0,2.0
2024-02-23 06:00:00,267.0,944.0,244.0,0.0,209.0,0.0
2024-02-23 07:00:00,207.0,883.0,228.0,0.0,209.0,0.0
2024-02-23 08:00:00,204.0,848.0,189.0,0.0,210.0,0.0
2024-02-23 09:00:00,204.0,903.0,238.0,0.0,237.0,0.0
2024-02-23 10:00:00,203.0,682.0,236.0,0.0,22.0,0.0
2024-02-23 11:00:00,202.0,685.0,176.0,0.0,21.0,0.0
2024-02-23 12:00:00,203.0,448.0,172.0,0.0,21.0,0.0
2024-02-23 13:00:00,203.0,441.0,232.0,0.0,21.0,1.0
2024-02-23 14:00:00,225.0,475.0,248.0,0.0,21.0,2.0
2024-02-23 15:00:00,339.0,475.0,253.0,12.0,21.0,0.0
2024-02-23 16:00:00,358.0,464.0,229.0,247.0,18.0,1.0
2024-02-23 17:00:00,273.0,421.0,168.0,504.0,16.0,9.0
2024-02-23 18:00:00,209.0,315.0,152.0,674.0,16.0,11.0
2024-02-23 19:00:00,203.0,310.0,129.0,789.0,16.0,25.0
2024-02-23 20:00:00,204.0,306.0,129.0,847.0,15.0,51.0
2024-02-23 21:00:00,211.0,306.0,134.0,770.0,15.0,58.0
2024-02-23 22:00:00,205.0,306.0,136.0,650.0,16.0,52.0
2024-02-23 23:00:00,204.0,308.0,147.0,437.0,20.0,47.0
2024-02-24 00:00:00,227.0,314.0,159.0,395.0,20.0,40.0
2024-02-24 01:00:00,334.0,463.0,192.0,145.0,23.0,45.0
2024-02-24 02:00:00,266.0,846.0,240.0,19.0,210.0,43.0
2024-02-24 03:00:00,261.0,1025.0,237.0,0.0,209.0,33.0
2024-02-24 04:00:00,207.0,1030.0,236.0,0.0,209.0,27.0
2024-02-24 05:00:00,204.0,1024.0,242.0,0.0,209.0,19.0
2024-02-24 06:00:00,202.0,785.0,240.0,0.0,209.0,6.0
2024-02-24 07:00:00,203.0,717.0,240.0,0.0,205.0,0.0
2024-02-24 08:00:00,203.0,715.0,240.0,0.0,18.0,0.0
2024-02-24 09:00:00,203.0,719.0,251.0,0.0,21.0,0.0
2024-02-24 10:00:00,203.0,657.0,240.0,0.0,21.0,1.0
2024-02-24 11:00:00,205.0,475.0,231.0,0.0,21.0,0.0
2024-02-24 12:00:00,205.0,387.0,234.0,0.0,21.0,0.0
2024-02-24 13:00:00,204.0,319.0,237.0,0.0,21.0,0.0
2024-02-24 14:00:00,204.0,366.0,239.0,0.0,21.0,0.0
2024-02-24 15:00:00,220.0,466.0,225.0,10.0,21.0,0.0
2024-02-24 16:00:00,206.0,374.0,156.0,105.0,21.0,0.0
2024-02-24 17:00:00,204.0,303.0,141.0,297.0,21.0,0.0
2024-02-24 18:00:00,204.0,303.0,123.0,422.0,20.0,0.0
2024-02-24 19:00:00,203.0,303.0,120.0,563.0,0.0,0.0
2024-02-24 20:00:00,222.0,302.0,121.0,712.0,0.0,0.0
2024-02-24 21:00:00,205.0,303.0,122.0,801.0,0.0,1.0
2024-02-24 22:00:00,203.0,306.0,119.0,801.0,0.0,22.0
2024-02-24 23:00:00,203.0,305.0,121.0,646.0,0.0,48.0
2024-02-25 00:00:00,203.0,308.0,142.0,549.0,0.0,57.0
2024-02-25 01:00:00,203.0,320.0,180.0,299.0,19.0,44.0
2024-02-25 02:00:00,201.0,399.0,234.0,20.0,206.0,42.0
2024-02-25 03:00:00,201.0,321.0,239.0,0.0,206.0,63.0
2024-02-25 04:00:00,200.0,303.0,238.0,0.0,206.0,65.0
2024-02-25 05:00:00,202.0,303.0,239.0,0.0,392.0,82.0
2024-02-25 06:00:00,202.0,303.0,238.0,0.0,392.0,102.0
2024-02-25 07:00:00,204.0,290.0,237.0,0.0,389.0,97.0
2024-02-25 08:00:00,252.0,162.0,238.0,0.0,387.0,134.0
2024-02-25 09:00:00,327.0,162.0,180.0,0.0,205.0,146.0
2024-02-25 10:00:00,338.0,163.0,163.0,0.0,15.0,189.0
2024-02-25 11:00:00,326.0,162.0,157.0,0.0,18.0,208.0
2024-02-25 12:00:00,256.0,162.0,149.0,0.0,18.0,177.0
2024-02-25 13:00:00,257.0,195.0,147.0,0.0,18.0,132.0
2024-02-25 14:00:00,201.0,239.0,147.0,0.0,18.0,99.0
2024-02-25 15:00:00,196.0,395.0,148.0,15.0,18.0,103.0
2024-02-25 16:00:00,196.0,483.0,139.0,154.0,17.0,124.0
2024-02-25 17:00:00,220.0,482.0,116.0,353.0,0.0,120.0
2024-02-25 18:00:00,297.0,484.0,107.0,605.0,0.0,166.0
2024-02-25 19:00:00,217.0,483.0,98.0,768.0,0.0,249.0
2024-02-25 20:00:00,193.0,326.0,99.0,761.0,0.0,247.0
2024-02-25 21:00:00,194.0,303.0,99.0,742.0,0.0,255.0
2024-02-25 22:00:00,194.0,304.0,98.0,729.0,0.0,224.0
2024-02-25 23:00:00,195.0,305.0,114.0,699.0,0.0,216.0
2024-02-26 00:00:00,196.0,305.0,123.0,610.0,0.0,245.0
2024-02-26 01:00:00,196.0,310.0,157.0,290.0,206.0,249.0
2024-02-26 02:00:00,196.0,390.0,205.0,21.0,210.0,236.0
2024-02-26 03:00:00,195.0,425.0,243.0,0.0,208.0,231.0
2024-02-26 04:00:00,194.0,394.0,241.0,0.0,208.0,249.0
2024-02-26 05:00:00,194.0,426.0,243.0,0.0,208.0,221.0
2024-02-26 06:00:00,194.0,400.0,242.0,0.0,207.0,166.0
2024-02-26 07:00:00,199.0,328.0,202.0,0.0,206.0,166.0
2024-02-26 08:00:00,309.0,170.0,181.0,0.0,207.0,143.0
2024-02-26 09:00:00,272.0,163.0,173.0,0.0,207.0,142.0
2024-02-26 10:00:00,210.0,164.0,161.0,0.0,206.0,105.0
2024-02-26 11:00:00,320.0,163.0,155.0,0.0,18.0,127.0
2024-02-26 12:00:00,327.0,168.0,155.0,0.0,18.0,155.0
2024-02-26 13:00:00,324.0,193.0,157.0,0.0,18.0,188.0
2024-02-26 14:00:00,278.0,272.0,160.0,0.0,18.0,197.0
2024-02-26 15:00:00,291.0,452.0,233.0,9.0,224.0,190.0
2024-02-26 16:00:00,212.0,474.0,217.0,186.0,252.0,227.0
2024-02-26 17:00:00,203.0,383.0,182.0,533.0,13.0,268.0
2024-02-26 18:00:00,203.0,345.0,166.0,696.0,15.0,271.0
2024-02-26 19:00:00,202.0,348.0,166.0,640.0,17.0,272.0
2024-02-26 20:00:00,202.0,318.0,166.0,795.0,17.0,266.0
2024-02-26 21:00:00,202.0,306.0,163.0,810.0,17.0,257.0
2024-02-26 22:00:00,201.0,384.0,157.0,614.0,17.0,291.0
2024-02-26 23:00:00,200.0,423.0,214.0,418.0,14.0,309.0
2024-02-27 00:00:00,203.0,394.0,169.0,365.0,17.0,308.0
2024-02-27 01:00:00,254.0,457.0,226.0,120.0,17.0,306.0
2024-02-27 02:00:00,209.0,483.0,251.0,27.0,17.0,315.0
2024-02-27 03:00:00,244.0,507.0,250.0,0.0,17.0,322.0
2024-02-27 04:00:00,208.0,508.0,246.0,0.0,17.0,316.0
2024-02-27 05:00:00,223.0,457.0,245.0,0.0,17.0,316.0
2024-02-27 06:00:00,205.0,457.0,240.0,0.0,17.0,305.0
2024-02-27 07:00:00,203.0,352.0,187.0,0.0,16.0,290.0
2024-02-27 08:00:00,203.0,303.0,167.0,0.0,16.0,282.0
2024-02-27 09:00:00,195.0,303.0,152.0,0.0,24.0,290.0
2024-02-27 10:00:00,195.0,304.0,146.0,0.0,24.0,275.0
2024-02-27 11:00:00,196.0,303.0,138.0,0.0,24.0,210.0
2024-02-27 12:00:00,219.0,320.0,138.0,0.0,24.0,255.0
2024-02-27 13:00:00,256.0,360.0,142.0,0.0,24.0,167.0
2024-02-27 14:00:00,353.0,417.0,167.0,0.0,31.0,175.0
2024-02-27 15:00:00,394.0,474.0,247.0,31.0,236.0,218.0
2024-02-27 16:00:00,270.0,386.0,179.0,356.0,259.0,147.0
2024-02-27 17:00:00,199.0,346.0,155.0,744.0,28.0,114.0
2024-02-27 18:00:00,196.0,350.0,153.0,906.0,24.0,109.0
2024-02-27 19:00:00,196.0,363.0,129.0,959.0,0.0,96.0
2024-02-27 20:00:00,196.0,378.0,122.0,951.0,0.0,94.0
2024-02-27 21:00:00,195.0,376.0,122.0,942.0,0.0,62.0
2024-02-27 22:00:00,195.0,377.0,122.0,937.0,0.0,48.0
2024-02-27 23:00:00,195.0,377.0,125.0,864.0,0.0,43.0
2024-02-28 00:00:00,195.0,433.0,155.0,709.0,0.0,25.0
2024-02-28 01:00:00,197.0,477.0,185.0,345.0,14.0,28.0
2024-02-28 02:00:00,257.0,693.0,249.0,23.0,21.0,33.0
2024-02-28 03:00:00,204.0,972.0,252.0,0.0,207.0,22.0
2024-02-28 04:00:00,215.0,973.0,253.0,0.0,210.0,15.0
2024-02-28 05:00:00,369.0,1033.0,252.0,0.0,39.0,12.0
2024-02-28 06:00:00,332.0,1017.0,245.0,0.0,24.0,3.0
2024-02-28 07:00:00,230.0,840.0,249.0,0.0,24.0,0.0
2024-02-28 08:00:00,198.0,575.0,242.0,0.0,23.0,0.0
2024-02-28 09:00:00,204.0,477.0,170.0,0.0,13.0,0.0
2024-02-28 10:00:00,203.0,477.0,197.0,0.0,13.0,0.0
2024-02-28 11:00:00,203.0,477.0,201.0,0.0,13.0,0.0
2024-02-28 12:00:00,203.0,477.0,199.0,0.0,13.0,0.0
2024-02-28 13:00:00,206.0,477.0,186.0,0.0,205.0,0.0
2024-02-28 14:00:00,267.0,477.0,216.0,0.0,245.0,0.0
2024-02-28 15:00:00,370.0,476.0,208.0,38.0,252.0,0.0
2024-02-28 16:00:00,248.0,384.0,138.0,390.0,203.0,0.0
2024-02-28 17:00:00,205.0,342.0,120.0,769.0,201.0,0.0
2024-02-28 18:00:00,204.0,354.0,100.0,917.0,20.0,0.0
2024-02-28 19:00:00,203.0,354.0,97.0,951.0,20.0,0.0
2024-02-28 20:00:00,203.0,352.0,97.0,937.0,19.0,1.0
2024-02-28 21:00:00,203.0,354.0,97.0,942.0,19.0,3.0
2024-02-28 22:00:00,202.0,354.0,97.0,947.0,19.0,4.0
2024-02-28 23:00:00,202.0,353.0,99.0,878.0,18.0,4.0
2024-02-29 00:00:00,205.0,380.0,115.0,718.0,18.0,2.0
2024-02-29 01:00:00,294.0,413.0,156.0,357.0,18.0,15.0
2024-02-29 02:00:00,401.0,684.0,237.0,25.0,18.0,19.0
2024-02-29 03:00:00,383.0,973.0,246.0,0.0,219.0,10.0
2024-02-29 04:00:00,285.0,975.0,242.0,0.0,241.0,7.0
2024-02-29 05:00:00,230.0,975.0,236.0,0.0,215.0,12.0
2024-02-29 06:00:00,296.0,919.0,234.0,0.0,12.0,13.0
2024-02-29 07:00:00,359.0,621.0,239.0,0.0,14.0,11.0
2024-02-29 08:00:00,255.0,470.0,183.0,0.0,15.0,8.0
2024-02-29 09:00:00,204.0,402.0,172.0,0.0,15.0,14.0
2024-02-29 10:00:00,203.0,473.0,168.0,0.0,15.0,16.0
2024-02-29 11:00:00,202.0,459.0,167.0,0.0,15.0,48.0
2024-02-29 12:00:00,202.0,391.0,161.0,0.0,15.0,77.0
2024-02-29 13:00:00,204.0,357.0,165.0,0.0,15.0,85.0
2024-02-29 14:00:00,226.0,452.0,181.0,0.0,15.0,77.0
2024-02-29 15:00:00,292.0,473.0,233.0,42.0,15.0,127.0
2024-02-29 16:00:00,251.0,374.0,173.0,407.0,15.0,166.0
2024-02-29 17:00:00,207.0,373.0,114.0,783.0,15.0,205.0
2024-02-29 18:00:00,203.0,404.0,99.0,922.0,16.0,204.0
2024-02-29 19:00:00,202.0,404.0,98.0,865.0,13.0,225.0
2024-02-29 20:00:00,202.0,405.0,99.0,884.0,11.0,275.0
2024-02-29 21:00:00,202.0,403.0,103.0,912.0,9.0,293.0
2024-02-29 22:00:00,202.0,402.0,99.0,957.0,9.0,297.0
2024-02-29 23:00:00,202.0,366.0,99.0,816.0,12.0,302.0
2024-03-01 00:00:00,201.0,329.0,110.0,736.0,13.0,302.0
2024-03-01 01:00:00,201.0,452.0,164.0,357.0,13.0,300.0
2024-03-01 02:00:00,203.0,689.0,231.0,23.0,13.0,284.0
2024-03-01 03:00:00,209.0,1036.0,250.0,0.0,13.0,194.0
2024-03-01 04:00:00,207.0,1029.0,250.0,0.0,10.0,195.0
2024-03-01 05:00:00,283.0,1035.0,249.0,0.0,11.0,185.0
2024-03-01 06:00:00,249.0,902.0,249.0,0.0,11.0,164.0
2024-03-01 07:00:00,206.0,519.0,182.0,0.0,11.0,263.0
2024-03-01 08:00:00,204.0,381.0,155.0,0.0,10.0,268.0
2024-03-01 09:00:00,203.0,462.0,172.0,0.0,10.0,276.0
2024-03-01 10:00:00,202.0,427.0,152.0,0.0,10.0,259.0
2024-03-01 11:00:00,203.0,397.0,149.0,0.0,11.0,251.0
2024-03-01 12:00:00,201.0,406.0,149.0,0.0,10.0,250.0
2024-03-01 13:00:00,203.0,420.0,167.0,0.0,11.0,271.0
2024-03-01 14:00:00,204.0,467.0,199.0,0.0,11.0,260.0
2024-03-01 15:00:00,308.0,473.0,240.0,49.0,9.0,248.0
2024-03-01 16:00:00,222.0,319.0,168.0,447.0,3.0,265.0
2024-03-01 17:00:00,204.0,302.0,104.0,886.0,0.0,280.0
2024-03-01 18:00:00,217.0,165.0,95.0,1052.0,0.0,278.0
2024-03-01 19:00:00,234.0,164.0,95.0,1086.0,0.0,288.0
2024-03-01 20:00:00,227.0,193.0,95.0,1051.0,0.0,299.0
2024-03-01 21:00:00,233.0,162.0,95.0,976.0,0.0,306.0
2024-03-01 22:00:00,206.0,187.0,95.0,1026.0,0.0,297.0
2024-03-01 23:00:00,203.0,190.0,95.0,1003.0,16.0,296.0
2024-03-02 00:00:00,203.0,275.0,99.0,656.0,56.0,287.0
2024-03-02 01:00:00,203.0,362.0,178.0,221.0,206.0,264.0
2024-03-02 02:00:00,202.0,468.0,243.0,11.0,417.0,280.0
2024-03-02 03:00:00,201.0,470.0,244.0,0.0,443.0,272.0
2024-03-02 04:00:00,201.0,471.0,243.0,0.0,443.0,251.0
2024-03-02 05:00:00,202.0,471.0,241.0,0.0,440.0,185.0
2024-03-02 06:00:00,207.0,472.0,214.0,0.0,402.0,138.0
2024-03-02 07:00:00,205.0,474.0,231.0,0.0,201.0,127.0
2024-03-02 08:00:00,204.0,470.0,232.0,0.0,213.0,182.0
2024-03-02 09:00:00,203.0,409.0,198.0,0.0,201.0,212.0
2024-03-02 10:00:00,203.0,434.0,157.0,0.0,202.0,223.0
2024-03-02 11:00:00,202.0,416.0,177.0,0.0,16.0,217.0
2024-03-02 12:00:00,204.0,466.0,223.0,0.0,11.0,219.0
2024-03-02 13:00:00,204.0,414.0,187.0,0.0,11.0,236.0
2024-03-02 14:00:00,224.0,457.0,197.0,0.0,11.0,224.0
2024-03-02 15:00:00,269.0,449.0,200.0,54.0,12.0,249.0
2024-03-02 16:00:00,210.0,304.0,119.0,446.0,11.0,212.0
2024-03-02 17:00:00,235.0,304.0,97.0,877.0,0.0,192.0
2024-03-02 18:00:00,207.0,304.0,96.0,868.0,0.0,223.0
2024-03-02 19:00:00,240.0,307.0,96.0,914.0,0.0,226.0
2024-03-02 20:00:00,207.0,318.0,96.0,717.0,0.0,99.0
2024-03-02 21:00:00,204.0,313.0,108.0,659.0,0.0,73.0
2024-03-02 22:00:00,205.0,305.0,104.0,776.0,0.0,94.0
2024-03-02 23:00:00,254.0,346.0,114.0,616.0,0.0,183.0
2024-03-03 00:00:00,208.0,309.0,118.0,598.0,0.0,236.0
2024-03-03 01:00:00,204.0,345.0,162.0,266.0,214.0,223.0
2024-03-03 02:00:00,210.0,494.0,228.0,30.0,239.0,145.0
2024-03-03 03:00:00,342.0,720.0,236.0,0.0,220.0,207.0
2024-03-03 04:00:00,318.0,719.0,235.0,0.0,206.0,176.0
2024-03-03 05:00:00,322.0,722.0,237.0,0.0,253.0,174.0
2024-03-03 06:00:00,320.0,722.0,234.0,0.0,258.0,157.0
2024-03-03 07:00:00,222.0,722.0,241.0,0.0,256.0,45.0
2024-03-03 08:00:00,204.0,723.0,237.0,0.0,253.0,48.0
2024-03-03 09:00:00,203.0,723.0,234.0,0.0,254.0,58.0
2024-03-03 10:00:00,202.0,724.0,223.0,0.0,12.0,74.0
2024-03-03 11:00:00,202.0,723.0,222.0,0.0,13.0,132.0
2024-03-03 12:00:00,201.0,723.0,221.0,0.0,13.0,242.0
2024-03-03 13:00:00,202.0,722.0,221.0,0.0,13.0,305.0
2024-03-03 14:00:00,203.0,724.0,223.0,0.0,13.0,272.0
2024-03-03 15:00:00,203.0,653.0,205.0,50.0,14.0,257.0
2024-03-03 16:00:00,202.0,175.0,121.0,375.0,16.0,262.0
2024-03-03 17:00:00,204.0,162.0,114.0,856.0,0.0,288.0
2024-03-03 18:00:00,240.0,163.0,97.0,907.0,0.0,280.0
2024-03-03 19:00:00,224.0,163.0,96.0,944.0,0.0,272.0
2024-03-03 20:00:00,244.0,162.0,99.0,986.0,0.0,231.0
2024-03-03 21:00:00,284.0,163.0,113.0,952.0,0.0,240.0
2024-03-03 22:00:00,277.0,174.0,104.0,1021.0,0.0,149.0
2024-03-03 23:00:00,265.0,195.0,103.0,906.0,0.0,181.0
2024-03-04 00:00:00,218.0,277.0,115.0,787.0,0.0,121.0
2024-03-04 01:00:00,205.0,359.0,165.0,391.0,24.0,138.0
2024-03-04 02:00:00,205.0,621.0,238.0,24.0,252.0,118.0
2024-03-04 03:00:00,237.0,971.0,244.0,0.0,255.0,117.0
2024-03-04 04:00:00,266.0,982.0,244.0,0.0,255.0,123.0
2024-03-04 05:00:00,330.0,983.0,244.0,0.0,256.0,129.0
2024-03-04 06:00:00,280.0,980.0,241.0,0.0,255.0,76.0
2024-03-04 07:00:00,209.0,987.0,240.0,0.0,240.0,45.0
2024-03-04 08:00:00,205.0,986.0,236.0,0.0,208.0,20.0
2024-03-04 09:00:00,222.0,932.0,239.0,0.0,25.0,26.0
2024-03-04 10:00:00,198.0,717.0,235.0,0.0,22.0,23.0
2024-03-04 11:00:00,195.0,529.0,225.0,0.0,19.0,20.0
2024-03-04 12:00:00,195.0,473.0,219.0,0.0,17.0,22.0
2024-03-04 13:00:00,203.0,590.0,223.0,0.0,17.0,26.0
2024-03-04 14:00:00,255.0,738.0,245.0,0.0,17.0,29.0
2024-03-04 15:00:00,352.0,739.0,251.0,61.0,16.0,41.0
2024-03-04 16:00:00,238.0,531.0,184.0,502.0,16.0,109.0
2024-03-04 17:00:00,197.0,433.0,126.0,934.0,0.0,161.0
2024-03-04 18:00:00,196.0,306.0,123.0,1079.0,0.0,164.0
2024-03-04 19:00:00,196.0,306.0,120.0,1107.0,0.0,152.0
2024-03-04 20:00:00,195.0,306.0,120.0,1086.0,0.0,100.0
2024-03-04 21:00:00,195.0,305.0,108.0,1009.0,0.0,71.0
2024-03-04 22:00:00,194.0,317.0,98.0,705.0,0.0,89.0
2024-03-04 23:00:00,194.0,307.0,96.0,618.0,0.0,95.0
2024-03-05 00:00:00,195.0,307.0,100.0,667.0,7.0,115.0
2024-03-05 01:00:00,194.0,435.0,162.0,474.0,11.0,125.0
2024-03-05 02:00:00,201.0,755.0,240.0,57.0,235.0,114.0
2024-03-05 03:00:00,333.0,1027.0,247.0,0.0,246.0,90.0
2024-03-05 04:00:00,387.0,1026.0,246.0,0.0,246.0,68.0
2024-03-05 05:00:00,287.0,1025.0,245.0,0.0,245.0,66.0
2024-03-05 06:00:00,228.0,1026.0,240.0,0.0,245.0,68.0
2024-03-05 07:00:00,198.0,1026.0,247.0,0.0,243.0,65.0
2024-03-05 08:00:00,196.0,1027.0,243.0,0.0,11.0,58.0
2024-03-05 09:00:00,201.0,988.0,237.0,0.0,0.0,33.0
2024-03-05 10:00:00,199.0,986.0,231.0,0.0,0.0,32.0
2024-03-05 11:00:00,199.0,986.0,224.0,0.0,0.0,33.0
2024-03-05 12:00:00,199.0,988.0,223.0,0.0,0.0,43.0
2024-03-05 13:00:00,197.0,988.0,227.0,0.0,0.0,40.0
2024-03-05 14:00:00,204.0,988.0,239.0,0.0,0.0,45.0
2024-03-05 15:00:00,237.0,987.0,236.0,64.0,0.0,78.0
2024-03-05 16:00:00,207.0,555.0,174.0,501.0,2.0,100.0
2024-03-05 17:00:00,204.0,305.0,100.0,916.0,2.0,118.0
2024-03-05 18:00:00,203.0,304.0,95.0,1048.0,0.0,90.0
2024-03-05 19:00:00,203.0,305.0,95.0,1060.0,0.0,148.0
2024-03-05 20:00:00,202.0,304.0,95.0,1062.0,0.0,179.0
2024-03-05 21:00:00,202.0,304.0,95.0,1062.0,0.0,90.0
2024-03-05 22:00:00,201.0,305.0,95.0,1072.0,0.0,74.0
2024-03-05 23:00:00,201.0,305.0,96.0,1010.0,0.0,64.0
2024-03-06 00:00:00,201.0,306.0,100.0,868.0,0.0,52.0
2024-03-06 01:00:00,203.0,390.0,159.0,457.0,2.0,54.0
2024-03-06 02:00:00,227.0,701.0,242.0,43.0,208.0,15.0
2024-03-06 03:00:00,386.0,969.0,250.0,0.0,243.0,15.0
2024-03-06 04:00:00,412.0,986.0,249.0,0.0,242.0,74.0
2024-03-06 05:00:00,308.0,986.0,249.0,0.0,242.0,179.0
2024-03-06 06:00:00,211.0,985.0,250.0,0.0,239.0,198.0
2024-03-06 07:00:00,203.0,986.0,248.0,0.0,7.0,180.0
2024-03-06 08:00:00,202.0,986.0,240.0,0.0,0.0,149.0
2024-03-06 09:00:00,202.0,986.0,228.0,0.0,0.0,143.0
2024-03-06 10:00:00,201.0,985.0,224.0,0.0,0.0,122.0
2024-03-06 11:00:00,202.0,986.0,222.0,0.0,0.0,112.0
2024-03-06 12:00:00,202.0,985.0,222.0,0.0,0.0,104.0
2024-03-06 13:00:00,202.0,987.0,225.0,0.0,0.0,122.0
2024-03-06 14:00:00,203.0,987.0,231.0,0.0,0.0,107.0
2024-03-06 15:00:00,220.0,993.0,240.0,78.0,1.0,86.0
2024-03-06 16:00:00,216.0,986.0,182.0,367.0,6.0,78.0
2024-03-06 17:00:00,204.0,400.0,112.0,922.0,0.0,74.0
2024-03-06 18:00:00,203.0,305.0,95.0,1054.0,0.0,117.0
2024-03-06 19:00:00,202.0,305.0,95.0,984.0,0.0,143.0
2024-03-06 20:00:00,202.0,305.0,95.0,1043.0,0.0,103.0
2024-03-06 21:00:00,202.0,362.0,103.0,862.0,0.0,65.0
2024-03-06 22:00:00,201.0,465.0,166.0,660.0,10.0,85.0
2024-03-06 23:00:00,202.0,415.0,150.0,819.0,12.0,39.0
2024-03-07 00:00:00,229.0,487.0,194.0,415.0,269.0,7.0
2024-03-07 01:00:00,319.0,739.0,237.0,93.0,249.0,18.0
2024-03-07 02:00:00,427.0,1012.0,252.0,15.0,489.0,9.0
2024-03-07 03:00:00,451.0,1116.0,250.0,0.0,490.0,1.0
2024-03-07 04:00:00,401.0,1152.0,248.0,0.0,490.0,0.0
2024-03-07 05:00:00,296.0,1155.0,247.0,0.0,491.0,2.0
2024-03-07 06:00:00,236.0,1117.0,248.0,0.0,489.0,3.0
2024-03-07 07:00:00,203.0,1076.0,238.0,0.0,248.0,6.0
2024-03-07 08:00:00,205.0,994.0,224.0,3.0,192.0,15.0
2024-03-07 09:00:00,255.0,987.0,221.0,0.0,8.0,26.0
2024-03-07 10:00:00,228.0,986.0,217.0,0.0,4.0,34.0
2024-03-07 11:00:00,227.0,986.0,213.0,0.0,4.0,37.0
2024-03-07 12:00:00,232.0,986.0,209.0,0.0,4.0,47.0
2024-03-07 13:00:00,234.0,988.0,213.0,0.0,4.0,44.0
2024-03-07 14:00:00,251.0,988.0,237.0,0.0,4.0,28.0
2024-03-07 15:00:00,345.0,988.0,248.0,37.0,5.0,30.0
2024-03-07 16:00:00,409.0,856.0,219.0,406.0,13.0,32.0
2024-03-07 17:00:00,266.0,309.0,130.0,812.0,0.0,42.0
2024-03-07 18:00:00,204.0,306.0,99.0,1050.0,0.0,68.0
2024-03-07 19:00:00,203.0,306.0,96.0,1088.0,0.0,77.0
2024-03-07 20:00:00,202.0,307.0,96.0,1099.0,0.0,68.0
2024-03-07 21:00:00,201.0,307.0,96.0,1053.0,0.0,69.0
2024-03-07 22:00:00,202.0,309.0,100.0,996.0,0.0,197.0
2024-03-07 23:00:00,202.0,307.0,116.0,850.0,0.0,141.0
2024-03-08 00:00:00,202.0,308.0,114.0,805.0,12.0,145.0
2024-03-08 01:00:00,205.0,444.0,153.0,419.0,207.0,157.0
2024-03-08 02:00:00,276.0,806.0,237.0,57.0,249.0,110.0
2024-03-08 03:00:00,281.0,985.0,245.0,0.0,252.0,62.0
2024-03-08 04:00:00,281.0,984.0,244.0,1.0,251.0,109.0
2024-03-08 05:00:00,254.0,984.0,245.0,1.0,250.0,174.0
2024-03-08 06:00:00,215.0,985.0,252.0,0.0,252.0,156.0
2024-03-08 07:00:00,204.0,984.0,246.0,1.0,250.0,145.0
2024-03-08 08:00:00,206.0,984.0,241.0,0.0,246.0,131.0
2024-03-08 09:00:00,267.0,984.0,236.0,0.0,9.0,121.0
2024-03-08 10:00:00,209.0,985.0,229.0,0.0,8.0,130.0
2024-03-08 11:00:00,202.0,986.0,225.0,0.0,8.0,111.0
2024-03-08 12:00:00,202.0,984.0,224.0,0.0,8.0,104.0
2024-03-08 13:00:00,207.0,987.0,228.0,0.0,8.0,97.0
2024-03-08 14:00:00,330.0,988.0,244.0,0.0,8.0,92.0
2024-03-08 15:00:00,464.0,988.0,253.0,80.0,8.0,53.0
2024-03-08 16:00:00,424.0,521.0,191.0,529.0,8.0,35.0
2024-03-08 17:00:00,289.0,306.0,127.0,949.0,0.0,31.0
2024-03-08 18:00:00,209.0,280.0,100.0,1093.0,0.0,40.0
2024-03-08 19:00:00,283.0,170.0,98.0,1099.0,0.0,68.0
2024-03-08 20:00:00,213.0,171.0,99.0,1077.0,0.0,80.0
2024-03-08 21:00:00,202.0,166.0,99.0,1080.0,0.0,83.0
2024-03-08 22:00:00,201.0,166.0,99.0,1089.0,12.0,86.0
2024-03-08 23:00:00,201.0,175.0,101.0,1031.0,12.0,74.0
2024-03-09 00:00:00,204.0,238.0,109.0,862.0,12.0,68.0
2024-03-09 01:00:00,287.0,407.0,170.0,464.0,12.0,80.0
2024-03-09 02:00:00,349.0,746.0,244.0,50.0,188.0,100.0
2024-03-09 03:00:00,477.0,858.0,255.0,0.0,199.0,99.0
2024-03-09 04:00:00,412.0,986.0,254.0,0.0,198.0,75.0
2024-03-09 05:00:00,465.0,988.0,255.0,0.0,49.0,75.0
2024-03-09 06:00:00,435.0,987.0,255.0,0.0,7.0,72.0
2024-03-09 07:00:00,342.0,984.0,249.0,0.0,11.0,43.0
2024-03-09 08:00:00,405.0,984.0,241.0,0.0,11.0,27.0
2024-03-09 09:00:00,321.0,853.0,237.0,0.0,11.0,8.0
2024-03-09 10:00:00,239.0,726.0,233.0,0.0,5.0,1.0
2024-03-09 11:00:00,206.0,726.0,230.0,0.0,8.0,0.0
2024-03-09 12:00:00,204.0,727.0,224.0,0.0,8.0,3.0
2024-03-09 13:00:00,203.0,727.0,224.0,0.0,8.0,3.0
2024-03-09 14:00:00,202.0,727.0,226.0,0.0,8.0,2.0
2024-03-09 15:00:00,201.0,605.0,219.0,80.0,8.0,0.0
2024-03-09 16:00:00,200.0,310.0,131.0,478.0,8.0,0.0
2024-03-09 17:00:00,221.0,308.0,101.0,860.0,11.0,0.0
2024-03-09 18:00:00,206.0,307.0,98.0,1015.0,0.0,0.0
2024-03-09 19:00:00,204.0,305.0,98.0,1049.0,0.0,0.0
2024-03-09 20:00:00,204.0,304.0,98.0,1067.0,0.0,3.0
2024-03-09 21:00:00,203.0,305.0,98.0,1055.0,0.0,7.0
2024-03-09 22:00:00,202.0,305.0,98.0,1025.0,0.0,15.0
2024-03-09 23:00:00,201.0,305.0,112.0,886.0,0.0,38.0
2024-03-10 00:00:00,202.0,307.0,117.0,746.0,10.0,52.0
2024-03-10 01:00:00,199.0,419.0,148.0,268.0,12.0,58.0
2024-03-10 02:00:00,200.0,731.0,225.0,19.0,232.0,56.0
2024-03-10 03:00:00,201.0,980.0,239.0,0.0,252.0,68.0
2024-03-10 04:00:00,200.0,985.0,245.0,0.0,251.0,85.0
2024-03-10 05:00:00,200.0,983.0,241.0,0.0,251.0,76.0
2024-03-10 06:00:00,200.0,983.0,248.0,0.0,250.0,66.0
2024-03-10 07:00:00,201.0,987.0,239.0,0.0,199.0,73.0
2024-03-10 08:00:00,201.0,858.0,233.0,0.0,17.0,77.0
2024-03-10 09:00:00,202.0,727.0,236.0,0.0,12.0,85.0
2024-03-10 10:00:00,201.0,726.0,233.0,0.0,12.0,76.0
2024-03-10 11:00:00,204.0,727.0,231.0,0.0,12.0,103.0
2024-03-10 12:00:00,222.0,726.0,235.0,0.0,12.0,128.0
2024-03-10 13:00:00,263.0,721.0,224.0,0.0,12.0,86.0
2024-03-10 14:00:00,236.0,725.0,229.0,0.0,12.0,101.0
2024-03-10 15:00:00,223.0,562.0,212.0,80.0,12.0,91.0
2024-03-10 16:00:00,223.0,314.0,130.0,438.0,12.0,54.0
2024-03-10 17:00:00,224.0,305.0,120.0,653.0,0.0,53.0
2024-03-10 18:00:00,234.0,305.0,120.0,748.0,0.0,128.0
2024-03-10 19:00:00,316.0,305.0,108.0,846.0,0.0,199.0
2024-03-10 20:00:00,356.0,312.0,98.0,820.0,0.0,166.0
2024-03-10 21:00:00,261.0,304.0,97.0,859.0,0.0,191.0
2024-03-10 22:00:00,330.0,317.0,98.0,716.0,0.0,199.0
2024-03-10 23:00:00,228.0,304.0,99.0,665.0,0.0,182.0
2024-03-11 00:00:00,203.0,306.0,126.0,638.0,0.0,170.0
2024-03-11 01:00:00,203.0,395.0,161.0,321.0,4.0,144.0
2024-03-11 02:00:00,201.0,683.0,213.0,36.0,224.0,145.0
2024-03-11 03:00:00,201.0,984.0,225.0,0.0,248.0,167.0
2024-03-11 04:00:00,202.0,984.0,224.0,0.0,226.0,162.0
2024-03-11 05:00:00,247.0,985.0,215.0,0.0,247.0,149.0
2024-03-11 06:00:00,204.0,982.0,231.0,1.0,246.0,143.0
2024-03-11 07:00:00,201.0,657.0,229.0,0.0,229.0,149.0
2024-03-11 08:00:00,201.0,468.0,214.0,0.0,195.0,115.0
2024-03-11 09:00:00,201.0,419.0,200.0,0.0,8.0,116.0
2024-03-11 10:00:00,198.0,335.0,149.0,0.0,5.0,96.0
2024-03-11 11:00:00,201.0,323.0,151.0,0.0,5.0,116.0
2024-03-11 12:00:00,201.0,424.0,162.0,0.0,6.0,119.0
2024-03-11 13:00:00,199.0,489.0,230.0,0.0,216.0,131.0
2024-03-11 14:00:00,197.0,683.0,248.0,0.0,235.0,104.0
2024-03-11 15:00:00,294.0,783.0,247.0,37.0,248.0,73.0
2024-03-11 16:00:00,336.0,679.0,180.0,232.0,209.0,68.0
2024-03-11 17:00:00,404.0,561.0,151.0,456.0,14.0,88.0
2024-03-11 18:00:00,447.0,459.0,120.0,845.0,0.0,138.0
2024-03-11 19:00:00,432.0,353.0,117.0,947.0,0.0,266.0
2024-03-11 20:00:00,337.0,353.0,114.0,950.0,0.0,255.0
2024-03-11 21:00:00,238.0,352.0,114.0,1000.0,0.0,233.0
2024-03-11 22:00:00,199.0,348.0,114.0,1009.0,0.0,278.0
2024-03-11 23:00:00,197.0,311.0,97.0,942.0,0.0,264.0
2024-03-12 00:00:00,196.0,307.0,119.0,797.0,0.0,282.0
2024-03-12 01:00:00,195.0,401.0,152.0,395.0,4.0,290.0
2024-03-12 02:00:00,196.0,750.0,225.0,59.0,8.0,256.0
2024-03-12 03:00:00,195.0,986.0,230.0,0.0,221.0,208.0
2024-03-12 04:00:00,195.0,988.0,228.0,0.0,248.0,216.0
2024-03-12 05:00:00,195.0,988.0,228.0,0.0,245.0,235.0
2024-03-12 06:00:00,196.0,982.0,236.0,8.0,211.0,215.0
2024-03-12 07:00:00,196.0,897.0,224.0,1.0,193.0,212.0
2024-03-12 08:00:00,195.0,722.0,168.0,0.0,17.0,192.0
2024-03-12 09:00:00,195.0,444.0,151.0,0.0,15.0,205.0
2024-03-12 10:00:00,195.0,383.0,150.0,0.0,15.0,195.0
2024-03-12 11:00:00,196.0,452.0,145.0,0.0,15.0,199.0
2024-03-12 12:00:00,240.0,458.0,153.0,0.0,15.0,180.0
2024-03-12 13:00:00,304.0,459.0,184.0,0.0,15.0,140.0
2024-03-12 14:00:00,394.0,475.0,241.0,0.0,17.0,85.0
2024-03-12 15:00:00,327.0,561.0,231.0,30.0,19.0,155.0
2024-03-12 16:00:00,293.0,632.0,186.0,93.0,18.0,123.0
2024-03-12 17:00:00,208.0,510.0,159.0,197.0,17.0,122.0
2024-03-12 18:00:00,196.0,455.0,122.0,635.0,17.0,157.0
2024-03-12 19:00:00,195.0,335.0,114.0,773.0,18.0,270.0
2024-03-12 20:00:00,195.0,337.0,105.0,785.0,0.0,330.0
2024-03-12 21:00:00,194.0,334.0,96.0,726.0,0.0,256.0
2024-03-12 22:00:00,194.0,332.0,95.0,864.0,0.0,250.0
2024-03-12 23:00:00,194.0,334.0,97.0,890.0,0.0,284.0
2024-03-13 00:00:00,195.0,334.0,140.0,761.0,0.0,254.0
2024-03-13 01:00:00,196.0,356.0,171.0,434.0,4.0,222.0
2024-03-13 02:00:00,195.0,686.0,216.0,49.0,17.0,214.0
2024-03-13 03:00:00,195.0,1016.0,237.0,0.0,247.0,173.0
2024-03-13 04:00:00,195.0,1035.0,226.0,0.0,209.0,185.0
2024-03-13 05:00:00,196.0,976.0,234.0,0.0,203.0,66.0
2024-03-13 06:00:00,197.0,873.0,232.0,0.0,203.0,56.0
2024-03-13 07:00:00,196.0,446.0,159.0,0.0,202.0,54.0
2024-03-13 08:00:00,196.0,479.0,178.0,0.0,20.0,48.0
2024-03-13 09:00:00,195.0,450.0,150.0,0.0,16.0,45.0
2024-03-13 10:00:00,203.0,427.0,154.0,0.0,16.0,42.0
2024-03-13 11:00:00,216.0,418.0,150.0,0.0,16.0,34.0
2024-03-13 12:00:00,242.0,461.0,180.0,0.0,16.0,28.0
2024-03-13 13:00:00,348.0,657.0,229.0,0.0,16.0,34.0
2024-03-13 14:00:00,401.0,725.0,247.0,0.0,16.0,41.0
2024-03-13 15:00:00,392.0,820.0,219.0,94.0,16.0,38.0
2024-03-13 16:00:00,343.0,670.0,166.0,525.0,16.0,52.0
2024-03-13 17:00:00,227.0,558.0,110.0,857.0,17.0,66.0
2024-03-13 18:00:00,197.0,413.0,110.0,890.0,0.0,54.0
2024-03-13 19:00:00,195.0,405.0,100.0,1032.0,0.0,129.0
2024-03-13 20:00:00,195.0,405.0,99.0,992.0,0.0,153.0
2024-03-13 21:00:00,195.0,404.0,98.0,960.0,0.0,127.0
2024-03-13 22:00:00,195.0,406.0,99.0,1001.0,0.0,134.0
2024-03-13 23:00:00,195.0,403.0,99.0,1004.0,0.0,127.0
2024-03-14 00:00:00,196.0,405.0,110.0,868.0,0.0,213.0
2024-03-14 01:00:00,195.0,532.0,155.0,485.0,14.0,209.0
2024-03-14 02:00:00,195.0,955.0,220.0,50.0,17.0,240.0
2024-03-14 03:00:00,195.0,986.0,240.0,0.0,220.0,283.0
2024-03-14 04:00:00,194.0,986.0,240.0,0.0,257.0,212.0
2024-03-14 05:00:00,194.0,987.0,234.0,0.0,257.0,135.0
2024-03-14 06:00:00,195.0,986.0,247.0,0.0,245.0,108.0
2024-03-14 07:00:00,195.0,861.0,243.0,0.0,253.0,137.0
2024-03-14 08:00:00,195.0,725.0,235.0,0.0,251.0,96.0
2024-03-14 09:00:00,195.0,726.0,222.0,0.0,16.0,144.0
2024-03-14 10:00:00,195.0,727.0,216.0,0.0,15.0,140.0
2024-03-14 11:00:00,195.0,726.0,214.0,0.0,15.0,148.0
2024-03-14 12:00:00,196.0,732.0,217.0,0.0,15.0,144.0
2024-03-14 13:00:00,196.0,760.0,220.0,0.0,15.0,154.0
2024-03-14 14:00:00,216.0,980.0,235.0,0.0,16.0,121.0
2024-03-14 15:00:00,275.0,1086.0,234.0,75.0,18.0,130.0
2024-03-14 16:00:00,207.0,862.0,181.0,393.0,20.0,126.0
2024-03-14 17:00:00,197.0,524.0,123.0,717.0,0.0,168.0
2024-03-14 18:00:00,197.0,413.0,122.0,787.0,0.0,179.0
2024-03-14 19:00:00,196.0,404.0,106.0,869.0,0.0,160.0
2024-03-14 20:00:00,196.0,403.0,115.0,901.0,0.0,180.0
2024-03-14 21:00:00,195.0,405.0,110.0,1052.0,0.0,193.0
2024-03-14 22:00:00,195.0,406.0,110.0,1038.0,0.0,196.0
2024-03-14 23:00:00,194.0,406.0,112.0,942.0,0.0,173.0
2024-03-15 00:00:00,194.0,408.0,143.0,771.0,0.0,153.0
2024-03-15 01:00:00,194.0,448.0,178.0,424.0,9.0,102.0
2024-03-15 02:00:00,194.0,887.0,242.0,69.0,228.0,85.0
2024-03-15 03:00:00,195.0,1081.0,242.0,0.0,254.0,78.0
2024-03-15 04:00:00,195.0,1082.0,247.0,0.0,252.0,38.0
2024-03-15 05:00:00,196.0,1076.0,244.0,0.0,252.0,22.0
2024-03-15 06:00:00,196.0,985.0,240.0,0.0,251.0,27.0
2024-03-15 07:00:00,196.0,984.0,237.0,0.0,228.0,53.0
2024-03-15 08:00:00,195.0,984.0,206.0,0.0,191.0,84.0
2024-03-15 09:00:00,195.0,778.0,195.0,0.0,190.0,82.0
2024-03-15 10:00:00,195.0,726.0,192.0,0.0,9.0,94.0
2024-03-15 11:00:00,195.0,727.0,188.0,0.0,5.0,117.0
2024-03-15 12:00:00,196.0,726.0,203.0,0.0,5.0,148.0
2024-03-15 13:00:00,199.0,726.0,218.0,0.0,5.0,167.0
2024-03-15 14:00:00,306.0,778.0,230.0,0.0,5.0,176.0
2024-03-15 15:00:00,336.0,987.0,260.0,13.0,5.0,163.0
2024-03-15 16:00:00,227.0,923.0,281.0,83.0,3.0,176.0
2024-03-15 17:00:00,196.0,707.0,235.0,101.0,0.0,171.0
2024-03-15 18:00:00,196.0,498.0,220.0,171.0,0.0,151.0
2024-03-15 19:00:00,195.0,483.0,213.0,346.0,0.0,94.0
2024-03-15 20:00:00,195.0,460.0,196.0,597.0,0.0,74.0
2024-03-15 21:00:00,195.0,443.0,153.0,473.0,0.0,103.0
2024-03-15 22:00:00,195.0,422.0,156.0,350.0,0.0,96.0
2024-03-15 23:00:00,196.0,506.0,205.0,178.0,0.0,71.0
2024-03-16 00:00:00,201.0,490.0,190.0,183.0,194.0,70.0
2024-03-16 01:00:00,314.0,787.0,196.0,70.0,226.0,42.0
2024-03-16 02:00:00,292.0,986.0,3.0,23.0,421.0,23.0
2024-03-16 03:00:00,271.0,987.0,0.0,0.0,372.0,19.0
2024-03-16 04:00:00,247.0,987.0,0.0,0.0,371.0,16.0
2024-03-16 05:00:00,253.0,988.0,0.0,0.0,406.0,6.0
2024-03-16 06:00:00,305.0,986.0,0.0,0.0,0.0,3.0
2024-03-16 07:00:00,356.0,987.0,0.0,0.0,0.0,31.0
2024-03-16 08:00:00,288.0,985.0,0.0,0.0,0.0,36.0
2024-03-16 09:00:00,230.0,988.0,0.0,0.0,0.0,55.0
2024-03-16 10:00:00,228.0,988.0,0.0,0.0,0.0,52.0
2024-03-16 11:00:00,207.0,988.0,0.0,0.0,0.0,19.0
2024-03-16 12:00:00,198.0,989.0,0.0,0.0,0.0,13.0
2024-03-16 13:00:00,197.0,987.0,0.0,0.0,0.0,7.0
2024-03-16 14:00:00,227.0,988.0,0.0,0.0,0.0,8.0
2024-03-16 15:00:00,251.0,987.0,0.0,34.0,0.0,16.0
2024-03-16 16:00:00,262.0,660.0,0.0,144.0,0.0,19.0
2024-03-16 17:00:00,202.0,333.0,0.0,364.0,0.0,16.0
2024-03-16 18:00:00,195.0,305.0,0.0,479.0,0.0,23.0
2024-03-16 19:00:00,195.0,306.0,0.0,685.0,0.0,22.0
2024-03-16 20:00:00,195.0,306.0,0.0,620.0,0.0,13.0
2024-03-16 21:00:00,195.0,307.0,0.0,716.0,0.0,0.0
2024-03-16 22:00:00,195.0,308.0,0.0,589.0,0.0,0.0
2024-03-16 23:00:00,196.0,370.0,0.0,649.0,0.0,8.0
2024-03-17 00:00:00,195.0,370.0,0.0,487.0,0.0,17.0
2024-03-17 01:00:00,197.0,544.0,0.0,230.0,0.0,26.0
2024-03-17 02:00:00,249.0,873.0,0.0,39.0,220.0,19.0
2024-03-17 03:00:00,393.0,986.0,0.0,0.0,232.0,25.0
2024-03-17 04:00:00,339.0,985.0,0.0,0.0,230.0,26.0
2024-03-17 05:00:00,295.0,986.0,0.0,0.0,229.0,17.0
2024-03-17 06:00:00,225.0,985.0,0.0,0.0,0.0,13.0
2024-03-17 07:00:00,245.0,986.0,0.0,0.0,0.0,9.0
2024-03-17 08:00:00,200.0,985.0,0.0,0.0,0.0,7.0
2024-03-17 09:00:00,195.0,986.0,0.0,0.0,0.0,0.0
2024-03-17 10:00:00,195.0,987.0,0.0,0.0,0.0,0.0
2024-03-17 11:00:00,195.0,986.0,0.0,0.0,0.0,0.0
2024-03-17 12:00:00,196.0,988.0,0.0,0.0,0.0,0.0
2024-03-17 13:00:00,196.0,988.0,0.0,0.0,0.0,2.0
2024-03-17 14:00:00,195.0,988.0,0.0,0.0,0.0,7.0
2024-03-17 15:00:00,195.0,849.0,0.0,94.0,0.0,8.0
2024-03-17 16:00:00,197.0,332.0,0.0,348.0,0.0,4.0
2024-03-17 17:00:00,196.0,307.0,0.0,589.0,0.0,0.0
2024-03-17 18:00:00,196.0,305.0,0.0,1014.0,0.0,1.0
2024-03-17 19:00:00,195.0,306.0,0.0,995.0,0.0,17.0
2024-03-17 20:00:00,194.0,305.0,0.0,1060.0,0.0,29.0
2024-03-17 21:00:00,193.0,305.0,0.0,1047.0,0.0,38.0
2024-03-17 22:00:00,195.0,306.0,0.0,1047.0,0.0,39.0
2024-03-17 23:00:00,195.0,306.0,0.0,938.0,0.0,37.0
2024-03-18 00:00:00,196.0,307.0,0.0,747.0,0.0,56.0
2024-03-18 01:00:00,199.0,346.0,0.0,391.0,9.0,57.0
2024-03-18 02:00:00,288.0,761.0,0.0,43.0,190.0,41.0
2024-03-18 03:00:00,383.0,983.0,0.0,0.0,187.0,18.0
2024-03-18 04:00:00,360.0,984.0,0.0,0.0,186.0,19.0
2024-03-18 05:00:00,337.0,984.0,0.0,0.0,186.0,37.0
2024-03-18 06:00:00,252.0,986.0,0.0,0.0,185.0,84.0
2024-03-18 07:00:00,230.0,988.0,0.0,0.0,185.0,72.0
2024-03-18 08:00:00,228.0,987.0,0.0,0.0,2.0,42.0
2024-03-18 09:00:00,209.0,986.0,0.0,0.0,0.0,26.0
2024-03-18 10:00:00,198.0,987.0,0.0,0.0,0.0,30.0
2024-03-18 11:00:00,198.0,988.0,0.0,0.0,0.0,41.0
2024-03-18 12:00:00,236.0,988.0,0.0,0.0,0.0,32.0
2024-03-18 13:00:00,300.0,988.0,0.0,0.0,0.0,20.0
2024-03-18 14:00:00,390.0,1018.0,0.0,0.0,0.0,9.0
2024-03-18 15:00:00,394.0,1057.0,0.0,147.0,0.0,15.0
2024-03-18 16:00:00,309.0,642.0,0.0,625.0,1.0,3.0
2024-03-18 17:00:00,210.0,446.0,0.0,958.0,0.0,0.0
2024-03-18 18:00:00,197.0,443.0,0.0,1079.0,0.0,9.0
2024-03-18 19:00:00,196.0,438.0,0.0,1084.0,0.0,16.0
2024-03-18 20:00:00,197.0,437.0,0.0,1026.0,0.0,31.0
2024-03-18 21:00:00,224.0,470.0,0.0,834.0,0.0,49.0
2024-03-18 22:00:00,245.0,456.0,0.0,839.0,0.0,37.0
2024-03-18 23:00:00,218.0,491.0,0.0,614.0,0.0,54.0
2024-03-19 00:00:00,198.0,511.0,0.0,465.0,0.0,50.0
2024-03-19 01:00:00,196.0,765.0,0.0,240.0,0.0,50.0
2024-03-19 02:00:00,198.0,1055.0,0.0,25.0,190.0,48.0
2024-03-19 03:00:00,323.0,1164.0,0.0,0.0,239.0,23.0
2024-03-19 04:00:00,294.0,1164.0,0.0,0.0,238.0,1.0
2024-03-19 05:00:00,209.0,1165.0,0.0,0.0,239.0,2.0
2024-03-19 06:00:00,197.0,1125.0,0.0,0.0,239.0,1.0
2024-03-19 07:00:00,197.0,973.0,0.0,0.0,224.0,3.0
2024-03-19 08:00:00,195.0,980.0,0.0,0.0,238.0,0.0
2024-03-19 09:00:00,194.0,990.0,0.0,0.0,223.0,4.0
2024-03-19 10:00:00,195.0,989.0,0.0,0.0,188.0,7.0
2024-03-19 11:00:00,195.0,986.0,0.0,0.0,188.0,5.0
2024-03-19 12:00:00,196.0,984.0,0.0,0.0,6.0,12.0
2024-03-19 13:00:00,198.0,987.0,0.0,0.0,2.0,18.0
2024-03-19 14:00:00,269.0,990.0,0.0,1.0,2.0,22.0
2024-03-19 15:00:00,372.0,774.0,0.0,154.0,4.0,19.0
2024-03-19 16:00:00,373.0,414.0,0.0,633.0,8.0,7.0
2024-03-19 17:00:00,335.0,501.0,0.0,967.0,0.0,1.0
2024-03-19 18:00:00,247.0,502.0,0.0,1071.0,0.0,0.0
2024-03-19 19:00:00,199.0,502.0,0.0,1082.0,0.0,1.0
2024-03-19 20:00:00,196.0,501.0,0.0,1074.0,0.0,1.0
2024-03-19 21:00:00,195.0,502.0,0.0,1077.0,0.0,0.0
2024-03-19 22:00:00,195.0,504.0,0.0,1080.0,0.0,3.0
2024-03-19 23:00:00,195.0,504.0,0.0,1003.0,0.0,9.0
2024-03-20 00:00:00,195.0,471.0,0.0,840.0,12.0,13.0
2024-03-20 01:00:00,199.0,578.0,0.0,519.0,11.0,24.0
2024-03-20 02:00:00,306.0,1009.0,0.0,77.0,12.0,31.0
2024-03-20 03:00:00,219.0,1182.0,0.0,0.0,242.0,33.0
2024-03-20 04:00:00,196.0,1113.0,0.0,0.0,205.0,33.0
2024-03-20 05:00:00,196.0,1149.0,0.0,0.0,210.0,28.0
2024-03-20 06:00:00,196.0,973.0,0.0,0.0,196.0,27.0
2024-03-20 07:00:00,196.0,761.0,0.0,0.0,197.0,27.0
2024-03-20 08:00:00,196.0,530.0,0.0,0.0,203.0,33.0
2024-03-20 09:00:00,195.0,598.0,0.0,0.0,11.0,47.0
2024-03-20 10:00:00,195.0,474.0,0.0,0.0,11.0,72.0
2024-03-20 11:00:00,195.0,395.0,0.0,0.0,11.0,54.0
2024-03-20 12:00:00,195.0,487.0,0.0,0.0,11.0,61.0
2024-03-20 13:00:00,195.0,663.0,0.0,0.0,11.0,72.0
2024-03-20 14:00:00,196.0,670.0,0.0,1.0,11.0,85.0
2024-03-20 15:00:00,236.0,604.0,0.0,151.0,15.0,70.0
2024-03-20 16:00:00,200.0,503.0,0.0,622.0,22.0,51.0
2024-03-20 17:00:00,197.0,504.0,0.0,953.0,26.0,35.0
2024-03-20 18:00:00,196.0,503.0,0.0,1060.0,26.0,52.0
2024-03-20 19:00:00,196.0,505.0,0.0,1080.0,26.0,38.0
2024-03-20 20:00:00,196.0,502.0,0.0,1075.0,26.0,29.0
2024-03-20 21:00:00,195.0,503.0,0.0,1075.0,26.0,37.0
2024-03-20 22:00:00,195.0,502.0,0.0,1026.0,27.0,45.0
2024-03-20 23:00:00,195.0,503.0,0.0,1018.0,27.0,57.0
2024-03-21 00:00:00,196.0,471.0,0.0,886.0,27.0,65.0
2024-03-21 01:00:00,195.0,448.0,0.0,530.0,27.0,70.0
2024-03-21 02:00:00,196.0,677.0,0.0,83.0,218.0,76.0
2024-03-21 03:00:00,195.0,798.0,0.0,0.0,484.0,91.0
2024-03-21 04:00:00,196.0,796.0,0.0,0.0,450.0,77.0
2024-03-21 05:00:00,196.0,794.0,0.0,0.0,448.0,52.0
2024-03-21 06:00:00,195.0,649.0,0.0,0.0,404.0,88.0
2024-03-21 07:00:00,196.0,465.0,0.0,0.0,243.0,93.0
2024-03-21 08:00:00,195.0,439.0,0.0,0.0,212.0,110.0
2024-03-21 09:00:00,194.0,427.0,0.0,0.0,211.0,125.0
2024-03-21 10:00:00,194.0,335.0,0.0,0.0,33.0,113.0
2024-03-21 11:00:00,194.0,315.0,0.0,0.0,26.0,125.0
2024-03-21 12:00:00,195.0,445.0,0.0,0.0,26.0,121.0
2024-03-21 13:00:00,194.0,480.0,0.0,0.0,26.0,123.0
2024-03-21 14:00:00,194.0,576.0,7.0,1.0,27.0,123.0
2024-03-21 15:00:00,195.0,610.0,16.0,166.0,36.0,124.0
2024-03-21 16:00:00,195.0,500.0,27.0,640.0,38.0,106.0
2024-03-21 17:00:00,195.0,498.0,37.0,960.0,0.0,171.0
2024-03-21 18:00:00,195.0,501.0,45.0,1088.0,0.0,198.0
2024-03-21 19:00:00,195.0,501.0,98.0,1102.0,0.0,116.0
2024-03-21 20:00:00,196.0,516.0,105.0,1094.0,0.0,53.0
2024-03-21 21:00:00,195.0,504.0,95.0,1093.0,0.0,81.0
2024-03-21 22:00:00,195.0,405.0,95.0,1090.0,0.0,175.0
2024-03-21 23:00:00,195.0,405.0,96.0,1011.0,0.0,102.0
2024-03-22 00:00:00,196.0,413.0,100.0,807.0,25.0,108.0
2024-03-22 01:00:00,196.0,434.0,113.0,492.0,54.0,51.0
2024-03-22 02:00:00,197.0,605.0,183.0,86.0,253.0,38.0
2024-03-22 03:00:00,258.0,824.0,203.0,0.0,470.0,66.0
2024-03-22 04:00:00,367.0,824.0,204.0,0.0,507.0,72.0
2024-03-22 05:00:00,246.0,726.0,204.0,0.0,490.0,76.0
2024-03-22 06:00:00,197.0,728.0,190.0,0.0,234.0,79.0
2024-03-22 07:00:00,196.0,603.0,188.0,0.0,36.0,80.0
2024-03-22 08:00:00,196.0,475.0,225.0,0.0,26.0,66.0
2024-03-22 09:00:00,199.0,475.0,220.0,0.0,26.0,57.0
2024-03-22 10:00:00,197.0,475.0,221.0,0.0,26.0,39.0
2024-03-22 11:00:00,196.0,467.0,221.0,0.0,26.0,43.0
2024-03-22 12:00:00,196.0,434.0,221.0,0.0,26.0,46.0
2024-03-22 13:00:00,198.0,457.0,225.0,0.0,28.0,43.0
2024-03-22 14:00:00,263.0,472.0,236.0,1.0,250.0,56.0
2024-03-22 15:00:00,354.0,424.0,221.0,108.0,247.0,55.0
2024-03-22 16:00:00,328.0,384.0,150.0,399.0,27.0,41.0
2024-03-22 17:00:00,221.0,344.0,120.0,613.0,26.0,41.0
2024-03-22 18:00:00,196.0,342.0,112.0,933.0,0.0,83.0
2024-03-22 19:00:00,196.0,315.0,112.0,1023.0,0.0,177.0
2024-03-22 20:00:00,196.0,354.0,113.0,993.0,0.0,139.0
2024-03-22 21:00:00,194.0,355.0,113.0,900.0,0.0,142.0
2024-03-22 22:00:00,194.0,367.0,112.0,939.0,0.0,187.0
2024-03-22 23:00:00,194.0,333.0,112.0,894.0,30.0,237.0
2024-03-23 00:00:00,200.0,313.0,140.0,800.0,35.0,230.0
2024-03-23 01:00:00,197.0,339.0,172.0,529.0,219.0,232.0
2024-03-23 02:00:00,197.0,583.0,233.0,75.0,239.0,213.0
2024-03-23 03:00:00,214.0,840.0,241.0,0.0,254.0,165.0
2024-03-23 04:00:00,215.0,962.0,239.0,0.0,249.0,159.0
2024-03-23 05:00:00,198.0,968.0,239.0,0.0,213.0,189.0
2024-03-23 06:00:00,196.0,918.0,242.0,0.0,215.0,185.0
2024-03-23 07:00:00,196.0,466.0,237.0,0.0,215.0,142.0
2024-03-23 08:00:00,195.0,402.0,193.0,0.0,215.0,134.0
2024-03-23 09:00:00,195.0,396.0,157.0,0.0,216.0,218.0
2024-03-23 10:00:00,196.0,447.0,155.0,0.0,28.0,177.0
2024-03-23 11:00:00,196.0,473.0,153.0,0.0,26.0,181.0
2024-03-23 12:00:00,196.0,475.0,153.0,0.0,26.0,174.0
2024-03-23 13:00:00,197.0,467.0,156.0,0.0,27.0,159.0
2024-03-23 14:00:00,244.0,471.0,207.0,0.0,26.0,183.0
2024-03-23 15:00:00,286.0,466.0,198.0,52.0,26.0,206.0
2024-03-23 16:00:00,215.0,460.0,183.0,282.0,26.0,223.0
2024-03-23 17:00:00,198.0,468.0,190.0,334.0,27.0,306.0
2024-03-23 18:00:00,201.0,356.0,116.0,947.0,30.0,316.0
2024-03-23 19:00:00,234.0,356.0,132.0,926.0,0.0,312.0
2024-03-23 20:00:00,199.0,354.0,127.0,945.0,0.0,318.0
2024-03-23 21:00:00,195.0,354.0,112.0,1004.0,0.0,322.0
2024-03-23 22:00:00,195.0,354.0,117.0,997.0,0.0,318.0
2024-03-23 23:00:00,194.0,355.0,112.0,1069.0,0.0,313.0
2024-03-24 00:00:00,195.0,373.0,133.0,835.0,0.0,321.0
2024-03-24 01:00:00,195.0,362.0,135.0,500.0,28.0,314.0
2024-03-24 02:00:00,195.0,400.0,142.0,89.0,385.0,271.0
2024-03-24 03:00:00,196.0,461.0,208.0,0.0,406.0,135.0
2024-03-24 04:00:00,217.0,465.0,191.0,0.0,409.0,121.0
2024-03-24 05:00:00,281.0,442.0,165.0,0.0,404.0,197.0
2024-03-24 06:00:00,208.0,374.0,162.0,3.0,224.0,96.0
2024-03-24 07:00:00,196.0,370.0,159.0,6.0,219.0,103.0
2024-03-24 08:00:00,195.0,338.0,160.0,0.0,219.0,98.0
2024-03-24 09:00:00,195.0,307.0,152.0,1.0,218.0,61.0
2024-03-24 10:00:00,195.0,304.0,148.0,0.0,219.0,68.0
2024-03-24 11:00:00,194.0,304.0,137.0,0.0,219.0,65.0
2024-03-24 12:00:00,195.0,304.0,155.0,0.0,215.0,52.0
2024-03-24 13:00:00,196.0,304.0,156.0,0.0,216.0,56.0
2024-03-24 14:00:00,196.0,303.0,143.0,4.0,215.0,55.0
2024-03-24 15:00:00,196.0,302.0,135.0,142.0,30.0,50.0
2024-03-24 16:00:00,196.0,302.0,127.0,264.0,27.0,31.0
2024-03-24 17:00:00,195.0,302.0,115.0,497.0,0.0,19.0
2024-03-24 18:00:00,199.0,302.0,113.0,691.0,0.0,25.0
2024-03-24 19:00:00,314.0,303.0,115.0,700.0,0.0,36.0
2024-03-24 20:00:00,226.0,304.0,108.0,608.0,0.0,52.0
2024-03-24 21:00:00,197.0,332.0,126.0,410.0,0.0,67.0
2024-03-24 22:00:00,196.0,306.0,124.0,327.0,0.0,46.0
2024-03-24 23:00:00,195.0,353.0,129.0,317.0,24.0,93.0
2024-03-25 00:00:00,196.0,320.0,147.0,694.0,26.0,56.0
2024-03-25 01:00:00,196.0,312.0,154.0,564.0,214.0,56.0
2024-03-25 02:00:00,195.0,388.0,170.0,103.0,465.0,121.0
2024-03-25 03:00:00,195.0,481.0,229.0,0.0,404.0,88.0
2024-03-25 04:00:00,196.0,446.0,236.0,0.0,403.0,95.0
2024-03-25 05:00:00,234.0,452.0,238.0,0.0,402.0,55.0
2024-03-25 06:00:00,200.0,376.0,184.0,0.0,211.0,43.0
2024-03-25 07:00:00,195.0,338.0,174.0,0.0,211.0,42.0
2024-03-25 08:00:00,175.0,363.0,158.0,0.0,31.0,35.0
2024-03-25 09:00:00,174.0,320.0,151.0,0.0,27.0,35.0
2024-03-25 10:00:00,174.0,304.0,149.0,0.0,27.0,35.0
2024-03-25 11:00:00,174.0,304.0,157.0,0.0,27.0,41.0
2024-03-25 12:00:00,174.0,316.0,163.0,0.0,27.0,36.0
2024-03-25 13:00:00,176.0,387.0,208.0,0.0,27.0,22.0
2024-03-25 14:00:00,175.0,470.0,239.0,2.0,211.0,38.0
2024-03-25 15:00:00,176.0,448.0,201.0,214.0,211.0,45.0
2024-03-25 16:00:00,176.0,382.0,147.0,720.0,28.0,31.0
2024-03-25 17:00:00,175.0,382.0,113.0,1020.0,23.0,28.0
2024-03-25 18:00:00,175.0,382.0,103.0,1108.0,0.0,33.0
2024-03-25 19:00:00,175.0,381.0,97.0,1122.0,0.0,48.0
2024-03-25 20:00:00,175.0,382.0,97.0,1102.0,0.0,62.0
2024-03-25 21:00:00,175.0,382.0,97.0,1038.0,0.0,69.0
2024-03-25 22:00:00,174.0,383.0,97.0,1009.0,0.0,66.0
2024-03-25 23:00:00,174.0,382.0,114.0,795.0,20.0,68.0
2024-03-26 00:00:00,175.0,383.0,131.0,794.0,23.0,74.0
2024-03-26 01:00:00,175.0,491.0,177.0,470.0,25.0,76.0
2024-03-26 02:00:00,175.0,597.0,240.0,87.0,239.0,84.0
2024-03-26 03:00:00,175.0,661.0,250.0,0.0,432.0,67.0
2024-03-26 04:00:00,186.0,983.0,248.0,0.0,394.0,69.0
2024-03-26 05:00:00,178.0,1006.0,247.0,0.0,392.0,69.0
2024-03-26 06:00:00,176.0,1014.0,249.0,0.0,208.0,74.0
2024-03-26 07:00:00,176.0,640.0,206.0,0.0,16.0,75.0
2024-03-26 08:00:00,175.0,396.0,172.0,0.0,15.0,69.0
2024-03-26 09:00:00,175.0,307.0,156.0,0.0,15.0,67.0
2024-03-26 10:00:00,175.0,306.0,157.0,0.0,15.0,51.0
2024-03-26 11:00:00,175.0,307.0,157.0,0.0,15.0,54.0
2024-03-26 12:00:00,178.0,362.0,161.0,0.0,14.0,49.0
2024-03-26 13:00:00,239.0,434.0,232.0,0.0,25.0,63.0
2024-03-26 14:00:00,183.0,553.0,245.0,2.0,207.0,68.0
2024-03-26 15:00:00,176.0,509.0,218.0,179.0,201.0,53.0
2024-03-26 16:00:00,178.0,427.0,144.0,668.0,16.0,52.0
2024-03-26 17:00:00,176.0,382.0,117.0,1000.0,0.0,46.0
2024-03-26 18:00:00,175.0,381.0,106.0,1114.0,0.0,55.0
2024-03-26 19:00:00,175.0,385.0,97.0,1099.0,0.0,57.0
2024-03-26 20:00:00,174.0,411.0,111.0,991.0,0.0,96.0
2024-03-26 21:00:00,174.0,506.0,111.0,1011.0,0.0,95.0
2024-03-26 22:00:00,174.0,532.0,109.0,1037.0,0.0,89.0
2024-03-26 23:00:00,175.0,530.0,109.0,980.0,0.0,131.0
2024-03-27 00:00:00,175.0,527.0,111.0,919.0,0.0,89.0
2024-03-27 01:00:00,175.0,533.0,152.0,565.0,14.0,85.0
2024-03-27 02:00:00,186.0,700.0,224.0,106.0,221.0,54.0
2024-03-27 03:00:00,343.0,791.0,252.0,0.0,252.0,67.0
2024-03-27 04:00:00,413.0,789.0,253.0,0.0,229.0,62.0
2024-03-27 05:00:00,409.0,780.0,253.0,0.0,241.0,74.0
2024-03-27 06:00:00,300.0,769.0,247.0,0.0,217.0,37.0
2024-03-27 07:00:00,188.0,702.0,232.0,0.0,230.0,48.0
2024-03-27 08:00:00,176.0,614.0,218.0,0.0,212.0,51.0
2024-03-27 09:00:00,175.0,608.0,154.0,0.0,211.0,37.0
2024-03-27 10:00:00,174.0,479.0,207.0,0.0,211.0,35.0
2024-03-27 11:00:00,174.0,480.0,216.0,0.0,210.0,43.0
2024-03-27 12:00:00,176.0,462.0,215.0,0.0,212.0,60.0
2024-03-27 13:00:00,204.0,428.0,208.0,0.0,239.0,44.0
2024-03-27 14:00:00,232.0,563.0,239.0,4.0,245.0,51.0
2024-03-27 15:00:00,374.0,591.0,200.0,203.0,29.0,48.0
2024-03-27 16:00:00,270.0,457.0,141.0,667.0,26.0,53.0
2024-03-27 17:00:00,179.0,382.0,113.0,973.0,27.0,64.0
2024-03-27 18:00:00,176.0,382.0,102.0,1083.0,0.0,71.0
2024-03-27 19:00:00,176.0,381.0,98.0,1091.0,0.0,42.0
2024-03-27 20:00:00,176.0,380.0,97.0,1087.0,0.0,46.0
2024-03-27 21:00:00,175.0,408.0,97.0,1082.0,0.0,82.0
2024-03-27 22:00:00,175.0,415.0,98.0,988.0,27.0,97.0
2024-03-27 23:00:00,175.0,506.0,104.0,937.0,27.0,120.0
2024-03-28 00:00:00,175.0,546.0,115.0,894.0,27.0,137.0
2024-03-28 01:00:00,175.0,602.0,174.0,530.0,46.0,204.0
2024-03-28 02:00:00,175.0,667.0,228.0,91.0,423.0,231.0
2024-03-28 03:00:00,175.0,707.0,238.0,0.0,588.0,259.0
2024-03-28 04:00:00,175.0,649.0,245.0,0.0,613.0,270.0
2024-03-28 05:00:00,175.0,679.0,245.0,0.0,625.0,264.0
2024-03-28 06:00:00,175.0,447.0,228.0,0.0,634.0,210.0
2024-03-28 07:00:00,175.0,408.0,207.0,0.0,405.0,172.0
2024-03-28 08:00:00,194.0,376.0,189.0,0.0,227.0,218.0
2024-03-28 09:00:00,244.0,374.0,153.0,0.0,29.0,254.0
2024-03-28 10:00:00,184.0,345.0,134.0,0.0,26.0,262.0
2024-03-28 11:00:00,176.0,335.0,134.0,0.0,26.0,234.0
2024-03-28 12:00:00,176.0,338.0,136.0,0.0,26.0,266.0
2024-03-28 13:00:00,176.0,430.0,188.0,0.0,32.0,233.0
2024-03-28 14:00:00,176.0,533.0,232.0,4.0,262.0,237.0
2024-03-28 15:00:00,175.0,506.0,193.0,233.0,236.0,274.0
2024-03-28 16:00:00,175.0,481.0,143.0,707.0,27.0,272.0
2024-03-28 17:00:00,176.0,479.0,104.0,955.0,0.0,263.0
2024-03-28 18:00:00,175.0,476.0,96.0,1052.0,0.0,321.0
2024-03-28 19:00:00,175.0,475.0,96.0,1130.0,0.0,326.0
2024-03-28 20:00:00,175.0,471.0,95.0,1121.0,0.0,322.0
2024-03-28 21:00:00,174.0,435.0,94.0,1120.0,0.0,323.0
2024-03-28 22:00:00,174.0,462.0,95.0,1031.0,0.0,323.0
2024-03-28 23:00:00,175.0,518.0,103.0,821.0,0.0,310.0
2024-03-29 00:00:00,175.0,575.0,138.0,529.0,0.0,256.0
2024-03-29 01:00:00,175.0,655.0,198.0,170.0,206.0,265.0
2024-03-29 02:00:00,177.0,665.0,232.0,49.0,230.0,217.0
2024-03-29 03:00:00,211.0,661.0,241.0,0.0,213.0,146.0
2024-03-29 04:00:00,216.0,664.0,236.0,0.0,212.0,118.0
2024-03-29 05:00:00,290.0,662.0,244.0,0.0,212.0,124.0
2024-03-29 06:00:00,200.0,633.0,247.0,0.0,221.0,109.0
2024-03-29 07:00:00,176.0,464.0,227.0,0.0,243.0,94.0
2024-03-29 08:00:00,175.0,467.0,183.0,0.0,26.0,54.0
2024-03-29 09:00:00,175.0,462.0,149.0,0.0,20.0,56.0
2024-03-29 10:00:00,175.0,470.0,201.0,0.0,20.0,83.0
2024-03-29 11:00:00,175.0,472.0,203.0,0.0,20.0,88.0
2024-03-29 12:00:00,175.0,470.0,148.0,0.0,20.0,134.0
2024-03-29 13:00:00,175.0,477.0,206.0,0.0,20.0,95.0
2024-03-29 14:00:00,175.0,523.0,238.0,5.0,20.0,86.0
2024-03-29 15:00:00,174.0,428.0,196.0,242.0,20.0,30.0
2024-03-29 16:00:00,175.0,356.0,133.0,659.0,20.0,21.0
2024-03-29 17:00:00,175.0,392.0,112.0,932.0,23.0,13.0
2024-03-29 18:00:00,176.0,398.0,110.0,1039.0,0.0,10.0
2024-03-29 19:00:00,176.0,402.0,110.0,1007.0,0.0,5.0
2024-03-29 20:00:00,175.0,417.0,108.0,1017.0,0.0,11.0
2024-03-29 21:00:00,175.0,408.0,110.0,818.0,0.0,5.0
2024-03-29 22:00:00,176.0,433.0,109.0,689.0,0.0,9.0
2024-03-29 23:00:00,198.0,466.0,111.0,697.0,0.0,13.0
2024-03-30 00:00:00,179.0,784.0,135.0,389.0,20.0,105.0
2024-03-30 01:00:00,176.0,809.0,173.0,233.0,21.0,112.0
2024-03-30 02:00:00,175.0,784.0,229.0,47.0,21.0,105.0
2024-03-30 03:00:00,175.0,719.0,246.0,1.0,193.0,32.0
2024-03-30 04:00:00,175.0,722.0,247.0,0.0,258.0,64.0
2024-03-30 05:00:00,175.0,722.0,248.0,0.0,258.0,117.0
2024-03-30 06:00:00,175.0,722.0,246.0,0.0,236.0,73.0
2024-03-30 07:00:00,176.0,663.0,243.0,0.0,229.0,66.0
2024-03-30 08:00:00,176.0,685.0,233.0,0.0,188.0,196.0
2024-03-30 09:00:00,175.0,736.0,216.0,0.0,224.0,253.0
2024-03-30 10:00:00,177.0,996.0,214.0,0.0,4.0,261.0
2024-03-30 11:00:00,177.0,986.0,213.0,0.0,2.0,260.0
2024-03-30 12:00:00,176.0,988.0,215.0,0.0,2.0,227.0
2024-03-30 13:00:00,175.0,987.0,222.0,0.0,2.0,191.0
2024-03-30 14:00:00,175.0,987.0,239.0,1.0,2.0,117.0
2024-03-30 15:00:00,175.0,847.0,224.0,34.0,2.0,137.0
2024-03-30 16:00:00,175.0,644.0,158.0,56.0,2.0,210.0
2024-03-30 17:00:00,175.0,731.0,203.0,63.0,5.0,239.0
2024-03-30 18:00:00,175.0,727.0,197.0,141.0,10.0,254.0
2024-03-30 19:00:00,175.0,626.0,164.0,274.0,14.0,268.0
2024-03-30 20:00:00,175.0,579.0,133.0,525.0,16.0,265.0
2024-03-30 21:00:00,175.0,570.0,124.0,499.0,16.0,266.0
2024-03-30 22:00:00,175.0,671.0,118.0,610.0,15.0,258.0
2024-03-30 23:00:00,175.0,785.0,200.0,511.0,13.0,236.0
2024-03-31 00:00:00,175.0,836.0,215.0,159.0,12.0,117.0
2024-03-31 01:00:00,193.0,840.0,217.0,271.0,235.0,124.0
2024-03-31 02:00:00,345.0,927.0,222.0,27.0,231.0,48.0
2024-03-31 03:00:00,391.0,985.0,227.0,0.0,258.0,55.0
2024-03-31 04:00:00,391.0,984.0,228.0,0.0,258.0,56.0
2024-03-31 05:00:00,381.0,984.0,231.0,0.0,257.0,20.0
2024-03-31 06:00:00,303.0,985.0,235.0,0.0,19.0,25.0
2024-03-31 07:00:00,189.0,983.0,231.0,0.0,15.0,55.0
2024-03-31 08:00:00,176.0,985.0,229.0,0.0,22.0,77.0
2024-03-31 09:00:00,175.0,977.0,218.0,0.0,22.0,176.0
2024-03-31 10:00:00,175.0,947.0,203.0,0.0,22.0,195.0
2024-03-31 11:00:00,175.0,794.0,204.0,0.0,20.0,196.0
2024-03-31 12:00:00,175.0,741.0,204.0,0.0,22.0,177.0
2024-03-31 13:00:00,174.0,734.0,217.0,0.0,22.0,201.0
2024-03-31 14:00:00,174.0,741.0,207.0,5.0,21.0,193.0
2024-03-31 15:00:00,174.0,595.0,179.0,228.0,22.0,232.0
2024-03-31 16:00:00,175.0,484.0,130.0,712.0,0.0,252.0
2024-03-31 17:00:00,175.0,484.0,117.0,868.0,0.0,271.0
2024-03-31 18:00:00,176.0,482.0,109.0,861.0,0.0,268.0
2024-03-31 19:00:00,176.0,490.0,109.0,677.0,0.0,271.0
2024-03-31 20:00:00,175.0,481.0,111.0,767.0,0.0,272.0
2024-03-31 21:00:00,176.0,482.0,110.0,746.0,0.0,270.0
2024-03-31 22:00:00,175.0,483.0,112.0,665.0,0.0,265.0
2024-03-31 23:00:00,175.0,479.0,134.0,472.0,19.0,276.0
2024-04-01 00:00:00,175.0,498.0,121.0,602.0,22.0,270.0
2024-04-01 01:00:00,175.0,542.0,144.0,263.0,23.0,276.0
2024-04-01 02:00:00,173.0,722.0,159.0,70.0,208.0,251.0
2024-04-01 03:00:00,173.0,907.0,207.0,0.0,209.0,213.0
2024-04-01 04:00:00,174.0,950.0,215.0,0.0,235.0,167.0
2024-04-01 05:00:00,174.0,949.0,228.0,0.0,207.0,145.0
2024-04-01 06:00:00,177.0,947.0,240.0,0.0,212.0,65.0
2024-04-01 07:00:00,115.0,951.0,238.0,0.0,228.0,22.0
2024-04-01 08:00:00,2.0,924.0,224.0,0.0,22.0,8.0
2024-04-01 09:00:00,0.0,962.0,216.0,0.0,20.0,0.0
2024-04-01 10:00:00,0.0,964.0,216.0,0.0,20.0,0.0
2024-04-01 11:00:00,0.0,963.0,215.0,0.0,20.0,0.0
2024-04-01 12:00:00,0.0,962.0,217.0,0.0,21.0,0.0
2024-04-01 13:00:00,0.0,947.0,226.0,0.0,21.0,2.0
2024-04-01 14:00:00,0.0,963.0,245.0,7.0,225.0,4.0
2024-04-01 15:00:00,0.0,923.0,237.0,229.0,237.0,7.0
2024-04-01 16:00:00,0.0,772.0,182.0,657.0,34.0,1.0
2024-04-01 17:00:00,0.0,703.0,122.0,943.0,0.0,6.0
2024-04-01 18:00:00,0.0,715.0,108.0,1058.0,0.0,16.0
2024-04-01 19:00:00,0.0,675.0,98.0,1047.0,0.0,17.0
2024-04-01 20:00:00,0.0,630.0,97.0,1046.0,0.0,10.0
2024-04-01 21:00:00,0.0,631.0,107.0,990.0,0.0,4.0
2024-04-01 22:00:00,0.0,630.0,111.0,989.0,0.0,0.0
2024-04-01 23:00:00,0.0,630.0,111.0,869.0,0.0,20.0
2024-04-02 00:00:00,0.0,633.0,118.0,753.0,0.0,27.0
2024-04-02 01:00:00,0.0,727.0,151.0,540.0,30.0,30.0
2024-04-02 02:00:00,0.0,944.0,204.0,87.0,227.0,38.0
2024-04-02 03:00:00,0.0,1196.0,249.0,1.0,394.0,44.0
2024-04-02 04:00:00,0.0,1130.0,248.0,0.0,394.0,38.0
2024-04-02 05:00:00,0.0,1100.0,241.0,0.0,395.0,28.0
2024-04-02 06:00:00,0.0,1062.0,229.0,0.0,212.0,24.0
2024-04-02 07:00:00,0.0,938.0,224.0,0.0,20.0,14.0
2024-04-02 08:00:00,0.0,954.0,217.0,0.0,17.0,13.0
2024-04-02 09:00:00,0.0,960.0,205.0,0.0,17.0,13.0
2024-04-02 10:00:00,0.0,960.0,203.0,0.0,17.0,3.0
2024-04-02 11:00:00,0.0,959.0,201.0,0.0,22.0,6.0
2024-04-02 12:00:00,0.0,950.0,201.0,0.0,23.0,5.0
2024-04-02 13:00:00,0.0,955.0,225.0,0.0,37.0,0.0
2024-04-02 14:00:00,0.0,963.0,242.0,8.0,259.0,0.0
2024-04-02 15:00:00,0.0,809.0,204.0,267.0,226.0,0.0
2024-04-02 16:00:00,0.0,633.0,129.0,733.0,21.0,0.0
2024-04-02 17:00:00,0.0,629.0,108.0,983.0,0.0,2.0
2024-04-02 18:00:00,0.0,627.0,98.0,1066.0,0.0,5.0
2024-04-02 19:00:00,0.0,629.0,98.0,1065.0,0.0,8.0
2024-04-02 20:00:00,0.0,678.0,103.0,1065.0,0.0,2.0
2024-04-02 21:00:00,0.0,714.0,105.0,1063.0,0.0,0.0
2024-04-02 22:00:00,0.0,771.0,108.0,1059.0,0.0,0.0
2024-04-02 23:00:00,0.0,751.0,109.0,1000.0,0.0,0.0
2024-04-03 00:00:00,0.0,773.0,123.0,862.0,19.0,0.0
2024-04-03 01:00:00,0.0,838.0,145.0,558.0,25.0,6.0
2024-04-03 02:00:00,0.0,1014.0,216.0,122.0,236.0,13.0
2024-04-03 03:00:00,0.0,1280.0,249.0,1.0,395.0,25.0
2024-04-03 04:00:00,0.0,1246.0,251.0,0.0,438.0,29.0
2024-04-03 05:00:00,0.0,1260.0,239.0,0.0,439.0,27.0
2024-04-03 06:00:00,0.0,1137.0,229.0,0.0,211.0,28.0
2024-04-03 07:00:00,0.0,939.0,219.0,0.0,22.0,21.0
2024-04-03 08:00:00,0.0,862.0,216.0,0.0,20.0,19.0
2024-04-03 09:00:00,0.0,707.0,210.0,0.0,20.0,21.0
2024-04-03 10:00:00,0.0,676.0,208.0,0.0,20.0,19.0
2024-04-03 11:00:00,0.0,675.0,204.0,0.0,20.0,15.0
2024-04-03 12:00:00,0.0,750.0,211.0,0.0,20.0,9.0
2024-04-03 13:00:00,0.0,831.0,222.0,0.0,26.0,4.0
2024-04-03 14:00:00,0.0,944.0,238.0,10.0,227.0,0.0
2024-04-03 15:00:00,0.0,796.0,182.0,290.0,20.0,0.0
2024-04-03 16:00:00,0.0,628.0,113.0,764.0,0.0,0.0
2024-04-03 17:00:00,0.0,629.0,105.0,1004.0,0.0,0.0
2024-04-03 18:00:00,0.0,626.0,108.0,1088.0,0.0,0.0
2024-04-03 19:00:00,0.0,625.0,102.0,1102.0,0.0,0.0
2024-04-03 20:00:00,0.0,626.0,119.0,1101.0,0.0,2.0
2024-04-03 21:00:00,0.0,632.0,127.0,1104.0,0.0,13.0
2024-04-03 22:00:00,0.0,698.0,137.0,1105.0,0.0,16.0
2024-04-03 23:00:00,0.0,672.0,138.0,1046.0,0.0,25.0
2024-04-04 00:00:00,0.0,629.0,144.0,915.0,0.0,28.0
2024-04-04 01:00:00,0.0,675.0,170.0,608.0,21.0,31.0
2024-04-04 02:00:00,0.0,954.0,246.0,134.0,236.0,29.0
2024-04-04 03:00:00,0.0,1203.0,256.0,1.0,496.0,19.0
2024-04-04 04:00:00,0.0,1201.0,252.0,0.0,470.0,13.0
2024-04-04 05:00:00,0.0,1200.0,248.0,0.0,254.0,9.0
2024-04-04 06:00:00,0.0,1203.0,243.0,0.0,246.0,2.0
2024-04-04 07:00:00,0.0,1204.0,238.0,0.0,245.0,0.0
2024-04-04 08:00:00,0.0,1200.0,230.0,0.0,15.0,0.0
2024-04-04 09:00:00,0.0,1053.0,212.0,0.0,10.0,0.0
2024-04-04 10:00:00,0.0,1013.0,207.0,0.0,10.0,0.0
2024-04-04 11:00:00,0.0,1027.0,212.0,0.0,10.0,2.0
2024-04-04 12:00:00,0.0,1129.0,216.0,0.0,11.0,7.0
2024-04-04 13:00:00,0.0,966.0,228.0,0.0,18.0,2.0
2024-04-04 14:00:00,0.0,1090.0,244.0,11.0,251.0,1.0
2024-04-04 15:00:00,0.0,891.0,194.0,334.0,224.0,0.0
2024-04-04 16:00:00,0.0,635.0,138.0,696.0,15.0,0.0
2024-04-04 17:00:00,0.0,683.0,110.0,886.0,0.0,19.0
2024-04-04 18:00:00,0.0,705.0,113.0,1081.0,0.0,20.0
2024-04-04 19:00:00,0.0,695.0,108.0,1112.0,0.0,19.0
2024-04-04 20:00:00,0.0,566.0,107.0,1121.0,0.0,8.0
2024-04-04 21:00:00,0.0,584.0,118.0,1081.0,0.0,22.0
2024-04-04 22:00:00,0.0,585.0,128.0,731.0,0.0,32.0
2024-04-04 23:00:00,0.0,559.0,143.0,880.0,0.0,37.0
2024-04-05 00:00:00,0.0,511.0,116.0,903.0,13.0,35.0
2024-04-05 01:00:00,0.0,702.0,135.0,307.0,17.0,61.0
2024-04-05 02:00:00,0.0,991.0,204.0,59.0,253.0,70.0
2024-04-05 03:00:00,0.0,1210.0,255.0,0.0,494.0,52.0
2024-04-05 04:00:00,0.0,1199.0,242.0,0.0,495.0,29.0
2024-04-05 05:00:00,0.0,1195.0,244.0,0.0,494.0,24.0
2024-04-05 06:00:00,0.0,1192.0,225.0,0.0,11.0,16.0
2024-04-05 07:00:00,0.0,1205.0,227.0,0.0,10.0,10.0
2024-04-05 08:00:00,0.0,1200.0,218.0,0.0,10.0,13.0
2024-04-05 09:00:00,0.0,1103.0,176.0,0.0,10.0,28.0
2024-04-05 10:00:00,0.0,1137.0,149.0,0.0,10.0,21.0
2024-04-05 11:00:00,0.0,1195.0,203.0,0.0,10.0,16.0
2024-04-05 12:00:00,0.0,1202.0,217.0,0.0,10.0,13.0
2024-04-05 13:00:00,0.0,1196.0,227.0,0.0,17.0,31.0
2024-04-05 14:00:00,0.0,1207.0,249.0,10.0,251.0,29.0
2024-04-05 15:00:00,0.0,979.0,189.0,251.0,230.0,47.0
2024-04-05 16:00:00,0.0,494.0,101.0,584.0,16.0,52.0
2024-04-05 17:00:00,0.0,485.0,96.0,773.0,0.0,53.0
2024-04-05 18:00:00,0.0,481.0,97.0,913.0,0.0,63.0
2024-04-05 19:00:00,0.0,481.0,105.0,1058.0,0.0,68.0
2024-04-05 20:00:00,0.0,481.0,107.0,957.0,0.0,72.0
2024-04-05 21:00:00,0.0,541.0,108.0,780.0,0.0,58.0
2024-04-05 22:00:00,0.0,484.0,114.0,804.0,0.0,56.0
2024-04-05 23:00:00,0.0,481.0,122.0,645.0,0.0,64.0
2024-04-06 00:00:00,0.0,483.0,135.0,537.0,22.0,55.0
2024-04-06 01:00:00,0.0,487.0,151.0,623.0,23.0,74.0
2024-04-06 02:00:00,0.0,633.0,174.0,140.0,252.0,73.0
2024-04-06 03:00:00,0.0,759.0,178.0,0.0,504.0,67.0
2024-04-06 04:00:00,0.0,669.0,167.0,1.0,506.0,57.0
2024-04-06 05:00:00,0.0,728.0,168.0,0.0,262.0,65.0
2024-04-06 06:00:00,0.0,764.0,199.0,0.0,21.0,59.0
2024-04-06 07:00:00,0.0,733.0,239.0,0.0,20.0,57.0
2024-04-06 08:00:00,0.0,735.0,236.0,0.0,20.0,46.0
2024-04-06 09:00:00,0.0,674.0,171.0,0.0,20.0,46.0
2024-04-06 10:00:00,0.0,669.0,161.0,0.0,20.0,43.0
2024-04-06 11:00:00,0.0,654.0,154.0,0.0,20.0,46.0
2024-04-06 12:00:00,0.0,717.0,176.0,0.0,20.0,40.0
2024-04-06 13:00:00,0.0,741.0,224.0,0.0,44.0,23.0
2024-04-06 14:00:00,0.0,742.0,230.0,15.0,499.0,18.0
2024-04-06 15:00:00,0.0,559.0,164.0,330.0,243.0,15.0
2024-04-06 16:00:00,0.0,484.0,116.0,814.0,30.0,20.0
2024-04-06 17:00:00,0.0,351.0,110.0,1047.0,0.0,14.0
2024-04-06 18:00:00,0.0,341.0,110.0,1123.0,0.0,8.0
2024-04-06 19:00:00,0.0,342.0,109.0,1124.0,0.0,5.0
2024-04-06 20:00:00,0.0,341.0,105.0,1124.0,0.0,7.0
2024-04-06 21:00:00,0.0,360.0,105.0,1124.0,0.0,13.0
2024-04-06 22:00:00,0.0,444.0,105.0,1123.0,0.0,20.0
2024-04-06 23:00:00,0.0,481.0,109.0,1059.0,0.0,25.0
2024-04-07 00:00:00,0.0,483.0,110.0,934.0,0.0,38.0
2024-04-07 01:00:00,0.0,539.0,120.0,631.0,4.0,32.0
2024-04-07 02:00:00,0.0,678.0,153.0,151.0,479.0,33.0
2024-04-07 03:00:00,0.0,961.0,219.0,1.0,505.0,28.0
2024-04-07 04:00:00,0.0,985.0,232.0,0.0,505.0,33.0
2024-04-07 05:00:00,0.0,984.0,230.0,0.0,505.0,27.0
2024-04-07 06:00:00,0.0,968.0,209.0,0.0,261.0,29.0
2024-04-07 07:00:00,0.0,980.0,216.0,0.0,259.0,28.0
2024-04-07 08:00:00,0.0,984.0,226.0,0.0,24.0,29.0
2024-04-07 09:00:00,0.0,984.0,225.0,0.0,19.0,24.0
2024-04-07 10:00:00,0.0,985.0,218.0,0.0,19.0,18.0
2024-04-07 11:00:00,0.0,987.0,199.0,0.0,19.0,29.0
2024-04-07 12:00:00,0.0,986.0,201.0,0.0,19.0,27.0
2024-04-07 13:00:00,0.0,985.0,201.0,0.0,19.0,25.0
2024-04-07 14:00:00,0.0,796.0,185.0,14.0,19.0,23.0
2024-04-07 15:00:00,0.0,485.0,127.0,192.0,19.0,24.0
2024-04-07 16:00:00,0.0,480.0,116.0,544.0,22.0,31.0
2024-04-07 17:00:00,0.0,488.0,109.0,822.0,0.0,34.0
2024-04-07 18:00:00,0.0,484.0,109.0,1056.0,0.0,23.0
2024-04-07 19:00:00,0.0,482.0,108.0,1064.0,0.0,15.0
2024-04-07 20:00:00,0.0,483.0,99.0,1090.0,0.0,24.0
2024-04-07 21:00:00,0.0,484.0,100.0,1095.0,0.0,31.0
2024-04-07 22:00:00,0.0,482.0,108.0,1095.0,0.0,32.0
2024-04-07 23:00:00,0.0,479.0,109.0,1046.0,0.0,37.0
2024-04-08 00:00:00,0.0,531.0,111.0,886.0,0.0,50.0
2024-04-08 01:00:00,0.0,713.0,137.0,615.0,10.0,41.0
2024-04-08 02:00:00,0.0,970.0,169.0,156.0,203.0,39.0
2024-04-08 03:00:00,0.0,1217.0,218.0,1.0,393.0,48.0
2024-04-08 04:00:00,0.0,1174.0,199.0,0.0,394.0,49.0
2024-04-08 05:00:00,0.0,1113.0,169.0,0.0,397.0,42.0
2024-04-08 06:00:00,0.0,1169.0,191.0,0.0,210.0,46.0
2024-04-08 07:00:00,0.0,1178.0,190.0,1.0,205.0,47.0
2024-04-08 08:00:00,0.0,1093.0,207.0,0.0,203.0,42.0
2024-04-08 09:00:00,0.0,1167.0,151.0,0.0,15.0,38.0
2024-04-08 10:00:00,0.0,1152.0,151.0,0.0,15.0,27.0
2024-04-08 11:00:00,0.0,1177.0,149.0,0.0,15.0,23.0
2024-04-08 12:00:00,0.0,1191.0,204.0,0.0,15.0,18.0
2024-04-08 13:00:00,0.0,1204.0,218.0,0.0,15.0,23.0
2024-04-08 14:00:00,0.0,1214.0,243.0,22.0,243.0,17.0
2024-04-08 15:00:00,0.0,1096.0,212.0,310.0,230.0,9.0
2024-04-08 16:00:00,0.0,791.0,148.0,809.0,23.0,7.0
2024-04-08 17:00:00,0.0,802.0,153.0,1033.0,24.0,4.0
2024-04-08 18:00:00,0.0,802.0,150.0,1000.0,32.0,3.0
2024-04-08 19:00:00,0.0,831.0,159.0,778.0,156.0,6.0
2024-04-08 20:00:00,0.0,801.0,125.0,1066.0,0.0,13.0
2024-04-08 21:00:00,0.0,640.0,120.0,1126.0,0.0,13.0
2024-04-08 22:00:00,0.0,489.0,116.0,1096.0,0.0,4.0
2024-04-08 23:00:00,0.0,482.0,112.0,1071.0,0.0,19.0
2024-04-09 00:00:00,0.0,495.0,126.0,931.0,0.0,28.0
2024-04-09 01:00:00,0.0,621.0,135.0,638.0,40.0,35.0
2024-04-09 02:00:00,0.0,950.0,200.0,157.0,251.0,37.0
2024-04-09 03:00:00,0.0,1196.0,239.0,1.0,418.0,33.0
2024-04-09 04:00:00,0.0,1197.0,236.0,0.0,414.0,20.0
2024-04-09 05:00:00,0.0,1185.0,229.0,0.0,393.0,13.0
2024-04-09 06:00:00,0.0,1172.0,220.0,3.0,204.0,8.0
2024-04-09 07:00:00,0.0,1162.0,221.0,0.0,17.0,11.0
2024-04-09 08:00:00,0.0,926.0,219.0,0.0,16.0,9.0
2024-04-09 09:00:00,0.0,887.0,209.0,0.0,17.0,3.0
2024-04-09 10:00:00,0.0,944.0,207.0,0.0,17.0,1.0
2024-04-09 11:00:00,0.0,940.0,203.0,0.0,17.0,0.0
2024-04-09 12:00:00,0.0,813.0,198.0,0.0,17.0,0.0
2024-04-09 13:00:00,0.0,863.0,209.0,0.0,17.0,0.0
2024-04-09 14:00:00,0.0,958.0,227.0,19.0,16.0,0.0
2024-04-09 15:00:00,0.0,725.0,174.0,337.0,19.0,0.0
2024-04-09 16:00:00,0.0,676.0,131.0,785.0,18.0,0.0
2024-04-09 17:00:00,0.0,681.0,112.0,996.0,0.0,0.0
2024-04-09 18:00:00,0.0,794.0,111.0,1068.0,0.0,0.0
2024-04-09 19:00:00,0.0,797.0,112.0,1073.0,0.0,0.0
2024-04-09 20:00:00,0.0,795.0,113.0,1078.0,0.0,0.0
2024-04-09 21:00:00,0.0,795.0,124.0,1082.0,0.0,0.0
2024-04-09 22:00:00,0.0,795.0,107.0,1089.0,0.0,0.0
2024-04-09 23:00:00,0.0,790.0,110.0,1036.0,23.0,0.0
2024-04-10 00:00:00,0.0,839.0,112.0,889.0,49.0,5.0
2024-04-10 01:00:00,0.0,822.0,140.0,590.0,47.0,13.0
2024-04-10 02:00:00,0.0,1182.0,218.0,156.0,262.0,21.0
2024-04-10 03:00:00,0.0,1358.0,250.0,1.0,505.0,31.0
2024-04-10 04:00:00,0.0,1352.0,249.0,5.0,526.0,27.0
2024-04-10 05:00:00,0.0,1266.0,237.0,2.0,503.0,25.0
2024-04-10 06:00:00,0.0,1127.0,228.0,0.0,264.0,22.0
2024-04-10 07:00:00,0.0,1193.0,231.0,0.0,257.0,17.0
2024-04-10 08:00:00,0.0,949.0,232.0,0.0,258.0,11.0
2024-04-10 09:00:00,0.0,953.0,222.0,0.0,19.0,8.0
2024-04-10 10:00:00,0.0,857.0,218.0,0.0,17.0,4.0
2024-04-10 11:00:00,0.0,730.0,218.0,0.0,17.0,1.0
2024-04-10 12:00:00,0.0,732.0,220.0,0.0,17.0,0.0
2024-04-10 13:00:00,0.0,733.0,224.0,0.0,249.0,0.0
2024-04-10 14:00:00,0.0,735.0,226.0,22.0,257.0,0.0
2024-04-10 15:00:00,0.0,601.0,161.0,354.0,204.0,0.0
2024-04-10 16:00:00,0.0,481.0,110.0,812.0,20.0,0.0
2024-04-10 17:00:00,0.0,482.0,95.0,1018.0,0.0,0.0
2024-04-10 18:00:00,0.0,483.0,95.0,1097.0,0.0,0.0
2024-04-10 19:00:00,0.0,485.0,95.0,1098.0,0.0,2.0
2024-04-10 20:00:00,0.0,483.0,113.0,1094.0,0.0,3.0
2024-04-10 21:00:00,0.0,480.0,116.0,1096.0,0.0,0.0
2024-04-10 22:00:00,0.0,506.0,116.0,1096.0,0.0,0.0
2024-04-10 23:00:00,0.0,601.0,114.0,1033.0,15.0,0.0
2024-04-11 00:00:00,0.0,634.0,124.0,894.0,21.0,0.0
2024-04-11 01:00:00,0.0,859.0,181.0,610.0,219.0,2.0
2024-04-11 02:00:00,0.0,1303.0,248.0,160.0,402.0,12.0
2024-04-11 03:00:00,0.0,1537.0,253.0,1.0,395.0,19.0
2024-04-11 04:00:00,0.0,1538.0,250.0,0.0,395.0,23.0
2024-04-11 05:00:00,0.0,1450.0,242.0,0.0,407.0,23.0
2024-04-11 06:00:00,2.0,1309.0,244.0,0.0,219.0,18.0
2024-04-11 07:00:00,1.0,1215.0,240.0,0.0,217.0,11.0
2024-04-11 08:00:00,0.0,1209.0,233.0,0.0,259.0,10.0
2024-04-11 09:00:00,0.0,1207.0,222.0,0.0,259.0,8.0
2024-04-11 10:00:00,0.0,1207.0,217.0,0.0,209.0,7.0
2024-04-11 11:00:00,0.0,1210.0,214.0,0.0,20.0,4.0
2024-04-11 12:00:00,6.0,1211.0,214.0,0.0,19.0,2.0
2024-04-11 13:00:00,10.0,1210.0,224.0,0.0,19.0,0.0
2024-04-11 14:00:00,10.0,1241.0,251.0,28.0,23.0,4.0
2024-04-11 15:00:00,13.0,1042.0,195.0,350.0,0.0,2.0
2024-04-11 16:00:00,,,114.0,,,
2024-04-11 17:00:00,,,99.0,,,
2024-04-11 18:00:00,,,104.0,,,
2024-04-11 19:00:00,,,121.0,,,
2024-04-11 20:00:00,,,131.0,,,
2024-04-11 21:00:00,,,137.0,,,
2024-04-11 22:00:00,,,124.0,,,
2024-04-11 23:00:00,,,138.0,,,
2024-04-12 00:00:00,,,137.0,,,
2024-04-12 01:00:00,,,175.0,,,
2024-04-12 02:00:00,,,244.0,,,
2024-04-12 03:00:00,,,250.0,,,
2024-04-12 04:00:00,,,250.0,,,
2024-04-12 05:00:00,,,239.0,,,
2024-04-12 06:00:00,,,247.0,,,
2024-04-12 07:00:00,,,247.0,,,
2024-04-12 08:00:00,,,227.0,,,
2024-04-12 09:00:00,,,216.0,,,
2024-04-12 10:00:00,,,208.0,,,
2024-04-12 11:00:00,,,206.0,,,
2024-04-12 12:00:00,,,209.0,,,
2024-04-12 13:00:00,,,219.0,,,
2024-04-12 14:00:00,,,224.0,,,
2024-04-12 15:00:00,,,194.0,,,
2024-04-12 16:00:00,,,123.0,,,
2024-04-12 17:00:00,,,106.0,,,
2024-04-12 18:00:00,,,99.0,,,
2024-04-12 19:00:00,,,104.0,,,
2024-04-12 20:00:00,,,104.0,,,
2024-04-12 21:00:00,,,107.0,,,
2024-04-12 22:00:00,,,102.0,,,
2024-04-12 23:00:00,,,98.0,,,
2024-04-13 00:00:00,,,95.0,,,
2024-04-13 01:00:00,,,148.0,,,
2024-04-13 02:00:00,,,227.0,,,
2024-04-13 03:00:00,,,238.0,,,
2024-04-13 04:00:00,,,236.0,,,
2024-04-13 05:00:00,,,230.0,,,
2024-04-13 06:00:00,,,226.0,,,
2024-04-13 07:00:00,,,226.0,,,
2024-04-13 08:00:00,,,225.0,,,
2024-04-13 09:00:00,,,213.0,,,
2024-04-13 10:00:00,,,211.0,,,
2024-04-13 11:00:00,,,210.0,,,
2024-04-13 12:00:00,,,203.0,,,
2024-04-13 13:00:00,,,200.0,,,
2024-04-13 14:00:00,,,204.0,,,
2024-04-13 15:00:00,,,123.0,,,
2024-04-13 16:00:00,,,112.0,,,
2024-04-13 17:00:00,,,98.0,,,
2024-04-13 18:00:00,,,96.0,,,
2024-04-13 19:00:00,,,95.0,,,
2024-04-13 20:00:00,,,96.0,,,
2024-04-13 21:00:00,,,105.0,,,
2024-04-13 22:00:00,,,99.0,,,
2024-04-13 23:00:00,,,96.0,,,
2024-04-14 00:00:00,,,99.0,,,
2024-04-14 01:00:00,,,121.0,,,
2024-04-14 02:00:00,,,204.0,,,
2024-04-14 03:00:00,,,209.0,,,
2024-04-14 04:00:00,,,217.0,,,
2024-04-14 05:00:00,,,215.0,,,
2024-04-14 06:00:00,,,204.0,,,
2024-04-14 07:00:00,,,204.0,,,
2024-04-14 08:00:00,357.0,591.0,222.0,0.0,19.0,107.0
2024-04-14 09:00:00,356.0,553.0,224.0,0.0,19.0,198.0
2024-04-14 10:00:00,354.0,552.0,217.0,0.0,19.0,215.0
2024-04-14 11:00:00,318.0,553.0,214.0,0.0,19.0,152.0
2024-04-14 12:00:00,303.0,546.0,215.0,0.0,19.0,108.0
2024-04-14 13:00:00,301.0,504.0,208.0,0.0,18.0,196.0
2024-04-14 14:00:00,298.0,530.0,191.0,35.0,18.0,206.0
2024-04-14 15:00:00,245.0,442.0,124.0,403.0,19.0,147.0
2024-04-14 16:00:00,202.0,336.0,112.0,856.0,19.0,136.0
2024-04-14 17:00:00,190.0,167.0,103.0,1039.0,19.0,255.0
2024-04-14 18:00:00,328.0,166.0,106.0,1047.0,19.0,230.0
2024-04-14 19:00:00,378.0,167.0,101.0,1058.0,19.0,248.0
2024-04-14 20:00:00,337.0,167.0,103.0,883.0,19.0,238.0
2024-04-14 21:00:00,405.0,176.0,97.0,889.0,19.0,221.0
2024-04-14 22:00:00,370.0,253.0,106.0,632.0,19.0,221.0
2024-04-14 23:00:00,252.0,319.0,105.0,792.0,19.0,228.0
2024-04-15 00:00:00,187.0,357.0,112.0,551.0,19.0,221.0
2024-04-15 01:00:00,183.0,780.0,143.0,610.0,18.0,187.0
2024-04-15 02:00:00,184.0,1030.0,217.0,187.0,18.0,119.0
2024-04-15 03:00:00,185.0,1200.0,235.0,2.0,256.0,63.0
2024-04-15 04:00:00,196.0,1197.0,240.0,0.0,261.0,93.0
2024-04-15 05:00:00,244.0,1203.0,241.0,0.0,258.0,148.0
2024-04-15 06:00:00,194.0,959.0,208.0,0.0,226.0,115.0
2024-04-15 07:00:00,281.0,653.0,168.0,0.0,23.0,187.0
2024-04-15 08:00:00,309.0,537.0,154.0,0.0,29.0,126.0
2024-04-15 09:00:00,296.0,534.0,154.0,0.0,28.0,101.0
2024-04-15 10:00:00,256.0,529.0,148.0,0.0,29.0,153.0
2024-04-15 11:00:00,252.0,535.0,149.0,0.0,28.0,213.0
2024-04-15 12:00:00,237.0,536.0,176.0,0.0,28.0,163.0
2024-04-15 13:00:00,222.0,531.0,219.0,0.0,28.0,92.0
2024-04-15 14:00:00,329.0,537.0,241.0,36.0,28.0,26.0
2024-04-15 15:00:00,274.0,371.0,149.0,412.0,28.0,25.0
2024-04-15 16:00:00,195.0,356.0,110.0,859.0,28.0,58.0
2024-04-15 17:00:00,176.0,173.0,97.0,1043.0,28.0,48.0
2024-04-15 18:00:00,177.0,166.0,98.0,1121.0,28.0,40.0
2024-04-15 19:00:00,176.0,166.0,97.0,1127.0,29.0,45.0
2024-04-15 20:00:00,174.0,165.0,95.0,1130.0,29.0,52.0
2024-04-15 21:00:00,174.0,165.0,95.0,1126.0,29.0,65.0
2024-04-15 22:00:00,174.0,166.0,103.0,1109.0,29.0,85.0
2024-04-15 23:00:00,174.0,181.0,102.0,953.0,32.0,80.0
2024-04-16 00:00:00,174.0,289.0,102.0,819.0,218.0,49.0
2024-04-16 01:00:00,174.0,316.0,130.0,577.0,241.0,44.0
2024-04-16 02:00:00,174.0,323.0,187.0,192.0,412.0,40.0
2024-04-16 03:00:00,174.0,473.0,230.0,2.0,592.0,42.0
2024-04-16 04:00:00,174.0,463.0,244.0,0.0,636.0,36.0
2024-04-16 05:00:00,174.0,421.0,239.0,0.0,590.0,24.0
2024-04-16 06:00:00,174.0,437.0,238.0,0.0,586.0,14.0
2024-04-16 07:00:00,174.0,442.0,235.0,0.0,398.0,6.0
2024-04-16 08:00:00,190.0,426.0,205.0,0.0,421.0,14.0
2024-04-16 09:00:00,185.0,393.0,151.0,0.0,218.0,19.0
2024-04-16 10:00:00,184.0,417.0,150.0,0.0,215.0,12.0
2024-04-16 11:00:00,183.0,433.0,166.0,0.0,227.0,9.0
2024-04-16 12:00:00,183.0,429.0,206.0,0.0,226.0,14.0
2024-04-16 13:00:00,188.0,406.0,204.0,0.0,219.0,12.0
2024-04-16 14:00:00,310.0,489.0,236.0,38.0,259.0,9.0
2024-04-16 15:00:00,250.0,389.0,172.0,416.0,220.0,5.0
2024-04-16 16:00:00,190.0,316.0,122.0,855.0,205.0,0.0
2024-04-16 17:00:00,185.0,316.0,110.0,1041.0,25.0,1.0
2024-04-16 18:00:00,184.0,316.0,106.0,1117.0,0.0,1.0
2024-04-16 19:00:00,184.0,316.0,105.0,1114.0,0.0,7.0
2024-04-16 20:00:00,184.0,315.0,106.0,1112.0,0.0,1.0
2024-04-16 21:00:00,187.0,376.0,110.0,1113.0,0.0,0.0
2024-04-16 22:00:00,277.0,375.0,114.0,1110.0,0.0,0.0
2024-04-16 23:00:00,203.0,315.0,123.0,1044.0,11.0,1.0
2024-04-17 00:00:00,185.0,316.0,128.0,913.0,123.0,17.0
2024-04-17 01:00:00,186.0,323.0,153.0,643.0,309.0,34.0
2024-04-17 02:00:00,229.0,356.0,193.0,189.0,332.0,52.0
2024-04-17 03:00:00,322.0,628.0,249.0,2.0,319.0,35.0
2024-04-17 04:00:00,360.0,707.0,248.0,4.0,319.0,28.0
2024-04-17 05:00:00,454.0,736.0,242.0,2.0,245.0,51.0
2024-04-17 06:00:00,357.0,609.0,225.0,0.0,214.0,209.0
2024-04-17 07:00:00,220.0,423.0,209.0,0.0,205.0,247.0
2024-04-17 08:00:00,186.0,413.0,178.0,0.0,222.0,257.0
2024-04-17 09:00:00,186.0,465.0,148.0,0.0,206.0,231.0
2024-04-17 10:00:00,186.0,487.0,133.0,0.0,206.0,244.0
2024-04-17 11:00:00,190.0,412.0,128.0,0.0,205.0,211.0
2024-04-17 12:00:00,311.0,439.0,175.0,0.0,22.0,140.0
2024-04-17 13:00:00,470.0,439.0,196.0,0.0,20.0,121.0
2024-04-17 14:00:00,573.0,447.0,210.0,39.0,20.0,113.0
2024-04-17 15:00:00,575.0,375.0,153.0,247.0,22.0,53.0
2024-04-17 16:00:00,576.0,316.0,113.0,759.0,0.0,57.0
2024-04-17 17:00:00,578.0,316.0,112.0,1001.0,0.0,31.0
2024-04-17 18:00:00,578.0,316.0,110.0,1080.0,0.0,10.0
2024-04-17 19:00:00,578.0,316.0,110.0,1073.0,0.0,16.0
2024-04-17 20:00:00,578.0,316.0,111.0,1082.0,0.0,31.0
2024-04-17 21:00:00,578.0,316.0,99.0,1077.0,0.0,40.0
2024-04-17 22:00:00,578.0,316.0,103.0,963.0,0.0,60.0
2024-04-17 23:00:00,578.0,316.0,111.0,906.0,0.0,84.0
2024-04-18 00:00:00,575.0,317.0,131.0,734.0,0.0,78.0
2024-04-18 01:00:00,510.0,317.0,135.0,548.0,121.0,94.0
2024-04-18 02:00:00,510.0,376.0,179.0,167.0,319.0,107.0
2024-04-18 03:00:00,518.0,514.0,231.0,3.0,318.0,156.0
2024-04-18 04:00:00,520.0,640.0,226.0,0.0,303.0,212.0
2024-04-18 05:00:00,501.0,832.0,238.0,0.0,210.0,231.0
2024-04-18 06:00:00,396.0,636.0,202.0,0.0,208.0,261.0
2024-04-18 07:00:00,293.0,629.0,162.0,0.0,203.0,220.0
2024-04-18 08:00:00,286.0,690.0,214.0,0.0,21.0,215.0
2024-04-18 09:00:00,205.0,440.0,160.0,0.0,19.0,186.0
2024-04-18 10:00:00,247.0,381.0,149.0,0.0,19.0,145.0
2024-04-18 11:00:00,234.0,429.0,143.0,0.0,19.0,144.0
2024-04-18 12:00:00,318.0,426.0,140.0,0.0,19.0,118.0
2024-04-18 13:00:00,441.0,430.0,180.0,0.0,20.0,108.0
2024-04-18 14:00:00,558.0,412.0,201.0,33.0,20.0,113.0
2024-04-18 15:00:00,578.0,367.0,151.0,250.0,24.0,119.0
2024-04-18 16:00:00,579.0,413.0,158.0,467.0,0.0,129.0
2024-04-18 17:00:00,578.0,371.0,156.0,734.0,0.0,99.0
2024-04-18 18:00:00,579.0,317.0,105.0,920.0,18.0,87.0
2024-04-18 19:00:00,578.0,315.0,110.0,873.0,24.0,89.0
2024-04-18 20:00:00,579.0,334.0,112.0,898.0,24.0,75.0
2024-04-18 21:00:00,578.0,349.0,108.0,786.0,24.0,76.0
2024-04-18 22:00:00,578.0,316.0,108.0,977.0,24.0,76.0
2024-04-18 23:00:00,565.0,316.0,110.0,920.0,24.0,83.0
2024-04-19 00:00:00,457.0,317.0,130.0,814.0,26.0,84.0
2024-04-19 01:00:00,288.0,400.0,151.0,428.0,222.0,68.0
2024-04-19 02:00:00,253.0,631.0,187.0,109.0,214.0,58.0
2024-04-19 03:00:00,238.0,651.0,241.0,2.0,399.0,54.0
2024-04-19 04:00:00,254.0,634.0,235.0,0.0,399.0,60.0
2024-04-19 05:00:00,199.0,606.0,221.0,0.0,395.0,66.0
2024-04-19 06:00:00,183.0,515.0,178.0,0.0,211.0,46.0
2024-04-19 07:00:00,187.0,494.0,161.0,0.0,204.0,31.0
2024-04-19 08:00:00,185.0,482.0,158.0,0.0,21.0,48.0
2024-04-19 09:00:00,185.0,483.0,142.0,0.0,19.0,44.0
2024-04-19 10:00:00,185.0,578.0,140.0,0.0,19.0,39.0
2024-04-19 11:00:00,184.0,591.0,142.0,0.0,19.0,45.0
2024-04-19 12:00:00,185.0,580.0,201.0,0.0,19.0,44.0
2024-04-19 13:00:00,192.0,593.0,209.0,0.0,19.0,50.0
2024-04-19 14:00:00,339.0,571.0,220.0,43.0,21.0,58.0
2024-04-19 15:00:00,260.0,477.0,163.0,382.0,21.0,65.0
2024-04-19 16:00:00,265.0,323.0,136.0,776.0,23.0,109.0
2024-04-19 17:00:00,318.0,316.0,135.0,1028.0,0.0,95.0
2024-04-19 18:00:00,350.0,317.0,135.0,1103.0,0.0,74.0
2024-04-19 19:00:00,367.0,317.0,122.0,1100.0,0.0,62.0
2024-04-19 20:00:00,345.0,316.0,111.0,1094.0,0.0,52.0
2024-04-19 21:00:00,269.0,317.0,111.0,1098.0,0.0,59.0
2024-04-19 22:00:00,192.0,319.0,116.0,1091.0,0.0,62.0
2024-04-19 23:00:00,184.0,372.0,123.0,914.0,0.0,62.0
2024-04-20 00:00:00,191.0,474.0,132.0,886.0,0.0,75.0
2024-04-20 01:00:00,185.0,447.0,164.0,651.0,18.0,93.0
2024-04-20 02:00:00,185.0,524.0,241.0,184.0,207.0,99.0
2024-04-20 03:00:00,253.0,615.0,250.0,3.0,212.0,91.0
2024-04-20 04:00:00,246.0,850.0,247.0,0.0,211.0,106.0
2024-04-20 05:00:00,255.0,857.0,242.0,0.0,210.0,64.0
2024-04-20 06:00:00,193.0,703.0,242.0,0.0,210.0,75.0
2024-04-20 07:00:00,184.0,637.0,231.0,0.0,211.0,88.0
2024-04-20 08:00:00,184.0,416.0,161.0,0.0,211.0,81.0
2024-04-20 09:00:00,185.0,414.0,115.0,0.0,29.0,51.0
2024-04-20 10:00:00,239.0,410.0,115.0,0.0,24.0,40.0
2024-04-20 11:00:00,241.0,377.0,114.0,0.0,23.0,35.0
2024-04-20 12:00:00,256.0,412.0,115.0,0.0,24.0,18.0
2024-04-20 13:00:00,193.0,432.0,136.0,0.0,24.0,13.0
2024-04-20 14:00:00,184.0,423.0,201.0,38.0,24.0,28.0
2024-04-20 15:00:00,183.0,307.0,147.0,352.0,24.0,31.0
2024-04-20 16:00:00,183.0,166.0,115.0,774.0,24.0,27.0
2024-04-20 17:00:00,187.0,164.0,113.0,966.0,24.0,18.0
2024-04-20 18:00:00,302.0,165.0,115.0,1074.0,24.0,13.0
2024-04-20 19:00:00,324.0,166.0,113.0,1092.0,24.0,7.0
2024-04-20 20:00:00,312.0,166.0,108.0,1089.0,24.0,4.0
2024-04-20 21:00:00,212.0,165.0,107.0,1092.0,24.0,15.0
2024-04-20 22:00:00,183.0,174.0,137.0,1075.0,24.0,27.0
2024-04-20 23:00:00,183.0,269.0,110.0,946.0,24.0,52.0
2024-04-21 00:00:00,183.0,330.0,111.0,810.0,123.0,74.0
2024-04-21 01:00:00,183.0,340.0,139.0,558.0,127.0,74.0
2024-04-21 02:00:00,185.0,404.0,191.0,163.0,127.0,88.0
2024-04-21 03:00:00,233.0,694.0,228.0,3.0,128.0,77.0
2024-04-21 04:00:00,272.0,925.0,237.0,0.0,120.0,49.0
2024-04-21 05:00:00,272.0,881.0,224.0,0.0,21.0,39.0
2024-04-21 06:00:00,197.0,830.0,229.0,0.0,20.0,37.0
2024-04-21 07:00:00,185.0,828.0,216.0,0.0,20.0,36.0
2024-04-21 08:00:00,174.0,698.0,208.0,0.0,21.0,40.0
2024-04-21 09:00:00,174.0,548.0,158.0,0.0,21.0,41.0
2024-04-21 10:00:00,175.0,522.0,145.0,0.0,21.0,37.0
2024-04-21 11:00:00,220.0,453.0,133.0,0.0,20.0,30.0
2024-04-21 12:00:00,237.0,476.0,138.0,0.0,21.0,26.0
2024-04-21 13:00:00,220.0,447.0,159.0,0.0,21.0,26.0
2024-04-21 14:00:00,245.0,485.0,172.0,41.0,20.0,15.0
2024-04-21 15:00:00,183.0,324.0,121.0,377.0,22.0,4.0
2024-04-21 16:00:00,175.0,318.0,112.0,796.0,0.0,0.0
2024-04-21 17:00:00,175.0,317.0,108.0,977.0,0.0,0.0
2024-04-21 18:00:00,175.0,317.0,109.0,1058.0,0.0,0.0
2024-04-21 19:00:00,174.0,317.0,112.0,1064.0,0.0,0.0
2024-04-21 20:00:00,174.0,316.0,108.0,1060.0,0.0,2.0
2024-04-21 21:00:00,173.0,315.0,109.0,1063.0,0.0,2.0
2024-04-21 22:00:00,174.0,316.0,109.0,1058.0,0.0,2.0
2024-04-21 23:00:00,174.0,316.0,109.0,978.0,0.0,0.0
2024-04-22 00:00:00,174.0,318.0,153.0,851.0,27.0,0.0
2024-04-22 01:00:00,180.0,382.0,156.0,602.0,220.0,9.0
2024-04-22 02:00:00,306.0,608.0,223.0,192.0,463.0,31.0
2024-04-22 03:00:00,447.0,938.0,235.0,4.0,500.0,91.0
2024-04-22 04:00:00,456.0,938.0,231.0,0.0,502.0,169.0
2024-04-22 05:00:00,368.0,853.0,225.0,0.0,498.0,205.0
2024-04-22 06:00:00,252.0,851.0,231.0,0.0,253.0,185.0
2024-04-22 07:00:00,196.0,705.0,216.0,0.0,208.0,154.0
2024-04-22 08:00:00,186.0,710.0,221.0,0.0,243.0,120.0
2024-04-22 09:00:00,185.0,713.0,212.0,0.0,234.0,75.0
2024-04-22 10:00:00,183.0,713.0,210.0,0.0,259.0,40.0
2024-04-22 11:00:00,183.0,707.0,212.0,0.0,225.0,20.0
2024-04-22 12:00:00,184.0,707.0,214.0,0.0,224.0,16.0
2024-04-22 13:00:00,183.0,693.0,213.0,0.0,222.0,4.0
2024-04-22 14:00:00,236.0,706.0,235.0,51.0,252.0,0.0
2024-04-22 15:00:00,189.0,444.0,173.0,415.0,217.0,0.0
2024-04-22 16:00:00,184.0,320.0,128.0,800.0,0.0,0.0
2024-04-22 17:00:00,184.0,317.0,116.0,969.0,0.0,1.0
2024-04-22 18:00:00,185.0,317.0,118.0,1067.0,0.0,3.0
2024-04-22 19:00:00,185.0,317.0,123.0,1088.0,0.0,9.0
2024-04-22 20:00:00,184.0,321.0,128.0,1101.0,0.0,11.0
2024-04-22 21:00:00,184.0,317.0,118.0,1100.0,0.0,15.0
2024-04-22 22:00:00,184.0,316.0,116.0,1092.0,0.0,19.0
2024-04-22 23:00:00,184.0,317.0,120.0,1025.0,0.0,26.0
2024-04-23 00:00:00,185.0,317.0,137.0,900.0,110.0,23.0
2024-04-23 01:00:00,205.0,350.0,177.0,650.0,132.0,26.0
2024-04-23 02:00:00,262.0,608.0,248.0,210.0,551.0,26.0
2024-04-23 03:00:00,353.0,711.0,253.0,4.0,612.0,99.0
2024-04-23 04:00:00,351.0,712.0,251.0,0.0,604.0,144.0
2024-04-23 05:00:00,391.0,712.0,244.0,0.0,499.0,167.0
2024-04-23 06:00:00,290.0,714.0,233.0,0.0,35.0,98.0
2024-04-23 07:00:00,195.0,706.0,226.0,0.0,24.0,25.0
2024-04-23 08:00:00,230.0,704.0,226.0,0.0,24.0,9.0
2024-04-23 09:00:00,257.0,668.0,212.0,0.0,24.0,15.0
2024-04-23 10:00:00,206.0,697.0,207.0,0.0,24.0,37.0
2024-04-23 11:00:00,187.0,697.0,206.0,0.0,24.0,70.0
2024-04-23 12:00:00,185.0,672.0,207.0,0.0,24.0,52.0
2024-04-23 13:00:00,185.0,708.0,213.0,0.0,24.0,63.0
2024-04-23 14:00:00,184.0,689.0,221.0,54.0,221.0,68.0
2024-04-23 15:00:00,184.0,429.0,159.0,426.0,213.0,60.0
2024-04-23 16:00:00,184.0,319.0,147.0,829.0,0.0,80.0
2024-04-23 17:00:00,184.0,319.0,129.0,997.0,0.0,167.0
2024-04-23 18:00:00,199.0,318.0,123.0,1085.0,0.0,197.0
2024-04-23 19:00:00,177.0,299.0,113.0,1101.0,0.0,202.0
2024-04-23 20:00:00,176.0,165.0,115.0,1106.0,0.0,147.0
2024-04-23 21:00:00,210.0,165.0,126.0,1105.0,0.0,178.0
2024-04-23 22:00:00,187.0,172.0,125.0,1100.0,27.0,169.0
2024-04-23 23:00:00,184.0,252.0,132.0,1027.0,20.0,175.0
2024-04-24 00:00:00,185.0,315.0,144.0,902.0,21.0,182.0
2024-04-24 01:00:00,225.0,326.0,159.0,659.0,22.0,197.0
2024-04-24 02:00:00,367.0,574.0,243.0,219.0,217.0,178.0
2024-04-24 03:00:00,322.0,715.0,250.0,5.0,382.0,150.0
2024-04-24 04:00:00,283.0,717.0,252.0,0.0,396.0,131.0
2024-04-24 05:00:00,400.0,717.0,241.0,0.0,209.0,141.0
2024-04-24 06:00:00,321.0,715.0,214.0,0.0,24.0,172.0
2024-04-24 07:00:00,209.0,708.0,212.0,0.0,20.0,166.0
2024-04-24 08:00:00,304.0,710.0,218.0,0.0,21.0,159.0
2024-04-24 09:00:00,236.0,532.0,166.0,0.0,20.0,136.0
2024-04-24 10:00:00,186.0,356.0,148.0,0.0,20.0,113.0
2024-04-24 11:00:00,183.0,355.0,140.0,0.0,20.0,124.0
2024-04-24 12:00:00,185.0,388.0,154.0,0.0,21.0,129.0
2024-04-24 13:00:00,268.0,417.0,207.0,0.0,20.0,95.0
2024-04-24 14:00:00,369.0,452.0,209.0,62.0,18.0,81.0
2024-04-24 15:00:00,277.0,363.0,152.0,450.0,20.0,69.0
2024-04-24 16:00:00,268.0,328.0,126.0,849.0,21.0,74.0
2024-04-24 17:00:00,268.0,178.0,114.0,1014.0,21.0,165.0
2024-04-24 18:00:00,267.0,166.0,111.0,1097.0,0.0,162.0
2024-04-24 19:00:00,207.0,167.0,110.0,1105.0,0.0,142.0
2024-04-24 20:00:00,189.0,166.0,113.0,1108.0,0.0,168.0
2024-04-24 21:00:00,184.0,166.0,114.0,1102.0,0.0,157.0
2024-04-24 22:00:00,183.0,168.0,114.0,1088.0,0.0,172.0
2024-04-24 23:00:00,182.0,247.0,111.0,1004.0,0.0,222.0
2024-04-25 00:00:00,182.0,321.0,117.0,896.0,0.0,242.0
2024-04-25 01:00:00,183.0,318.0,148.0,664.0,20.0,250.0
2024-04-25 02:00:00,185.0,456.0,237.0,166.0,215.0,257.0
2024-04-25 03:00:00,291.0,736.0,251.0,4.0,211.0,235.0
2024-04-25 04:00:00,334.0,714.0,249.0,0.0,209.0,136.0
2024-04-25 05:00:00,364.0,716.0,242.0,0.0,208.0,191.0
2024-04-25 06:00:00,244.0,703.0,230.0,0.0,208.0,195.0
2024-04-25 07:00:00,185.0,684.0,225.0,0.0,20.0,191.0
2024-04-25 08:00:00,184.0,469.0,162.0,0.0,19.0,125.0
2024-04-25 09:00:00,183.0,355.0,143.0,0.0,19.0,126.0
2024-04-25 10:00:00,183.0,368.0,142.0,0.0,19.0,140.0
2024-04-25 11:00:00,183.0,354.0,136.0,0.0,19.0,153.0
2024-04-25 12:00:00,184.0,396.0,151.0,0.0,19.0,123.0
2024-04-25 13:00:00,195.0,449.0,214.0,0.0,19.0,126.0
2024-04-25 14:00:00,182.0,452.0,223.0,44.0,19.0,119.0
2024-04-25 15:00:00,255.0,352.0,164.0,426.0,21.0,94.0
2024-04-25 16:00:00,267.0,316.0,128.0,794.0,0.0,130.0
2024-04-25 17:00:00,265.0,317.0,116.0,962.0,0.0,219.0
2024-04-25 18:00:00,251.0,317.0,117.0,1020.0,0.0,148.0
2024-04-25 19:00:00,186.0,317.0,121.0,1022.0,0.0,119.0
2024-04-25 20:00:00,175.0,317.0,126.0,1020.0,0.0,246.0
2024-04-25 21:00:00,174.0,318.0,130.0,1085.0,0.0,164.0
2024-04-25 22:00:00,174.0,316.0,127.0,1058.0,0.0,264.0
2024-04-25 23:00:00,174.0,327.0,131.0,1022.0,0.0,282.0
2024-04-26 00:00:00,174.0,357.0,131.0,904.0,0.0,144.0
2024-04-26 01:00:00,174.0,408.0,143.0,627.0,25.0,245.0
2024-04-26 02:00:00,174.0,672.0,210.0,213.0,260.0,164.0
2024-04-26 03:00:00,173.0,875.0,241.0,8.0,498.0,126.0
2024-04-26 04:00:00,173.0,882.0,245.0,0.0,506.0,97.0
2024-04-26 05:00:00,173.0,874.0,243.0,0.0,503.0,87.0
2024-04-26 06:00:00,173.0,865.0,232.0,0.0,25.0,63.0
2024-04-26 07:00:00,171.0,796.0,221.0,0.0,28.0,55.0
2024-04-26 08:00:00,173.0,405.0,170.0,0.0,28.0,47.0
2024-04-26 09:00:00,173.0,349.0,146.0,0.0,27.0,98.0
2024-04-26 10:00:00,173.0,341.0,141.0,0.0,27.0,42.0
2024-04-26 11:00:00,173.0,340.0,141.0,0.0,27.0,44.0
2024-04-26 12:00:00,173.0,353.0,141.0,0.0,27.0,87.0
2024-04-26 13:00:00,174.0,407.0,208.0,0.0,27.0,182.0
2024-04-26 14:00:00,176.0,440.0,215.0,47.0,27.0,253.0
2024-04-26 15:00:00,173.0,380.0,148.0,230.0,27.0,214.0
2024-04-26 16:00:00,176.0,323.0,113.0,478.0,25.0,280.0
2024-04-26 17:00:00,196.0,327.0,112.0,614.0,0.0,202.0
2024-04-26 18:00:00,181.0,344.0,117.0,572.0,0.0,259.0
2024-04-26 19:00:00,287.0,321.0,123.0,589.0,0.0,302.0
2024-04-26 20:00:00,242.0,317.0,143.0,715.0,0.0,306.0
2024-04-26 21:00:00,272.0,317.0,142.0,732.0,0.0,300.0
2024-04-26 22:00:00,194.0,316.0,137.0,685.0,26.0,224.0
2024-04-26 23:00:00,175.0,316.0,136.0,780.0,30.0,77.0
2024-04-27 00:00:00,175.0,317.0,141.0,754.0,71.0,134.0
2024-04-27 01:00:00,176.0,324.0,153.0,522.0,135.0,75.0
2024-04-27 02:00:00,172.0,360.0,182.0,171.0,317.0,61.0
2024-04-27 03:00:00,174.0,438.0,244.0,6.0,504.0,62.0
2024-04-27 04:00:00,183.0,437.0,239.0,0.0,500.0,40.0
2024-04-27 05:00:00,182.0,438.0,242.0,0.0,399.0,26.0
2024-04-27 06:00:00,182.0,441.0,202.0,0.0,210.0,34.0
2024-04-27 07:00:00,183.0,388.0,165.0,0.0,263.0,40.0
2024-04-27 08:00:00,184.0,414.0,188.0,0.0,211.0,40.0
2024-04-27 09:00:00,202.0,411.0,147.0,0.0,28.0,37.0
2024-04-27 10:00:00,186.0,356.0,138.0,0.0,25.0,33.0
2024-04-27 11:00:00,184.0,352.0,137.0,0.0,25.0,32.0
2024-04-27 12:00:00,183.0,340.0,139.0,0.0,25.0,28.0
2024-04-27 13:00:00,184.0,403.0,159.0,0.0,24.0,26.0
2024-04-27 14:00:00,248.0,392.0,180.0,64.0,24.0,23.0
2024-04-27 15:00:00,286.0,330.0,114.0,435.0,32.0,25.0
2024-04-27 16:00:00,203.0,318.0,102.0,800.0,34.0,27.0
2024-04-27 17:00:00,184.0,318.0,95.0,964.0,34.0,25.0
2024-04-27 18:00:00,183.0,318.0,95.0,1054.0,34.0,28.0
2024-04-27 19:00:00,182.0,318.0,95.0,1045.0,34.0,27.0
2024-04-27 20:00:00,181.0,316.0,94.0,1097.0,33.0,29.0
2024-04-27 21:00:00,181.0,316.0,95.0,1091.0,0.0,30.0
2024-04-27 22:00:00,182.0,316.0,94.0,1048.0,0.0,32.0
2024-04-27 23:00:00,182.0,316.0,94.0,949.0,0.0,36.0
2024-04-28 00:00:00,181.0,316.0,104.0,852.0,0.0,34.0
2024-04-28 01:00:00,181.0,317.0,124.0,678.0,136.0,38.0
2024-04-28 02:00:00,189.0,359.0,155.0,245.0,142.0,38.0
2024-04-28 03:00:00,184.0,415.0,187.0,6.0,332.0,38.0
2024-04-28 04:00:00,185.0,433.0,222.0,0.0,502.0,39.0
2024-04-28 05:00:00,184.0,439.0,169.0,0.0,401.0,41.0
2024-04-28 06:00:00,184.0,439.0,206.0,0.0,208.0,38.0
2024-04-28 07:00:00,183.0,453.0,217.0,0.0,32.0,32.0
2024-04-28 08:00:00,183.0,453.0,216.0,0.0,24.0,47.0
2024-04-28 09:00:00,191.0,456.0,211.0,0.0,24.0,35.0
2024-04-28 10:00:00,185.0,455.0,212.0,0.0,24.0,45.0
2024-04-28 11:00:00,184.0,406.0,212.0,0.0,24.0,41.0
2024-04-28 12:00:00,183.0,505.0,208.0,0.0,24.0,26.0
2024-04-28 13:00:00,184.0,716.0,209.0,0.0,24.0,22.0
2024-04-28 14:00:00,201.0,614.0,175.0,75.0,26.0,20.0
2024-04-28 15:00:00,186.0,495.0,110.0,485.0,0.0,19.0
2024-04-28 16:00:00,245.0,481.0,108.0,874.0,0.0,17.0
2024-04-28 17:00:00,208.0,319.0,95.0,1031.0,0.0,11.0
2024-04-28 18:00:00,185.0,317.0,94.0,1100.0,0.0,9.0
2024-04-28 19:00:00,180.0,317.0,95.0,1100.0,0.0,7.0
2024-04-28 20:00:00,180.0,334.0,95.0,1099.0,0.0,5.0
2024-04-28 21:00:00,181.0,317.0,95.0,1098.0,0.0,15.0
2024-04-28 22:00:00,181.0,316.0,95.0,1097.0,0.0,23.0
2024-04-28 23:00:00,180.0,316.0,105.0,1029.0,0.0,31.0
2024-04-29 00:00:00,180.0,317.0,111.0,909.0,126.0,32.0
2024-04-29 01:00:00,184.0,317.0,141.0,668.0,135.0,36.0
2024-04-29 02:00:00,221.0,358.0,164.0,234.0,576.0,37.0
2024-04-29 03:00:00,303.0,431.0,230.0,7.0,616.0,34.0
2024-04-29 04:00:00,338.0,434.0,239.0,0.0,616.0,31.0
2024-04-29 05:00:00,310.0,434.0,236.0,0.0,614.0,27.0
2024-04-29 06:00:00,211.0,451.0,230.0,0.0,613.0,27.0
2024-04-29 07:00:00,186.0,440.0,217.0,0.0,384.0,36.0
2024-04-29 08:00:00,200.0,237.0,221.0,0.0,322.0,32.0
2024-04-29 09:00:00,186.0,228.0,211.0,0.0,323.0,41.0
2024-04-29 10:00:00,183.0,228.0,207.0,0.0,321.0,57.0
2024-04-29 11:00:00,183.0,228.0,206.0,0.0,322.0,93.0
2024-04-29 12:00:00,185.0,224.0,206.0,0.0,313.0,110.0
2024-04-29 13:00:00,222.0,222.0,212.0,0.0,231.0,105.0
2024-04-29 14:00:00,286.0,223.0,217.0,81.0,230.0,112.0
2024-04-29 15:00:00,267.0,181.0,144.0,494.0,30.0,134.0
2024-04-29 16:00:00,266.0,166.0,119.0,883.0,0.0,160.0
2024-04-29 17:00:00,196.0,166.0,111.0,1039.0,0.0,215.0
2024-04-29 18:00:00,183.0,166.0,109.0,1112.0,0.0,222.0
2024-04-29 19:00:00,182.0,166.0,109.0,1117.0,0.0,237.0
2024-04-29 20:00:00,183.0,166.0,110.0,1116.0,0.0,261.0
2024-04-29 21:00:00,182.0,171.0,111.0,1116.0,0.0,271.0
2024-04-29 22:00:00,181.0,199.0,113.0,1112.0,0.0,294.0
2024-04-29 23:00:00,181.0,313.0,116.0,1046.0,0.0,311.0
2024-04-30 00:00:00,183.0,314.0,133.0,922.0,0.0,316.0
2024-04-30 01:00:00,184.0,319.0,161.0,683.0,135.0,320.0
2024-04-30 02:00:00,185.0,370.0,231.0,245.0,345.0,325.0
2024-04-30 03:00:00,263.0,637.0,244.0,8.0,605.0,317.0
2024-04-30 04:00:00,231.0,711.0,246.0,0.0,613.0,317.0
2024-04-30 05:00:00,188.0,709.0,241.0,0.0,552.0,287.0
2024-04-30 06:00:00,184.0,634.0,237.0,0.0,507.0,279.0
2024-04-30 07:00:00,189.0,696.0,219.0,0.0,316.0,174.0
2024-04-30 08:00:00,246.0,582.0,222.0,0.0,321.0,210.0
2024-04-30 09:00:00,313.0,443.0,213.0,0.0,137.0,177.0
2024-04-30 10:00:00,252.0,441.0,196.0,0.0,133.0,156.0
2024-04-30 11:00:00,246.0,442.0,183.0,0.0,130.0,137.0
2024-04-30 12:00:00,246.0,439.0,189.0,0.0,122.0,128.0
2024-04-30 13:00:00,191.0,438.0,214.0,0.0,24.0,129.0
2024-04-30 14:00:00,186.0,471.0,218.0,84.0,26.0,117.0
2024-04-30 15:00:00,185.0,355.0,149.0,490.0,27.0,118.0
2024-04-30 16:00:00,184.0,210.0,115.0,867.0,0.0,80.0
2024-04-30 17:00:00,183.0,212.0,110.0,1027.0,0.0,72.0
2024-04-30 18:00:00,183.0,211.0,111.0,1097.0,0.0,39.0
2024-04-30 19:00:00,183.0,224.0,124.0,1101.0,0.0,25.0
2024-04-30 20:00:00,183.0,212.0,131.0,1105.0,0.0,34.0
2024-04-30 21:00:00,183.0,212.0,124.0,1104.0,0.0,40.0
2024-04-30 22:00:00,186.0,219.0,134.0,1108.0,0.0,42.0
2024-04-30 23:00:00,185.0,283.0,139.0,1044.0,0.0,77.0
2024-05-01 00:00:00,183.0,363.0,131.0,927.0,0.0,155.0
2024-05-01 01:00:00,181.0,374.0,172.0,697.0,139.0,141.0
2024-05-01 02:00:00,182.0,500.0,241.0,256.0,562.0,142.0
2024-05-01 03:00:00,287.0,793.0,247.0,9.0,599.0,92.0
2024-05-01 04:00:00,301.0,794.0,250.0,0.0,604.0,104.0
2024-05-01 05:00:00,291.0,709.0,246.0,0.0,602.0,76.0
2024-05-01 06:00:00,225.0,709.0,236.0,0.0,359.0,76.0
2024-05-01 07:00:00,187.0,696.0,230.0,0.0,358.0,97.0
2024-05-01 08:00:00,186.0,709.0,229.0,0.0,360.0,85.0
2024-05-01 09:00:00,203.0,683.0,216.0,0.0,357.0,104.0
2024-05-01 10:00:00,231.0,695.0,216.0,0.0,121.0,83.0
2024-05-01 11:00:00,234.0,573.0,217.0,0.0,119.0,89.0
2024-05-01 12:00:00,235.0,448.0,219.0,0.0,101.0,112.0
2024-05-01 13:00:00,251.0,448.0,220.0,0.0,19.0,165.0
2024-05-01 14:00:00,250.0,466.0,209.0,85.0,245.0,218.0
2024-05-01 15:00:00,190.0,365.0,142.0,494.0,218.0,235.0
2024-05-01 16:00:00,184.0,365.0,112.0,883.0,11.0,209.0
2024-05-01 17:00:00,225.0,364.0,105.0,1049.0,0.0,179.0
2024-05-01 18:00:00,189.0,362.0,95.0,1112.0,0.0,145.0
2024-05-01 19:00:00,216.0,363.0,95.0,1108.0,0.0,109.0
2024-05-01 20:00:00,188.0,362.0,103.0,1111.0,0.0,94.0
2024-05-01 21:00:00,199.0,361.0,97.0,1116.0,0.0,73.0
2024-05-01 22:00:00,203.0,362.0,95.0,1116.0,0.0,34.0
2024-05-01 23:00:00,186.0,362.0,103.0,1064.0,0.0,55.0
2024-05-02 00:00:00,184.0,365.0,116.0,930.0,8.0,100.0
2024-05-02 01:00:00,183.0,363.0,158.0,675.0,21.0,102.0
2024-05-02 02:00:00,183.0,408.0,235.0,253.0,322.0,98.0
2024-05-02 03:00:00,182.0,641.0,244.0,11.0,568.0,114.0
2024-05-02 04:00:00,182.0,754.0,241.0,0.0,550.0,113.0
2024-05-02 05:00:00,182.0,711.0,243.0,0.0,518.0,190.0
2024-05-02 06:00:00,182.0,708.0,235.0,0.0,125.0,182.0
2024-05-02 07:00:00,183.0,704.0,234.0,0.0,113.0,112.0
2024-05-02 08:00:00,183.0,703.0,228.0,0.0,114.0,70.0
2024-05-02 09:00:00,182.0,698.0,219.0,0.0,114.0,60.0
2024-05-02 10:00:00,183.0,696.0,213.0,0.0,114.0,49.0
2024-05-02 11:00:00,184.0,697.0,209.0,0.0,114.0,44.0
2024-05-02 12:00:00,183.0,706.0,211.0,0.0,102.0,39.0
2024-05-02 13:00:00,184.0,714.0,214.0,0.0,8.0,37.0
2024-05-02 14:00:00,241.0,753.0,220.0,91.0,8.0,27.0
2024-05-02 15:00:00,246.0,466.0,161.0,496.0,8.0,25.0
2024-05-02 16:00:00,190.0,365.0,123.0,878.0,10.0,24.0
2024-05-02 17:00:00,184.0,365.0,118.0,1045.0,11.0,18.0
2024-05-02 18:00:00,183.0,362.0,123.0,1105.0,9.0,12.0
2024-05-02 19:00:00,183.0,363.0,126.0,1108.0,7.0,6.0
2024-05-02 20:00:00,183.0,363.0,127.0,1108.0,7.0,16.0
2024-05-02 21:00:00,182.0,363.0,126.0,1111.0,9.0,37.0
2024-05-02 22:00:00,183.0,364.0,139.0,1103.0,9.0,79.0
2024-05-02 23:00:00,197.0,368.0,150.0,1041.0,9.0,112.0
2024-05-03 00:00:00,198.0,363.0,150.0,912.0,104.0,154.0
2024-05-03 01:00:00,186.0,374.0,156.0,664.0,143.0,170.0
2024-05-03 02:00:00,221.0,481.0,225.0,251.0,332.0,151.0
2024-05-03 03:00:00,324.0,572.0,237.0,12.0,545.0,148.0
2024-05-03 04:00:00,498.0,678.0,238.0,0.0,370.0,207.0
2024-05-03 05:00:00,491.0,680.0,243.0,0.0,360.0,286.0
2024-05-03 06:00:00,395.0,448.0,225.0,1.0,358.0,256.0
2024-05-03 07:00:00,349.0,447.0,223.0,0.0,355.0,255.0
2024-05-03 08:00:00,388.0,440.0,229.0,0.0,114.0,226.0
2024-05-03 09:00:00,265.0,432.0,214.0,0.0,117.0,220.0
2024-05-03 10:00:00,190.0,420.0,204.0,0.0,118.0,92.0
2024-05-03 11:00:00,191.0,389.0,206.0,0.0,118.0,82.0
2024-05-03 12:00:00,194.0,422.0,208.0,0.0,110.0,161.0
2024-05-03 13:00:00,235.0,423.0,210.0,0.0,178.0,183.0
2024-05-03 14:00:00,408.0,413.0,208.0,92.0,200.0,142.0
2024-05-03 15:00:00,377.0,359.0,152.0,499.0,196.0,153.0
2024-05-03 16:00:00,243.0,319.0,118.0,877.0,12.0,188.0
2024-05-03 17:00:00,186.0,320.0,118.0,1033.0,13.0,168.0
2024-05-03 18:00:00,244.0,390.0,115.0,1106.0,13.0,142.0
2024-05-03 19:00:00,190.0,394.0,120.0,1106.0,14.0,144.0
2024-05-03 20:00:00,183.0,416.0,114.0,1099.0,15.0,117.0
2024-05-03 21:00:00,182.0,409.0,121.0,1101.0,10.0,129.0
2024-05-03 22:00:00,182.0,400.0,114.0,1090.0,15.0,113.0
2024-05-03 23:00:00,183.0,319.0,113.0,1024.0,19.0,99.0
2024-05-04 00:00:00,183.0,315.0,121.0,895.0,114.0,106.0
2024-05-04 01:00:00,183.0,353.0,160.0,656.0,122.0,118.0
2024-05-04 02:00:00,182.0,536.0,229.0,251.0,327.0,156.0
2024-05-04 03:00:00,181.0,943.0,247.0,11.0,344.0,144.0
2024-05-04 04:00:00,182.0,1098.0,247.0,0.0,343.0,104.0
2024-05-04 05:00:00,182.0,960.0,245.0,0.0,313.0,91.0
2024-05-04 06:00:00,181.0,875.0,235.0,0.0,122.0,74.0
2024-05-04 07:00:00,183.0,718.0,234.0,0.0,124.0,51.0
2024-05-04 08:00:00,183.0,605.0,227.0,0.0,124.0,50.0
2024-05-04 09:00:00,182.0,437.0,216.0,0.0,124.0,36.0
2024-05-04 10:00:00,183.0,407.0,212.0,0.0,126.0,24.0
2024-05-04 11:00:00,184.0,382.0,165.0,0.0,126.0,29.0
2024-05-04 12:00:00,185.0,372.0,206.0,0.0,113.0,33.0
2024-05-04 13:00:00,190.0,400.0,212.0,0.0,19.0,28.0
2024-05-04 14:00:00,324.0,388.0,206.0,100.0,19.0,11.0
2024-05-04 15:00:00,235.0,322.0,146.0,485.0,19.0,8.0
2024-05-04 16:00:00,300.0,169.0,113.0,860.0,18.0,12.0
2024-05-04 17:00:00,266.0,167.0,111.0,1005.0,18.0,15.0
2024-05-04 18:00:00,193.0,166.0,112.0,1031.0,18.0,43.0
2024-05-04 19:00:00,183.0,165.0,112.0,1055.0,18.0,179.0
2024-05-04 20:00:00,183.0,186.0,103.0,954.0,18.0,276.0
2024-05-04 21:00:00,182.0,166.0,97.0,754.0,18.0,284.0
2024-05-04 22:00:00,182.0,172.0,96.0,677.0,18.0,287.0
2024-05-04 23:00:00,183.0,279.0,123.0,583.0,18.0,282.0
2024-05-05 00:00:00,211.0,331.0,158.0,387.0,120.0,296.0
2024-05-05 01:00:00,187.0,338.0,170.0,138.0,126.0,294.0
2024-05-05 02:00:00,184.0,316.0,222.0,130.0,172.0,287.0
2024-05-05 03:00:00,183.0,466.0,231.0,7.0,331.0,257.0
2024-05-05 04:00:00,183.0,478.0,233.0,0.0,315.0,247.0
2024-05-05 05:00:00,183.0,451.0,227.0,0.0,340.0,290.0
2024-05-05 06:00:00,186.0,453.0,230.0,0.0,196.0,245.0
2024-05-05 07:00:00,280.0,530.0,228.0,0.0,124.0,158.0
2024-05-05 08:00:00,230.0,454.0,206.0,0.0,124.0,240.0
2024-05-05 09:00:00,217.0,376.0,161.0,0.0,124.0,276.0
2024-05-05 10:00:00,225.0,369.0,152.0,0.0,125.0,197.0
2024-05-05 11:00:00,192.0,375.0,151.0,0.0,124.0,229.0
2024-05-05 12:00:00,192.0,395.0,152.0,0.0,112.0,267.0
2024-05-05 13:00:00,204.0,472.0,201.0,0.0,17.0,267.0
2024-05-05 14:00:00,199.0,243.0,185.0,100.0,17.0,260.0
2024-05-05 15:00:00,177.0,212.0,130.0,454.0,17.0,253.0
2024-05-05 16:00:00,174.0,212.0,103.0,811.0,17.0,256.0
2024-05-05 17:00:00,174.0,212.0,100.0,928.0,17.0,250.0
2024-05-05 18:00:00,175.0,209.0,102.0,984.0,17.0,235.0
2024-05-05 19:00:00,174.0,231.0,103.0,1090.0,17.0,248.0
2024-05-05 20:00:00,173.0,240.0,96.0,1058.0,17.0,243.0
2024-05-05 21:00:00,173.0,242.0,96.0,1015.0,17.0,131.0
2024-05-05 22:00:00,173.0,271.0,107.0,962.0,17.0,98.0
2024-05-05 23:00:00,173.0,346.0,101.0,911.0,18.0,59.0
2024-05-06 00:00:00,173.0,369.0,98.0,864.0,121.0,50.0
2024-05-06 01:00:00,175.0,394.0,112.0,694.0,125.0,54.0
2024-05-06 02:00:00,175.0,427.0,138.0,264.0,125.0,44.0
2024-05-06 03:00:00,175.0,475.0,235.0,13.0,326.0,44.0
2024-05-06 04:00:00,180.0,275.0,244.0,0.0,339.0,40.0
2024-05-06 05:00:00,297.0,225.0,236.0,0.0,313.0,34.0
2024-05-06 06:00:00,239.0,218.0,216.0,0.0,122.0,28.0
2024-05-06 07:00:00,254.0,208.0,164.0,0.0,125.0,27.0
2024-05-06 08:00:00,237.0,217.0,157.0,0.0,125.0,44.0
2024-05-06 09:00:00,237.0,211.0,149.0,0.0,125.0,71.0
2024-05-06 10:00:00,265.0,211.0,145.0,0.0,125.0,76.0
2024-05-06 11:00:00,265.0,210.0,143.0,0.0,125.0,86.0
2024-05-06 12:00:00,255.0,211.0,153.0,0.0,118.0,72.0
2024-05-06 13:00:00,223.0,241.0,212.0,0.0,22.0,84.0
2024-05-06 14:00:00,255.0,285.0,208.0,108.0,207.0,63.0
2024-05-06 15:00:00,191.0,256.0,143.0,528.0,205.0,23.0
2024-05-06 16:00:00,210.0,256.0,127.0,892.0,17.0,11.0
2024-05-06 17:00:00,178.0,256.0,127.0,1046.0,19.0,3.0
2024-05-06 18:00:00,175.0,256.0,117.0,1107.0,20.0,1.0
2024-05-06 19:00:00,175.0,256.0,117.0,1110.0,21.0,2.0
2024-05-06 20:00:00,175.0,256.0,112.0,1110.0,21.0,18.0
2024-05-06 21:00:00,174.0,256.0,112.0,1123.0,21.0,31.0
2024-05-06 22:00:00,174.0,256.0,112.0,1119.0,21.0,36.0
2024-05-06 23:00:00,173.0,256.0,116.0,1048.0,22.0,53.0
2024-05-07 00:00:00,174.0,255.0,137.0,919.0,121.0,54.0
2024-05-07 01:00:00,174.0,272.0,155.0,683.0,128.0,69.0
2024-05-07 02:00:00,174.0,415.0,186.0,286.0,140.0,76.0
2024-05-07 03:00:00,175.0,600.0,247.0,21.0,341.0,50.0
2024-05-07 04:00:00,204.0,698.0,241.0,0.0,320.0,48.0
2024-05-07 05:00:00,178.0,592.0,235.0,0.0,318.0,99.0
2024-05-07 06:00:00,176.0,394.0,225.0,0.0,127.0,202.0
2024-05-07 07:00:00,176.0,269.0,215.0,0.0,129.0,221.0
2024-05-07 08:00:00,198.0,278.0,161.0,0.0,128.0,186.0
2024-05-07 09:00:00,177.0,270.0,146.0,0.0,127.0,187.0
2024-05-07 10:00:00,175.0,239.0,145.0,0.0,124.0,200.0
2024-05-07 11:00:00,176.0,212.0,134.0,0.0,126.0,229.0
2024-05-07 12:00:00,176.0,215.0,136.0,0.0,127.0,219.0
2024-05-07 13:00:00,175.0,230.0,148.0,0.0,125.0,166.0
2024-05-07 14:00:00,176.0,398.0,149.0,109.0,125.0,62.0
2024-05-07 15:00:00,210.0,555.0,115.0,510.0,127.0,78.0
2024-05-07 16:00:00,178.0,513.0,97.0,887.0,127.0,89.0
2024-05-07 17:00:00,175.0,512.0,95.0,1041.0,127.0,89.0
2024-05-07 18:00:00,175.0,385.0,97.0,1112.0,127.0,74.0
2024-05-07 19:00:00,174.0,354.0,96.0,1114.0,127.0,87.0
2024-05-07 20:00:00,174.0,400.0,95.0,1116.0,127.0,105.0
2024-05-07 21:00:00,173.0,468.0,95.0,1117.0,127.0,95.0
2024-05-07 22:00:00,175.0,500.0,95.0,1114.0,128.0,194.0
2024-05-07 23:00:00,210.0,685.0,95.0,1044.0,129.0,202.0
2024-05-08 00:00:00,180.0,774.0,97.0,923.0,131.0,129.0
2024-05-08 01:00:00,232.0,869.0,142.0,693.0,131.0,234.0
2024-05-08 02:00:00,194.0,888.0,174.0,280.0,354.0,288.0
2024-05-08 03:00:00,312.0,961.0,241.0,15.0,376.0,297.0
2024-05-08 04:00:00,424.0,981.0,242.0,0.0,375.0,295.0
2024-05-08 05:00:00,398.0,822.0,234.0,0.0,371.0,260.0
2024-05-08 06:00:00,260.0,734.0,189.0,0.0,371.0,184.0
2024-05-08 07:00:00,176.0,636.0,152.0,0.0,128.0,117.0
2024-05-08 08:00:00,175.0,711.0,213.0,0.0,130.0,105.0
2024-05-08 09:00:00,175.0,419.0,173.0,0.0,129.0,133.0
2024-05-08 10:00:00,174.0,210.0,149.0,0.0,121.0,99.0
2024-05-08 11:00:00,175.0,209.0,147.0,0.0,23.0,99.0
2024-05-08 12:00:00,174.0,240.0,167.0,0.0,240.0,73.0
2024-05-08 13:00:00,176.0,276.0,223.0,0.0,268.0,49.0
2024-05-08 14:00:00,220.0,313.0,208.0,106.0,266.0,21.0
2024-05-08 15:00:00,205.0,250.0,142.0,517.0,239.0,45.0
2024-05-08 16:00:00,178.0,275.0,104.0,889.0,22.0,60.0
2024-05-08 17:00:00,175.0,286.0,96.0,1066.0,24.0,85.0
2024-05-08 18:00:00,177.0,349.0,96.0,1119.0,25.0,84.0
2024-05-08 19:00:00,176.0,475.0,96.0,1120.0,25.0,74.0
2024-05-08 20:00:00,175.0,495.0,97.0,1121.0,25.0,77.0
2024-05-08 21:00:00,174.0,497.0,109.0,1122.0,25.0,78.0
2024-05-08 22:00:00,174.0,504.0,104.0,1122.0,26.0,83.0
2024-05-08 23:00:00,174.0,502.0,97.0,1080.0,32.0,106.0
2024-05-09 00:00:00,174.0,399.0,98.0,934.0,132.0,109.0
2024-05-09 01:00:00,175.0,398.0,155.0,694.0,324.0,111.0
2024-05-09 02:00:00,174.0,509.0,239.0,283.0,345.0,139.0
2024-05-09 03:00:00,174.0,719.0,245.0,15.0,358.0,159.0
2024-05-09 04:00:00,193.0,858.0,251.0,0.0,377.0,192.0
2024-05-09 05:00:00,177.0,823.0,243.0,0.0,376.0,177.0
2024-05-09 06:00:00,176.0,769.0,237.0,0.0,375.0,138.0
2024-05-09 07:00:00,175.0,773.0,228.0,0.0,135.0,79.0
2024-05-09 08:00:00,174.0,775.0,234.0,0.0,133.0,57.0
2024-05-09 09:00:00,173.0,774.0,228.0,0.0,133.0,50.0
2024-05-09 10:00:00,173.0,774.0,219.0,0.0,133.0,56.0
2024-05-09 11:00:00,172.0,774.0,218.0,0.0,133.0,31.0
2024-05-09 12:00:00,173.0,775.0,219.0,0.0,127.0,16.0
2024-05-09 13:00:00,174.0,777.0,225.0,1.0,31.0,13.0
2024-05-09 14:00:00,175.0,734.0,222.0,120.0,267.0,12.0
2024-05-09 15:00:00,175.0,495.0,133.0,552.0,30.0,35.0
2024-05-09 16:00:00,175.0,503.0,103.0,925.0,30.0,100.0
2024-05-09 17:00:00,175.0,551.0,97.0,1074.0,30.0,105.0
2024-05-09 18:00:00,174.0,515.0,101.0,1128.0,30.0,96.0
2024-05-09 19:00:00,174.0,499.0,102.0,1127.0,30.0,121.0
2024-05-09 20:00:00,174.0,394.0,98.0,1129.0,30.0,120.0
2024-05-09 21:00:00,174.0,390.0,98.0,1131.0,30.0,143.0
2024-05-09 22:00:00,173.0,392.0,98.0,1132.0,30.0,110.0
2024-05-09 23:00:00,174.0,443.0,98.0,1072.0,32.0,137.0
2024-05-10 00:00:00,174.0,544.0,109.0,938.0,360.0,259.0
2024-05-10 01:00:00,183.0,575.0,163.0,709.0,358.0,183.0
2024-05-10 02:00:00,339.0,802.0,240.0,293.0,383.0,49.0
2024-05-10 03:00:00,440.0,1066.0,251.0,16.0,381.0,27.0
2024-05-10 04:00:00,363.0,1209.0,251.0,0.0,380.0,33.0
2024-05-10 05:00:00,228.0,1170.0,243.0,0.0,379.0,21.0
2024-05-10 06:00:00,176.0,1081.0,238.0,0.0,380.0,8.0
2024-05-10 07:00:00,175.0,969.0,233.0,0.0,376.0,12.0
2024-05-10 08:00:00,184.0,1029.0,235.0,0.0,139.0,8.0
2024-05-10 09:00:00,183.0,1029.0,226.0,0.0,137.0,5.0
2024-05-10 10:00:00,183.0,942.0,216.0,0.0,137.0,9.0
2024-05-10 11:00:00,183.0,761.0,214.0,0.0,137.0,8.0
2024-05-10 12:00:00,183.0,773.0,219.0,0.0,139.0,0.0
2024-05-10 13:00:00,186.0,782.0,225.0,0.0,257.0,0.0
2024-05-10 14:00:00,262.0,759.0,208.0,69.0,235.0,0.0
2024-05-10 15:00:00,267.0,413.0,142.0,404.0,218.0,0.0
2024-05-10 16:00:00,197.0,365.0,103.0,852.0,267.0,1.0
2024-05-10 17:00:00,184.0,395.0,95.0,1033.0,29.0,15.0
2024-05-10 18:00:00,184.0,369.0,94.0,1107.0,29.0,24.0
2024-05-10 19:00:00,184.0,353.0,95.0,1107.0,29.0,34.0
2024-05-10 20:00:00,183.0,352.0,105.0,1087.0,29.0,31.0
2024-05-10 21:00:00,183.0,399.0,104.0,774.0,29.0,20.0
2024-05-10 22:00:00,183.0,507.0,136.0,547.0,29.0,35.0
2024-05-10 23:00:00,183.0,485.0,164.0,482.0,32.0,50.0
2024-05-11 00:00:00,184.0,582.0,184.0,714.0,134.0,95.0
2024-05-11 01:00:00,205.0,1080.0,230.0,659.0,136.0,15.0
2024-05-11 02:00:00,186.0,1255.0,244.0,290.0,365.0,84.0
2024-05-11 03:00:00,184.0,1257.0,251.0,17.0,380.0,65.0
2024-05-11 04:00:00,183.0,1257.0,248.0,0.0,379.0,14.0
2024-05-11 05:00:00,187.0,1257.0,247.0,0.0,379.0,0.0
2024-05-11 06:00:00,185.0,1226.0,234.0,0.0,341.0,4.0
2024-05-11 07:00:00,183.0,1252.0,236.0,0.0,140.0,6.0
2024-05-11 08:00:00,184.0,1069.0,240.0,0.0,132.0,8.0
2024-05-11 09:00:00,183.0,1031.0,230.0,0.0,133.0,1.0
2024-05-11 10:00:00,183.0,1030.0,213.0,0.0,133.0,0.0
2024-05-11 11:00:00,184.0,1029.0,212.0,0.0,133.0,2.0
2024-05-11 12:00:00,184.0,1031.0,213.0,0.0,122.0,2.0
2024-05-11 13:00:00,185.0,1030.0,210.0,0.0,26.0,3.0
2024-05-11 14:00:00,186.0,625.0,211.0,78.0,26.0,6.0
2024-05-11 15:00:00,262.0,356.0,128.0,460.0,26.0,6.0
2024-05-11 16:00:00,196.0,349.0,101.0,808.0,26.0,5.0
2024-05-11 17:00:00,184.0,225.0,99.0,975.0,28.0,16.0
2024-05-11 18:00:00,183.0,212.0,95.0,1071.0,0.0,35.0
2024-05-11 19:00:00,183.0,212.0,95.0,1084.0,0.0,66.0
2024-05-11 20:00:00,183.0,212.0,95.0,1097.0,0.0,68.0
2024-05-11 21:00:00,183.0,209.0,95.0,1083.0,0.0,55.0
2024-05-11 22:00:00,183.0,222.0,95.0,844.0,0.0,55.0
2024-05-11 23:00:00,182.0,257.0,108.0,787.0,34.0,103.0
2024-05-12 00:00:00,184.0,305.0,109.0,878.0,322.0,94.0
2024-05-12 01:00:00,220.0,376.0,151.0,671.0,532.0,271.0
2024-05-12 02:00:00,187.0,618.0,233.0,276.0,620.0,163.0
2024-05-12 03:00:00,183.0,894.0,243.0,18.0,615.0,70.0
2024-05-12 04:00:00,183.0,1031.0,244.0,0.0,618.0,31.0
2024-05-12 05:00:00,183.0,1031.0,236.0,0.0,618.0,27.0
2024-05-12 06:00:00,183.0,1031.0,246.0,0.0,617.0,31.0
2024-05-12 07:00:00,182.0,1026.0,226.0,0.0,615.0,23.0
2024-05-12 08:00:00,183.0,1034.0,220.0,0.0,377.0,33.0
2024-05-12 09:00:00,175.0,1032.0,211.0,0.0,375.0,35.0
2024-05-12 10:00:00,175.0,1031.0,206.0,0.0,376.0,32.0
2024-05-12 11:00:00,175.0,1030.0,203.0,0.0,375.0,31.0
2024-05-12 12:00:00,175.0,994.0,204.0,0.0,374.0,36.0
2024-05-12 13:00:00,174.0,631.0,194.0,1.0,374.0,19.0
2024-05-12 14:00:00,175.0,420.0,151.0,121.0,368.0,23.0
2024-05-12 15:00:00,174.0,391.0,113.0,538.0,132.0,30.0
2024-05-12 16:00:00,174.0,356.0,101.0,872.0,0.0,28.0
2024-05-12 17:00:00,174.0,354.0,95.0,1001.0,0.0,18.0
2024-05-12 18:00:00,174.0,353.0,94.0,1073.0,0.0,10.0
2024-05-12 19:00:00,174.0,374.0,95.0,1076.0,0.0,5.0
2024-05-12 20:00:00,174.0,354.0,95.0,1084.0,0.0,21.0
2024-05-12 21:00:00,174.0,353.0,95.0,1083.0,0.0,18.0
2024-05-12 22:00:00,174.0,352.0,95.0,1053.0,0.0,21.0
2024-05-12 23:00:00,174.0,363.0,95.0,965.0,0.0,29.0
2024-05-13 00:00:00,174.0,397.0,96.0,894.0,73.0,38.0
2024-05-13 01:00:00,174.0,510.0,136.0,673.0,135.0,38.0
2024-05-13 02:00:00,188.0,686.0,225.0,280.0,339.0,41.0
2024-05-13 03:00:00,276.0,968.0,242.0,18.0,377.0,52.0
2024-05-13 04:00:00,291.0,1067.0,244.0,0.0,369.0,40.0
2024-05-13 05:00:00,217.0,1061.0,247.0,0.0,363.0,42.0
2024-05-13 06:00:00,178.0,1007.0,237.0,0.0,136.0,44.0
2024-05-13 07:00:00,175.0,963.0,221.0,0.0,135.0,44.0
2024-05-13 08:00:00,175.0,768.0,225.0,0.0,135.0,44.0
2024-05-13 09:00:00,174.0,773.0,219.0,0.0,135.0,43.0
2024-05-13 10:00:00,174.0,692.0,212.0,0.0,135.0,56.0
2024-05-13 11:00:00,176.0,521.0,214.0,0.0,124.0,38.0
2024-05-13 12:00:00,200.0,525.0,213.0,0.0,28.0,29.0
2024-05-13 13:00:00,266.0,519.0,213.0,1.0,28.0,35.0
2024-05-13 14:00:00,423.0,507.0,203.0,94.0,28.0,29.0
2024-05-13 15:00:00,319.0,430.0,118.0,480.0,203.0,17.0
2024-05-13 16:00:00,185.0,444.0,95.0,862.0,218.0,13.0
2024-05-13 17:00:00,175.0,465.0,94.0,1010.0,30.0,7.0
2024-05-13 18:00:00,175.0,545.0,95.0,1082.0,28.0,1.0
2024-05-13 19:00:00,174.0,557.0,104.0,1087.0,28.0,0.0
2024-05-13 20:00:00,173.0,564.0,98.0,1084.0,28.0,1.0
2024-05-13 21:00:00,173.0,564.0,115.0,1077.0,28.0,2.0
2024-05-13 22:00:00,172.0,565.0,120.0,1054.0,28.0,4.0
2024-05-13 23:00:00,173.0,565.0,123.0,928.0,29.0,11.0
2024-05-14 00:00:00,174.0,522.0,140.0,813.0,43.0,30.0
2024-05-14 01:00:00,175.0,533.0,166.0,578.0,333.0,38.0
2024-05-14 02:00:00,177.0,817.0,231.0,276.0,572.0,67.0
2024-05-14 03:00:00,209.0,1032.0,221.0,23.0,617.0,112.0
2024-05-14 04:00:00,270.0,1032.0,238.0,0.0,616.0,179.0
2024-05-14 05:00:00,192.0,1030.0,238.0,0.0,558.0,157.0
2024-05-14 06:00:00,175.0,1029.0,229.0,0.0,141.0,180.0
2024-05-14 07:00:00,174.0,1011.0,219.0,0.0,132.0,64.0
2024-05-14 08:00:00,174.0,895.0,216.0,0.0,132.0,54.0
2024-05-14 09:00:00,174.0,773.0,212.0,0.0,132.0,36.0
2024-05-14 10:00:00,182.0,772.0,206.0,0.0,132.0,32.0
2024-05-14 11:00:00,176.0,772.0,163.0,0.0,132.0,28.0
2024-05-14 12:00:00,176.0,776.0,157.0,0.0,132.0,21.0
2024-05-14 13:00:00,202.0,825.0,206.0,0.0,132.0,18.0
2024-05-14 14:00:00,286.0,711.0,191.0,122.0,132.0,16.0
2024-05-14 15:00:00,224.0,471.0,113.0,516.0,123.0,19.0
2024-05-14 16:00:00,178.0,457.0,94.0,730.0,25.0,15.0
2024-05-14 17:00:00,175.0,457.0,94.0,875.0,25.0,9.0
2024-05-14 18:00:00,175.0,457.0,94.0,989.0,25.0,2.0
2024-05-14 19:00:00,174.0,458.0,97.0,1072.0,25.0,3.0
2024-05-14 20:00:00,174.0,458.0,96.0,1087.0,25.0,16.0
2024-05-14 21:00:00,173.0,458.0,100.0,1084.0,25.0,16.0
2024-05-14 22:00:00,173.0,462.0,96.0,1059.0,25.0,21.0
2024-05-14 23:00:00,173.0,495.0,98.0,978.0,25.0,81.0
2024-05-15 00:00:00,173.0,553.0,127.0,803.0,25.0,109.0
2024-05-15 01:00:00,189.0,594.0,166.0,610.0,25.0,72.0
2024-05-15 02:00:00,188.0,995.0,246.0,212.0,25.0,32.0
2024-05-15 03:00:00,242.0,1415.0,247.0,25.0,29.0,26.0
2024-05-15 04:00:00,222.0,1465.0,244.0,0.0,132.0,25.0
2024-05-15 05:00:00,186.0,1387.0,237.0,0.0,132.0,25.0
2024-05-15 06:00:00,177.0,1088.0,228.0,0.0,132.0,25.0
2024-05-15 07:00:00,174.0,1037.0,223.0,0.0,132.0,25.0
2024-05-15 08:00:00,175.0,1028.0,210.0,0.0,132.0,55.0
2024-05-15 09:00:00,174.0,811.0,153.0,0.0,132.0,68.0
2024-05-15 10:00:00,174.0,575.0,144.0,0.0,132.0,54.0
2024-05-15 11:00:00,174.0,404.0,149.0,0.0,132.0,36.0
2024-05-15 12:00:00,174.0,369.0,199.0,0.0,132.0,38.0
2024-05-15 13:00:00,174.0,512.0,202.0,1.0,132.0,27.0
2024-05-15 14:00:00,174.0,509.0,199.0,112.0,132.0,25.0
2024-05-15 15:00:00,173.0,549.0,137.0,396.0,123.0,32.0
2024-05-15 16:00:00,173.0,447.0,113.0,758.0,50.0,69.0
2024-05-15 17:00:00,176.0,393.0,106.0,1011.0,35.0,85.0
2024-05-15 18:00:00,233.0,416.0,108.0,1044.0,29.0,84.0
2024-05-15 19:00:00,296.0,416.0,101.0,972.0,29.0,56.0
2024-05-15 20:00:00,332.0,392.0,101.0,1076.0,29.0,51.0
2024-05-15 21:00:00,305.0,392.0,99.0,1065.0,29.0,72.0
2024-05-15 22:00:00,204.0,396.0,116.0,845.0,29.0,91.0
2024-05-15 23:00:00,174.0,405.0,111.0,903.0,30.0,97.0
2024-05-16 00:00:00,175.0,499.0,130.0,757.0,131.0,120.0
2024-05-16 01:00:00,174.0,554.0,157.0,672.0,135.0,101.0
2024-05-16 02:00:00,174.0,1004.0,234.0,295.0,135.0,85.0
2024-05-16 03:00:00,177.0,1356.0,236.0,21.0,130.0,122.0
2024-05-16 04:00:00,242.0,1329.0,231.0,0.0,132.0,108.0
2024-05-16 05:00:00,183.0,1274.0,222.0,0.0,132.0,51.0
2024-05-16 06:00:00,176.0,860.0,220.0,0.0,132.0,51.0
2024-05-16 07:00:00,176.0,517.0,222.0,0.0,132.0,34.0
2024-05-16 08:00:00,221.0,431.0,167.0,0.0,132.0,25.0
2024-05-16 09:00:00,230.0,386.0,148.0,0.0,132.0,25.0
2024-05-16 10:00:00,242.0,395.0,139.0,0.0,132.0,25.0
2024-05-16 11:00:00,224.0,465.0,146.0,0.0,132.0,25.0
2024-05-16 12:00:00,241.0,480.0,175.0,0.0,133.0,25.0
2024-05-16 13:00:00,243.0,541.0,221.0,1.0,133.0,25.0
2024-05-16 14:00:00,242.0,489.0,203.0,132.0,132.0,24.0
2024-05-16 15:00:00,190.0,402.0,166.0,542.0,125.0,23.0
2024-05-16 16:00:00,185.0,249.0,249.0,861.0,52.0,23.0
2024-05-16 17:00:00,183.0,250.0,249.0,997.0,46.0,17.0
2024-05-16 18:00:00,183.0,250.0,249.0,1076.0,47.0,11.0
2024-05-16 19:00:00,182.0,249.0,248.0,1082.0,48.0,14.0
2024-05-16 20:00:00,182.0,251.0,249.0,1084.0,217.0,20.0
2024-05-16 21:00:00,182.0,250.0,249.0,1069.0,233.0,22.0
2024-05-16 22:00:00,186.0,249.0,247.0,1082.0,235.0,22.0
2024-05-16 23:00:00,173.0,279.0,237.0,1018.0,284.0,24.0
2024-05-17 00:00:00,175.0,285.0,245.0,894.0,374.0,30.0
2024-05-17 01:00:00,176.0,354.0,243.0,690.0,327.0,30.0
2024-05-17 02:00:00,177.0,438.0,241.0,308.0,334.0,25.0
2024-05-17 03:00:00,178.0,556.0,241.0,23.0,586.0,46.0
2024-05-17 04:00:00,266.0,564.0,244.0,0.0,602.0,56.0
2024-05-17 05:00:00,194.0,477.0,240.0,0.0,508.0,33.0
2024-05-17 06:00:00,180.0,418.0,228.0,0.0,372.0,32.0
2024-05-17 07:00:00,234.0,429.0,222.0,0.0,138.0,33.0
2024-05-17 08:00:00,185.0,501.0,233.0,0.0,132.0,25.0
2024-05-17 09:00:00,178.0,503.0,217.0,0.0,132.0,25.0
2024-05-17 10:00:00,175.0,399.0,166.0,0.0,131.0,41.0
2024-05-17 11:00:00,179.0,458.0,181.0,0.0,132.0,43.0
2024-05-17 12:00:00,215.0,365.0,212.0,0.0,132.0,47.0
2024-05-17 13:00:00,246.0,461.0,220.0,1.0,132.0,77.0
2024-05-17 14:00:00,261.0,393.0,166.0,136.0,131.0,77.0
2024-05-17 15:00:00,189.0,345.0,141.0,542.0,308.0,70.0
2024-05-17 16:00:00,201.0,211.0,103.0,861.0,233.0,129.0
2024-05-17 17:00:00,177.0,211.0,95.0,1003.0,44.0,192.0
2024-05-17 18:00:00,175.0,211.0,97.0,1085.0,44.0,128.0
2024-05-17 19:00:00,175.0,211.0,99.0,1095.0,44.0,49.0
2024-05-17 20:00:00,175.0,211.0,100.0,1090.0,43.0,65.0
2024-05-17 21:00:00,174.0,211.0,101.0,1077.0,44.0,90.0
2024-05-17 22:00:00,173.0,238.0,99.0,1004.0,57.0,98.0
2024-05-17 23:00:00,173.0,276.0,98.0,986.0,234.0,112.0
2024-05-18 00:00:00,174.0,359.0,104.0,811.0,323.0,130.0
2024-05-18 01:00:00,174.0,354.0,138.0,648.0,335.0,121.0
2024-05-18 02:00:00,174.0,417.0,161.0,308.0,575.0,129.0
2024-05-18 03:00:00,176.0,532.0,245.0,25.0,620.0,96.0
2024-05-18 04:00:00,178.0,696.0,241.0,0.0,618.0,82.0
2024-05-18 05:00:00,175.0,710.0,235.0,0.0,615.0,124.0
2024-05-18 06:00:00,177.0,711.0,233.0,0.0,374.0,78.0
2024-05-18 07:00:00,177.0,702.0,229.0,0.0,135.0,95.0
2024-05-18 08:00:00,176.0,422.0,177.0,0.0,132.0,75.0
2024-05-18 09:00:00,176.0,353.0,154.0,0.0,132.0,100.0
2024-05-18 10:00:00,175.0,353.0,153.0,0.0,132.0,110.0
2024-05-18 11:00:00,176.0,353.0,152.0,0.0,132.0,119.0
2024-05-18 12:00:00,177.0,353.0,147.0,0.0,132.0,94.0
2024-05-18 13:00:00,177.0,352.0,155.0,2.0,132.0,57.0
2024-05-18 14:00:00,176.0,351.0,143.0,99.0,67.0,50.0
2024-05-18 15:00:00,175.0,325.0,129.0,433.0,25.0,51.0
2024-05-18 16:00:00,174.0,229.0,109.0,837.0,0.0,42.0
2024-05-18 17:00:00,174.0,215.0,109.0,897.0,0.0,45.0
2024-05-18 18:00:00,174.0,213.0,96.0,1009.0,0.0,42.0
2024-05-18 19:00:00,174.0,249.0,102.0,1029.0,0.0,42.0
2024-05-18 20:00:00,173.0,213.0,96.0,1109.0,0.0,43.0
2024-05-18 21:00:00,172.0,213.0,96.0,1098.0,0.0,51.0
2024-05-18 22:00:00,173.0,215.0,95.0,1058.0,0.0,73.0
2024-05-18 23:00:00,174.0,257.0,95.0,1030.0,0.0,203.0
2024-05-19 00:00:00,175.0,381.0,98.0,913.0,222.0,65.0
2024-05-19 01:00:00,175.0,445.0,137.0,678.0,223.0,66.0
2024-05-19 02:00:00,177.0,435.0,154.0,227.0,413.0,100.0
2024-05-19 03:00:00,191.0,521.0,241.0,36.0,408.0,87.0
2024-05-19 04:00:00,296.0,446.0,239.0,0.0,406.0,95.0
2024-05-19 05:00:00,230.0,357.0,236.0,0.0,508.0,117.0
2024-05-19 06:00:00,177.0,421.0,174.0,0.0,509.0,124.0
2024-05-19 07:00:00,178.0,376.0,158.0,0.0,506.0,101.0
2024-05-19 08:00:00,263.0,182.0,158.0,0.0,324.0,73.0
2024-05-19 09:00:00,194.0,183.0,153.0,0.0,321.0,48.0
2024-05-19 10:00:00,197.0,182.0,152.0,0.0,135.0,55.0
2024-05-19 11:00:00,177.0,182.0,156.0,0.0,131.0,65.0
2024-05-19 12:00:00,177.0,182.0,154.0,0.0,131.0,164.0
2024-05-19 13:00:00,177.0,180.0,151.0,1.0,130.0,193.0
2024-05-19 14:00:00,178.0,179.0,120.0,138.0,131.0,174.0
2024-05-19 15:00:00,176.0,171.0,116.0,553.0,123.0,141.0
2024-05-19 16:00:00,176.0,41.0,107.0,883.0,0.0,175.0
2024-05-19 17:00:00,174.0,41.0,103.0,1027.0,0.0,177.0
2024-05-19 18:00:00,174.0,41.0,96.0,1102.0,0.0,134.0
2024-05-19 19:00:00,174.0,41.0,97.0,1114.0,0.0,92.0
2024-05-19 20:00:00,174.0,41.0,95.0,1116.0,0.0,94.0
2024-05-19 21:00:00,173.0,41.0,95.0,1116.0,0.0,102.0
2024-05-19 22:00:00,173.0,41.0,95.0,1096.0,0.0,45.0
2024-05-19 23:00:00,174.0,39.0,95.0,1033.0,0.0,72.0
2024-05-20 00:00:00,174.0,71.0,96.0,906.0,231.0,174.0
2024-05-20 01:00:00,174.0,70.0,113.0,716.0,242.0,241.0
2024-05-20 02:00:00,177.0,187.0,148.0,330.0,336.0,254.0
2024-05-20 03:00:00,178.0,267.0,210.0,32.0,552.0,254.0
2024-05-20 04:00:00,243.0,283.0,242.0,0.0,513.0,214.0
2024-05-20 05:00:00,208.0,266.0,201.0,0.0,511.0,76.0
2024-05-20 06:00:00,178.0,282.0,174.0,0.0,325.0,83.0
2024-05-20 07:00:00,176.0,274.0,163.0,0.0,321.0,190.0
2024-05-20 08:00:00,188.0,202.0,157.0,0.0,131.0,185.0
2024-05-20 09:00:00,176.0,183.0,142.0,0.0,129.0,64.0
2024-05-20 10:00:00,175.0,182.0,135.0,0.0,130.0,52.0
2024-05-20 11:00:00,175.0,184.0,133.0,0.0,131.0,34.0
2024-05-20 12:00:00,190.0,189.0,138.0,0.0,131.0,56.0
2024-05-20 13:00:00,248.0,217.0,140.0,2.0,131.0,41.0
2024-05-20 14:00:00,316.0,263.0,153.0,149.0,136.0,37.0
2024-05-20 15:00:00,217.0,223.0,127.0,491.0,319.0,25.0
2024-05-20 16:00:00,269.0,237.0,109.0,749.0,51.0,35.0
2024-05-20 17:00:00,209.0,183.0,98.0,1044.0,41.0,65.0
2024-05-20 18:00:00,177.0,183.0,99.0,1122.0,43.0,86.0
2024-05-20 19:00:00,175.0,184.0,108.0,1134.0,45.0,62.0
2024-05-20 20:00:00,175.0,183.0,99.0,1133.0,46.0,64.0
2024-05-20 21:00:00,174.0,182.0,99.0,1125.0,0.0,69.0
2024-05-20 22:00:00,174.0,182.0,106.0,957.0,0.0,27.0
2024-05-20 23:00:00,174.0,181.0,105.0,988.0,0.0,117.0
2024-05-21 00:00:00,174.0,282.0,104.0,892.0,38.0,40.0
2024-05-21 01:00:00,173.0,333.0,136.0,668.0,51.0,25.0
2024-05-21 02:00:00,174.0,461.0,149.0,310.0,322.0,126.0
2024-05-21 03:00:00,178.0,529.0,229.0,31.0,510.0,80.0
2024-05-21 04:00:00,205.0,573.0,233.0,0.0,605.0,109.0
2024-05-21 05:00:00,181.0,541.0,225.0,0.0,510.0,131.0
2024-05-21 06:00:00,177.0,519.0,176.0,0.0,321.0,80.0
2024-05-21 07:00:00,176.0,487.0,155.0,0.0,319.0,58.0
2024-05-21 08:00:00,182.0,367.0,151.0,0.0,131.0,40.0
2024-05-21 09:00:00,176.0,366.0,145.0,0.0,129.0,47.0
2024-05-21 10:00:00,173.0,366.0,133.0,0.0,129.0,85.0
2024-05-21 11:00:00,174.0,366.0,127.0,0.0,129.0,44.0
2024-05-21 12:00:00,174.0,365.0,131.0,0.0,130.0,29.0
2024-05-21 13:00:00,174.0,367.0,135.0,2.0,131.0,24.0
2024-05-21 14:00:00,174.0,390.0,134.0,146.0,131.0,11.0
2024-05-21 15:00:00,174.0,228.0,128.0,559.0,125.0,6.0
2024-05-21 16:00:00,174.0,288.0,100.0,885.0,27.0,24.0
2024-05-21 17:00:00,174.0,252.0,97.0,1040.0,27.0,23.0
2024-05-21 18:00:00,174.0,182.0,98.0,1111.0,26.0,31.0
2024-05-21 19:00:00,174.0,181.0,98.0,1113.0,24.0,33.0
2024-05-21 20:00:00,175.0,181.0,98.0,1112.0,24.0,22.0
2024-05-21 21:00:00,174.0,181.0,98.0,1112.0,24.0,13.0
2024-05-21 22:00:00,173.0,181.0,98.0,1108.0,25.0,8.0
2024-05-21 23:00:00,173.0,188.0,99.0,1041.0,26.0,6.0
2024-05-22 00:00:00,174.0,262.0,111.0,911.0,29.0,16.0
2024-05-22 01:00:00,177.0,361.0,151.0,688.0,33.0,30.0
2024-05-22 02:00:00,252.0,436.0,179.0,310.0,238.0,34.0
2024-05-22 03:00:00,258.0,578.0,238.0,32.0,572.0,41.0
2024-05-22 04:00:00,351.0,600.0,237.0,0.0,579.0,46.0
2024-05-22 05:00:00,307.0,584.0,226.0,0.0,566.0,33.0
2024-05-22 06:00:00,205.0,586.0,198.0,0.0,324.0,25.0
2024-05-22 07:00:00,208.0,571.0,151.0,0.0,138.0,25.0
2024-05-22 08:00:00,179.0,387.0,147.0,0.0,131.0,25.0
2024-05-22 09:00:00,175.0,368.0,140.0,0.0,131.0,25.0
2024-05-22 10:00:00,174.0,368.0,137.0,0.0,132.0,25.0
2024-05-22 11:00:00,175.0,368.0,123.0,0.0,132.0,35.0
2024-05-22 12:00:00,177.0,368.0,135.0,0.0,132.0,57.0
2024-05-22 13:00:00,182.0,378.0,136.0,2.0,117.0,81.0
2024-05-22 14:00:00,315.0,389.0,137.0,150.0,43.0,91.0
2024-05-22 15:00:00,274.0,230.0,112.0,561.0,0.0,108.0
2024-05-22 16:00:00,308.0,287.0,96.0,882.0,0.0,148.0
2024-05-22 17:00:00,262.0,291.0,95.0,1028.0,0.0,195.0
2024-05-22 18:00:00,274.0,290.0,95.0,1115.0,0.0,243.0
2024-05-22 19:00:00,269.0,291.0,95.0,1131.0,0.0,196.0
2024-05-22 20:00:00,244.0,291.0,95.0,1130.0,0.0,175.0
2024-05-22 21:00:00,208.0,291.0,96.0,1129.0,0.0,204.0
2024-05-22 22:00:00,178.0,188.0,96.0,1113.0,0.0,195.0
2024-05-22 23:00:00,175.0,182.0,96.0,1042.0,0.0,215.0
2024-05-23 00:00:00,175.0,184.0,106.0,913.0,233.0,242.0
2024-05-23 01:00:00,175.0,185.0,141.0,707.0,247.0,258.0
2024-05-23 02:00:00,177.0,264.0,177.0,311.0,530.0,274.0
2024-05-23 03:00:00,178.0,471.0,227.0,34.0,559.0,271.0
2024-05-23 04:00:00,176.0,490.0,227.0,0.0,533.0,264.0
2024-05-23 05:00:00,177.0,383.0,221.0,0.0,508.0,257.0
2024-05-23 06:00:00,179.0,366.0,169.0,0.0,319.0,259.0
2024-05-23 07:00:00,178.0,366.0,154.0,0.0,322.0,240.0
2024-05-23 08:00:00,177.0,258.0,154.0,0.0,177.0,254.0
2024-05-23 09:00:00,174.0,182.0,145.0,0.0,131.0,175.0
2024-05-23 10:00:00,178.0,182.0,143.0,0.0,131.0,175.0
2024-05-23 11:00:00,179.0,182.0,143.0,0.0,131.0,221.0
2024-05-23 12:00:00,177.0,181.0,145.0,0.0,131.0,183.0
2024-05-23 13:00:00,179.0,182.0,148.0,2.0,146.0,125.0
2024-05-23 14:00:00,178.0,183.0,128.0,157.0,323.0,85.0
2024-05-23 15:00:00,175.0,211.0,107.0,580.0,314.0,96.0
2024-05-23 16:00:00,175.0,198.0,99.0,912.0,0.0,82.0
2024-05-23 17:00:00,175.0,312.0,107.0,1051.0,0.0,67.0
2024-05-23 18:00:00,175.0,319.0,102.0,1128.0,0.0,46.0
2024-05-23 19:00:00,175.0,307.0,106.0,1127.0,0.0,42.0
2024-05-23 20:00:00,177.0,309.0,98.0,1123.0,0.0,33.0
2024-05-23 21:00:00,175.0,318.0,98.0,1120.0,0.0,39.0
2024-05-23 22:00:00,174.0,301.0,100.0,1107.0,0.0,59.0
2024-05-23 23:00:00,174.0,264.0,102.0,1032.0,0.0,85.0
2024-05-24 00:00:00,174.0,308.0,101.0,911.0,0.0,97.0
2024-05-24 01:00:00,174.0,357.0,138.0,712.0,245.0,102.0
2024-05-24 02:00:00,177.0,442.0,165.0,342.0,544.0,97.0
2024-05-24 03:00:00,232.0,603.0,234.0,36.0,617.0,110.0
2024-05-24 04:00:00,241.0,598.0,238.0,0.0,619.0,87.0
2024-05-24 05:00:00,236.0,544.0,225.0,0.0,546.0,58.0
2024-05-24 06:00:00,185.0,502.0,169.0,0.0,322.0,67.0
2024-05-24 07:00:00,179.0,457.0,148.0,0.0,322.0,53.0
2024-05-24 08:00:00,179.0,287.0,158.0,0.0,321.0,36.0
2024-05-24 09:00:00,204.0,281.0,148.0,0.0,132.0,21.0
2024-05-24 10:00:00,182.0,288.0,146.0,0.0,132.0,31.0
2024-05-24 11:00:00,179.0,277.0,143.0,0.0,132.0,38.0
2024-05-24 12:00:00,179.0,226.0,145.0,0.0,132.0,38.0
2024-05-24 13:00:00,178.0,282.0,159.0,2.0,126.0,39.0
2024-05-24 14:00:00,177.0,283.0,185.0,159.0,44.0,44.0
2024-05-24 15:00:00,177.0,182.0,127.0,581.0,44.0,28.0
2024-05-24 16:00:00,179.0,183.0,111.0,903.0,48.0,30.0
2024-05-24 17:00:00,178.0,182.0,98.0,1043.0,47.0,27.0
2024-05-24 18:00:00,177.0,182.0,98.0,1114.0,0.0,24.0
2024-05-24 19:00:00,178.0,183.0,97.0,1131.0,0.0,27.0
2024-05-24 20:00:00,178.0,182.0,98.0,1125.0,0.0,27.0
2024-05-24 21:00:00,178.0,182.0,109.0,1123.0,0.0,23.0
2024-05-24 22:00:00,175.0,182.0,99.0,1076.0,0.0,28.0
2024-05-24 23:00:00,174.0,224.0,98.0,895.0,0.0,48.0
2024-05-25 00:00:00,175.0,258.0,100.0,781.0,219.0,64.0
2024-05-25 01:00:00,174.0,289.0,126.0,684.0,251.0,84.0
2024-05-25 02:00:00,178.0,398.0,147.0,336.0,511.0,72.0
2024-05-25 03:00:00,232.0,530.0,174.0,36.0,512.0,82.0
2024-05-25 04:00:00,293.0,521.0,236.0,0.0,513.0,62.0
2024-05-25 05:00:00,324.0,473.0,174.0,0.0,505.0,93.0
2024-05-25 06:00:00,217.0,620.0,168.0,0.0,323.0,72.0
2024-05-25 07:00:00,177.0,580.0,197.0,0.0,323.0,116.0
2024-05-25 08:00:00,177.0,287.0,205.0,0.0,333.0,42.0
2024-05-25 09:00:00,177.0,292.0,183.0,0.0,331.0,35.0
2024-05-25 10:00:00,179.0,277.0,141.0,0.0,324.0,26.0
2024-05-25 11:00:00,181.0,242.0,138.0,0.0,322.0,30.0
2024-05-25 12:00:00,213.0,248.0,145.0,0.0,324.0,28.0
2024-05-25 13:00:00,184.0,241.0,133.0,2.0,322.0,25.0
2024-05-25 14:00:00,229.0,227.0,125.0,164.0,134.0,25.0
2024-05-25 15:00:00,252.0,181.0,110.0,592.0,123.0,24.0
2024-05-25 16:00:00,201.0,182.0,103.0,916.0,0.0,36.0
2024-05-25 17:00:00,177.0,182.0,98.0,1050.0,0.0,152.0
2024-05-25 18:00:00,174.0,186.0,98.0,1120.0,0.0,88.0
2024-05-25 19:00:00,173.0,281.0,104.0,1129.0,0.0,111.0
2024-05-25 20:00:00,174.0,281.0,102.0,1126.0,0.0,89.0
2024-05-25 21:00:00,175.0,249.0,97.0,1124.0,0.0,124.0
2024-05-25 22:00:00,174.0,180.0,101.0,1111.0,0.0,160.0
2024-05-25 23:00:00,174.0,181.0,100.0,1053.0,0.0,100.0
2024-05-26 00:00:00,175.0,247.0,100.0,934.0,0.0,93.0
2024-05-26 01:00:00,175.0,194.0,109.0,746.0,25.0,70.0
2024-05-26 02:00:00,177.0,272.0,114.0,364.0,441.0,83.0
2024-05-26 03:00:00,176.0,366.0,154.0,39.0,513.0,78.0
2024-05-26 04:00:00,178.0,366.0,167.0,0.0,512.0,54.0
2024-05-26 05:00:00,178.0,366.0,162.0,0.0,509.0,29.0
2024-05-26 06:00:00,178.0,366.0,163.0,0.0,324.0,25.0
2024-05-26 07:00:00,178.0,366.0,158.0,0.0,322.0,25.0
2024-05-26 08:00:00,178.0,302.0,161.0,0.0,323.0,25.0
2024-05-26 09:00:00,180.0,181.0,151.0,0.0,309.0,25.0
2024-05-26 10:00:00,214.0,195.0,151.0,0.0,132.0,25.0
2024-05-26 11:00:00,183.0,201.0,151.0,0.0,132.0,25.0
2024-05-26 12:00:00,180.0,212.0,147.0,0.0,132.0,25.0
2024-05-26 13:00:00,179.0,216.0,147.0,2.0,132.0,25.0
2024-05-26 14:00:00,180.0,268.0,136.0,161.0,123.0,26.0
2024-05-26 15:00:00,211.0,193.0,114.0,579.0,0.0,23.0
2024-05-26 16:00:00,179.0,192.0,110.0,899.0,0.0,18.0
2024-05-26 17:00:00,176.0,192.0,110.0,1030.0,0.0,10.0
2024-05-26 18:00:00,175.0,192.0,109.0,1099.0,0.0,3.0
2024-05-26 19:00:00,176.0,192.0,105.0,1100.0,0.0,0.0
2024-05-26 20:00:00,176.0,191.0,109.0,1094.0,0.0,0.0
2024-05-26 21:00:00,175.0,191.0,107.0,1095.0,0.0,1.0
2024-05-26 22:00:00,174.0,211.0,102.0,1084.0,37.0,8.0
2024-05-26 23:00:00,174.0,222.0,100.0,1012.0,49.0,20.0
2024-05-27 00:00:00,176.0,323.0,101.0,890.0,48.0,23.0
2024-05-27 01:00:00,175.0,429.0,134.0,690.0,47.0,23.0
2024-05-27 02:00:00,176.0,470.0,167.0,332.0,248.0,46.0
2024-05-27 03:00:00,194.0,641.0,242.0,37.0,523.0,83.0
2024-05-27 04:00:00,224.0,737.0,240.0,0.0,513.0,64.0
2024-05-27 05:00:00,195.0,654.0,226.0,0.0,512.0,48.0
2024-05-27 06:00:00,181.0,609.0,165.0,0.0,334.0,32.0
2024-05-27 07:00:00,179.0,727.0,164.0,0.0,325.0,29.0
2024-05-27 08:00:00,174.0,747.0,221.0,0.0,324.0,26.0
2024-05-27 09:00:00,174.0,645.0,215.0,0.0,325.0,25.0
2024-05-27 10:00:00,174.0,472.0,207.0,0.0,325.0,25.0
2024-05-27 11:00:00,174.0,498.0,210.0,0.0,326.0,25.0
2024-05-27 12:00:00,174.0,497.0,210.0,0.0,326.0,24.0
2024-05-27 13:00:00,174.0,510.0,214.0,2.0,326.0,22.0
2024-05-27 14:00:00,175.0,446.0,184.0,161.0,339.0,18.0
2024-05-27 15:00:00,174.0,336.0,120.0,572.0,119.0,15.0
2024-05-27 16:00:00,174.0,335.0,100.0,875.0,0.0,5.0
2024-05-27 17:00:00,174.0,333.0,99.0,1004.0,0.0,0.0
2024-05-27 18:00:00,174.0,333.0,100.0,1076.0,0.0,0.0
2024-05-27 19:00:00,174.0,333.0,96.0,1090.0,0.0,0.0
2024-05-27 20:00:00,174.0,332.0,98.0,1084.0,0.0,2.0
2024-05-27 21:00:00,174.0,331.0,96.0,1086.0,0.0,4.0
2024-05-27 22:00:00,174.0,331.0,99.0,1071.0,0.0,8.0
2024-05-27 23:00:00,174.0,331.0,111.0,1001.0,0.0,15.0
2024-05-28 00:00:00,174.0,332.0,120.0,889.0,45.0,29.0
2024-05-28 01:00:00,174.0,426.0,180.0,688.0,276.0,28.0
2024-05-28 02:00:00,174.0,636.0,246.0,329.0,473.0,79.0
2024-05-28 03:00:00,170.0,824.0,251.0,37.0,622.0,49.0
2024-05-28 04:00:00,190.0,821.0,249.0,0.0,619.0,37.0
2024-05-28 05:00:00,176.0,818.0,246.0,0.0,618.0,33.0
2024-05-28 06:00:00,175.0,817.0,235.0,0.0,618.0,25.0
2024-05-28 07:00:00,175.0,774.0,226.0,0.0,560.0,25.0
2024-05-28 08:00:00,174.0,763.0,231.0,0.0,364.0,25.0
2024-05-28 09:00:00,173.0,732.0,225.0,0.0,325.0,25.0
2024-05-28 10:00:00,173.0,744.0,215.0,0.0,325.0,25.0
2024-05-28 11:00:00,173.0,740.0,212.0,0.0,316.0,26.0
2024-05-28 12:00:00,174.0,639.0,212.0,0.0,237.0,25.0
2024-05-28 13:00:00,176.0,510.0,217.0,2.0,236.0,24.0
2024-05-28 14:00:00,223.0,447.0,201.0,160.0,235.0,21.0
2024-05-28 15:00:00,179.0,333.0,134.0,581.0,235.0,23.0
2024-05-28 16:00:00,175.0,332.0,137.0,892.0,237.0,23.0
2024-05-28 17:00:00,211.0,331.0,136.0,1022.0,0.0,20.0
2024-05-28 18:00:00,177.0,330.0,120.0,1096.0,0.0,18.0
2024-05-28 19:00:00,175.0,330.0,116.0,1104.0,0.0,21.0
2024-05-28 20:00:00,174.0,332.0,97.0,1096.0,0.0,61.0
2024-05-28 21:00:00,174.0,332.0,100.0,1100.0,0.0,82.0
2024-05-28 22:00:00,173.0,333.0,97.0,1098.0,0.0,133.0
2024-05-28 23:00:00,173.0,335.0,98.0,1034.0,0.0,138.0
2024-05-29 00:00:00,173.0,333.0,103.0,919.0,52.0,208.0
2024-05-29 01:00:00,174.0,337.0,144.0,729.0,230.0,214.0
2024-05-29 02:00:00,174.0,444.0,219.0,361.0,478.0,217.0
2024-05-29 03:00:00,176.0,517.0,242.0,41.0,501.0,192.0
2024-05-29 04:00:00,229.0,678.0,246.0,0.0,503.0,135.0
2024-05-29 05:00:00,180.0,744.0,244.0,0.0,433.0,135.0
2024-05-29 06:00:00,175.0,669.0,240.0,0.0,237.0,155.0
2024-05-29 07:00:00,175.0,586.0,207.0,33.0,236.0,167.0
2024-05-29 08:00:00,176.0,550.0,163.0,0.0,237.0,130.0
2024-05-29 09:00:00,176.0,388.0,152.0,0.0,52.0,120.0
2024-05-29 10:00:00,174.0,384.0,150.0,0.0,49.0,120.0
2024-05-29 11:00:00,173.0,386.0,142.0,0.0,49.0,140.0
2024-05-29 12:00:00,175.0,382.0,144.0,0.0,49.0,123.0
2024-05-29 13:00:00,182.0,414.0,148.0,2.0,49.0,109.0
2024-05-29 14:00:00,307.0,443.0,147.0,158.0,50.0,103.0
2024-05-29 15:00:00,215.0,401.0,104.0,574.0,49.0,86.0
2024-05-29 16:00:00,175.0,400.0,95.0,887.0,0.0,128.0
2024-05-29 17:00:00,174.0,401.0,95.0,1019.0,0.0,180.0
2024-05-29 18:00:00,173.0,407.0,95.0,1101.0,0.0,130.0
2024-05-29 19:00:00,173.0,396.0,95.0,1123.0,0.0,74.0
2024-05-29 20:00:00,173.0,405.0,103.0,1128.0,0.0,62.0
2024-05-29 21:00:00,174.0,399.0,100.0,1120.0,0.0,74.0
2024-05-29 22:00:00,174.0,398.0,110.0,1105.0,0.0,61.0
2024-05-29 23:00:00,174.0,398.0,112.0,1040.0,0.0,61.0
2024-05-30 00:00:00,174.0,400.0,117.0,927.0,39.0,42.0
2024-05-30 01:00:00,175.0,401.0,145.0,731.0,42.0,48.0
2024-05-30 02:00:00,178.0,466.0,174.0,362.0,433.0,114.0
2024-05-30 03:00:00,233.0,532.0,233.0,43.0,437.0,104.0
2024-05-30 04:00:00,234.0,591.0,239.0,0.0,509.0,80.0
2024-05-30 05:00:00,198.0,501.0,230.0,0.0,508.0,101.0
2024-05-30 06:00:00,177.0,447.0,197.0,0.0,506.0,110.0
2024-05-30 07:00:00,175.0,417.0,181.0,0.0,504.0,84.0
2024-05-30 08:00:00,174.0,537.0,215.0,0.0,134.0,96.0
2024-05-30 09:00:00,174.0,544.0,219.0,0.0,129.0,125.0
2024-05-30 10:00:00,177.0,558.0,214.0,0.0,129.0,114.0
2024-05-30 11:00:00,202.0,586.0,215.0,0.0,129.0,97.0
2024-05-30 12:00:00,178.0,574.0,217.0,0.0,130.0,79.0
2024-05-30 13:00:00,178.0,560.0,217.0,3.0,130.0,85.0
2024-05-30 14:00:00,234.0,554.0,208.0,155.0,132.0,76.0
2024-05-30 15:00:00,181.0,428.0,129.0,569.0,129.0,51.0
2024-05-30 16:00:00,175.0,426.0,97.0,866.0,44.0,50.0
2024-05-30 17:00:00,175.0,425.0,98.0,1000.0,44.0,45.0
2024-05-30 18:00:00,174.0,425.0,97.0,1079.0,44.0,45.0
2024-05-30 19:00:00,174.0,424.0,99.0,1089.0,43.0,34.0
2024-05-30 20:00:00,174.0,429.0,96.0,1091.0,44.0,19.0
2024-05-30 21:00:00,175.0,437.0,96.0,1100.0,44.0,6.0
2024-05-30 22:00:00,186.0,437.0,97.0,1086.0,44.0,8.0
2024-05-30 23:00:00,177.0,485.0,112.0,1017.0,59.0,23.0
2024-05-31 00:00:00,179.0,454.0,114.0,899.0,135.0,42.0
2024-05-31 01:00:00,279.0,434.0,172.0,719.0,321.0,40.0
2024-05-31 02:00:00,293.0,547.0,225.0,372.0,337.0,66.0
2024-05-31 03:00:00,292.0,722.0,242.0,47.0,577.0,76.0
2024-05-31 04:00:00,291.0,892.0,245.0,0.0,595.0,50.0
2024-05-31 05:00:00,291.0,860.0,245.0,0.0,561.0,42.0
2024-05-31 06:00:00,288.0,833.0,241.0,0.0,320.0,51.0
2024-05-31 07:00:00,237.0,751.0,234.0,0.0,324.0,40.0
2024-05-31 08:00:00,179.0,752.0,233.0,0.0,371.0,46.0
2024-05-31 09:00:00,175.0,748.0,225.0,0.0,133.0,45.0
2024-05-31 10:00:00,175.0,715.0,219.0,0.0,129.0,43.0
2024-05-31 11:00:00,174.0,749.0,221.0,0.0,119.0,50.0
2024-05-31 12:00:00,174.0,748.0,216.0,0.0,40.0,32.0
2024-05-31 13:00:00,178.0,750.0,223.0,3.0,40.0,43.0
2024-05-31 14:00:00,282.0,604.0,209.0,180.0,40.0,70.0
2024-05-31 15:00:00,199.0,357.0,127.0,620.0,40.0,35.0
2024-05-31 16:00:00,175.0,346.0,99.0,920.0,40.0,26.0
2024-05-31 17:00:00,175.0,362.0,114.0,1049.0,40.0,14.0
2024-05-31 18:00:00,174.0,358.0,114.0,1127.0,40.0,10.0
2024-05-31 19:00:00,173.0,383.0,112.0,1132.0,41.0,7.0
2024-05-31 20:00:00,173.0,406.0,112.0,1131.0,41.0,9.0
2024-05-31 21:00:00,174.0,382.0,110.0,1133.0,41.0,19.0
2024-05-31 22:00:00,174.0,430.0,109.0,1111.0,41.0,24.0
2024-05-31 23:00:00,174.0,378.0,115.0,1033.0,53.0,28.0
2024-06-01 00:00:00,174.0,332.0,135.0,926.0,129.0,30.0
2024-06-01 01:00:00,178.0,410.0,187.0,745.0,127.0,41.0
2024-06-01 02:00:00,279.0,594.0,206.0,383.0,346.0,60.0
2024-06-01 03:00:00,321.0,820.0,225.0,48.0,619.0,63.0
2024-06-01 04:00:00,391.0,835.0,231.0,0.0,609.0,90.0
2024-06-01 05:00:00,370.0,817.0,225.0,0.0,609.0,82.0
2024-06-01 06:00:00,241.0,784.0,230.0,0.0,358.0,39.0
2024-06-01 07:00:00,180.0,758.0,226.0,0.0,131.0,29.0
2024-06-01 08:00:00,277.0,728.0,230.0,0.0,127.0,25.0
2024-06-01 09:00:00,353.0,744.0,210.0,0.0,127.0,25.0
2024-06-01 10:00:00,290.0,723.0,192.0,0.0,127.0,25.0
2024-06-01 11:00:00,277.0,745.0,205.0,0.0,116.0,25.0
2024-06-01 12:00:00,301.0,723.0,207.0,0.0,40.0,25.0
2024-06-01 13:00:00,285.0,471.0,211.0,3.0,40.0,25.0
2024-06-01 14:00:00,288.0,415.0,173.0,179.0,41.0,24.0
2024-06-01 15:00:00,224.0,331.0,126.0,627.0,40.0,24.0
2024-06-01 16:00:00,230.0,192.0,104.0,929.0,43.0,27.0
2024-06-01 17:00:00,281.0,191.0,111.0,1051.0,0.0,80.0
2024-06-01 18:00:00,223.0,191.0,103.0,1127.0,0.0,142.0
2024-06-01 19:00:00,210.0,191.0,105.0,1143.0,0.0,108.0
2024-06-01 20:00:00,212.0,190.0,103.0,1144.0,0.0,142.0
2024-06-01 21:00:00,178.0,190.0,121.0,1144.0,0.0,148.0
2024-06-01 22:00:00,175.0,191.0,125.0,1132.0,0.0,197.0
2024-06-01 23:00:00,175.0,190.0,120.0,1066.0,0.0,222.0
2024-06-02 00:00:00,176.0,202.0,125.0,959.0,0.0,227.0
2024-06-02 01:00:00,179.0,242.0,141.0,769.0,35.0,244.0
2024-06-02 02:00:00,224.0,438.0,187.0,388.0,60.0,251.0
2024-06-02 03:00:00,179.0,469.0,218.0,50.0,426.0,241.0
2024-06-02 04:00:00,175.0,491.0,227.0,0.0,427.0,223.0
2024-06-02 05:00:00,174.0,445.0,221.0,0.0,426.0,188.0
2024-06-02 06:00:00,175.0,468.0,186.0,0.0,239.0,167.0
2024-06-02 07:00:00,176.0,490.0,170.0,0.0,237.0,172.0
2024-06-02 08:00:00,178.0,444.0,212.0,0.0,234.0,198.0
2024-06-02 09:00:00,228.0,380.0,210.0,0.0,46.0,179.0
2024-06-02 10:00:00,186.0,385.0,156.0,0.0,48.0,103.0
2024-06-02 11:00:00,175.0,372.0,147.0,0.0,48.0,174.0
2024-06-02 12:00:00,175.0,359.0,145.0,0.0,49.0,174.0
2024-06-02 13:00:00,176.0,344.0,141.0,2.0,50.0,188.0
2024-06-02 14:00:00,176.0,340.0,128.0,153.0,50.0,200.0
2024-06-02 15:00:00,174.0,210.0,113.0,561.0,51.0,165.0
2024-06-02 16:00:00,174.0,192.0,98.0,904.0,0.0,161.0
2024-06-02 17:00:00,174.0,192.0,98.0,1033.0,0.0,167.0
2024-06-02 18:00:00,173.0,204.0,98.0,1122.0,0.0,100.0
2024-06-02 19:00:00,173.0,228.0,100.0,1143.0,0.0,73.0
2024-06-02 20:00:00,174.0,309.0,106.0,1135.0,0.0,50.0
2024-06-02 21:00:00,173.0,358.0,109.0,1127.0,0.0,35.0
2024-06-02 22:00:00,174.0,367.0,100.0,1115.0,0.0,46.0
2024-06-02 23:00:00,174.0,403.0,100.0,1049.0,0.0,89.0
2024-06-03 00:00:00,175.0,506.0,102.0,903.0,0.0,160.0
2024-06-03 01:00:00,174.0,512.0,137.0,661.0,57.0,160.0
2024-06-03 02:00:00,176.0,691.0,180.0,304.0,266.0,176.0
2024-06-03 03:00:00,226.0,747.0,213.0,57.0,336.0,220.0
2024-06-03 04:00:00,179.0,741.0,220.0,0.0,516.0,187.0
2024-06-03 05:00:00,175.0,726.0,213.0,0.0,512.0,212.0
2024-06-03 06:00:00,175.0,694.0,213.0,0.0,327.0,231.0
2024-06-03 07:00:00,174.0,739.0,216.0,0.0,306.0,234.0
2024-06-03 08:00:00,173.0,738.0,227.0,0.0,240.0,120.0
2024-06-03 09:00:00,173.0,671.0,214.0,0.0,239.0,81.0
2024-06-03 10:00:00,175.0,603.0,199.0,0.0,54.0,78.0
2024-06-03 11:00:00,176.0,527.0,197.0,0.0,49.0,53.0
2024-06-03 12:00:00,181.0,516.0,197.0,0.0,49.0,59.0
2024-06-03 13:00:00,180.0,509.0,197.0,3.0,49.0,68.0
2024-06-03 14:00:00,222.0,520.0,154.0,163.0,52.0,46.0
2024-06-03 15:00:00,180.0,607.0,130.0,584.0,53.0,55.0
2024-06-03 16:00:00,175.0,602.0,103.0,891.0,0.0,120.0
2024-06-03 17:00:00,174.0,600.0,98.0,999.0,0.0,141.0
2024-06-03 18:00:00,174.0,601.0,98.0,1124.0,0.0,102.0
2024-06-03 19:00:00,173.0,600.0,98.0,1114.0,52.0,60.0
2024-06-03 20:00:00,173.0,599.0,98.0,1035.0,52.0,53.0
2024-06-03 21:00:00,173.0,600.0,98.0,799.0,52.0,84.0
2024-06-03 22:00:00,174.0,625.0,98.0,681.0,53.0,96.0
2024-06-03 23:00:00,175.0,617.0,107.0,586.0,53.0,132.0
2024-06-04 00:00:00,175.0,620.0,111.0,462.0,52.0,143.0
2024-06-04 01:00:00,178.0,688.0,159.0,318.0,371.0,70.0
2024-06-04 02:00:00,178.0,615.0,227.0,150.0,677.0,34.0
2024-06-04 03:00:00,274.0,782.0,237.0,30.0,244.0,34.0
2024-06-04 04:00:00,407.0,746.0,234.0,0.0,47.0,99.0
2024-06-04 05:00:00,391.0,821.0,233.0,0.0,49.0,106.0
2024-06-04 06:00:00,307.0,671.0,237.0,0.0,48.0,73.0
2024-06-04 07:00:00,200.0,631.0,221.0,0.0,48.0,78.0
2024-06-04 08:00:00,175.0,598.0,144.0,0.0,49.0,49.0
2024-06-04 09:00:00,174.0,521.0,129.0,0.0,49.0,32.0
2024-06-04 10:00:00,173.0,504.0,119.0,0.0,48.0,30.0
2024-06-04 11:00:00,173.0,503.0,127.0,0.0,48.0,28.0
2024-06-04 12:00:00,174.0,505.0,132.0,0.0,48.0,27.0
2024-06-04 13:00:00,175.0,511.0,132.0,2.0,48.0,25.0
2024-06-04 14:00:00,174.0,509.0,134.0,149.0,48.0,27.0
2024-06-04 15:00:00,183.0,604.0,146.0,523.0,42.0,45.0
2024-06-04 16:00:00,175.0,706.0,116.0,884.0,0.0,126.0
2024-06-04 17:00:00,176.0,619.0,110.0,1033.0,0.0,98.0
2024-06-04 18:00:00,177.0,538.0,113.0,1108.0,0.0,66.0
2024-06-04 19:00:00,183.0,622.0,111.0,1114.0,0.0,34.0
2024-06-04 20:00:00,182.0,537.0,129.0,1113.0,0.0,46.0
2024-06-04 21:00:00,176.0,559.0,130.0,1125.0,0.0,76.0
2024-06-04 22:00:00,178.0,587.0,132.0,1097.0,0.0,92.0
2024-06-04 23:00:00,181.0,672.0,147.0,1020.0,0.0,75.0
2024-06-05 00:00:00,179.0,535.0,161.0,907.0,332.0,50.0
2024-06-05 01:00:00,192.0,903.0,216.0,729.0,523.0,64.0
2024-06-05 02:00:00,180.0,1174.0,227.0,386.0,518.0,73.0
2024-06-05 03:00:00,179.0,1293.0,234.0,53.0,515.0,74.0
2024-06-05 04:00:00,176.0,1036.0,229.0,0.0,515.0,74.0
2024-06-05 05:00:00,175.0,970.0,234.0,0.0,504.0,83.0
2024-06-05 06:00:00,174.0,903.0,227.0,0.0,323.0,20.0
2024-06-05 07:00:00,174.0,904.0,227.0,0.0,145.0,54.0
2024-06-05 08:00:00,174.0,860.0,228.0,0.0,135.0,109.0
2024-06-05 09:00:00,174.0,744.0,222.0,0.0,135.0,101.0
2024-06-05 10:00:00,174.0,729.0,210.0,0.0,125.0,59.0
2024-06-05 11:00:00,175.0,663.0,152.0,0.0,50.0,97.0
2024-06-05 12:00:00,175.0,641.0,181.0,0.0,49.0,101.0
2024-06-05 13:00:00,175.0,694.0,208.0,3.0,49.0,98.0
2024-06-05 14:00:00,174.0,663.0,154.0,180.0,49.0,16.0
2024-06-05 15:00:00,174.0,670.0,129.0,611.0,49.0,0.0
2024-06-05 16:00:00,173.0,760.0,129.0,905.0,51.0,0.0
2024-06-05 17:00:00,173.0,760.0,129.0,1028.0,0.0,0.0
2024-06-05 18:00:00,174.0,759.0,129.0,1088.0,0.0,1.0
2024-06-05 19:00:00,174.0,758.0,131.0,1085.0,0.0,1.0
2024-06-05 20:00:00,175.0,757.0,149.0,1080.0,0.0,4.0
2024-06-05 21:00:00,179.0,748.0,170.0,1081.0,0.0,7.0
2024-06-05 22:00:00,173.0,682.0,179.0,1051.0,193.0,9.0
2024-06-05 23:00:00,176.0,781.0,181.0,974.0,302.0,6.0
2024-06-06 00:00:00,250.0,691.0,182.0,879.0,141.0,33.0
2024-06-06 01:00:00,276.0,784.0,221.0,710.0,335.0,56.0
2024-06-06 02:00:00,247.0,1065.0,242.0,377.0,367.0,62.0
2024-06-06 03:00:00,408.0,1418.0,244.0,52.0,379.0,63.0
2024-06-06 04:00:00,426.0,1422.0,245.0,0.0,378.0,48.0
2024-06-06 05:00:00,293.0,1310.0,248.0,0.0,378.0,26.0
2024-06-06 06:00:00,178.0,1256.0,249.0,0.0,355.0,25.0
2024-06-06 07:00:00,176.0,1201.0,246.0,0.0,365.0,30.0
2024-06-06 08:00:00,175.0,1006.0,248.0,0.0,160.0,25.0
2024-06-06 09:00:00,174.0,1004.0,248.0,0.0,139.0,23.0
2024-06-06 10:00:00,176.0,1000.0,223.0,0.0,130.0,24.0
2024-06-06 11:00:00,218.0,719.0,157.0,0.0,52.0,21.0
2024-06-06 12:00:00,219.0,726.0,173.0,0.0,53.0,21.0
2024-06-06 13:00:00,217.0,752.0,236.0,3.0,53.0,21.0
2024-06-06 14:00:00,363.0,686.0,176.0,151.0,53.0,21.0
2024-06-06 15:00:00,284.0,691.0,130.0,543.0,53.0,19.0
2024-06-06 16:00:00,189.0,693.0,122.0,826.0,53.0,16.0
2024-06-06 17:00:00,180.0,689.0,127.0,945.0,53.0,7.0
2024-06-06 18:00:00,180.0,699.0,139.0,836.0,52.0,1.0
2024-06-06 19:00:00,180.0,809.0,148.0,826.0,58.0,0.0
2024-06-06 20:00:00,180.0,918.0,171.0,986.0,255.0,0.0
2024-06-06 21:00:00,183.0,1053.0,221.0,1005.0,52.0,1.0
2024-06-06 22:00:00,228.0,1179.0,224.0,974.0,53.0,4.0
2024-06-06 23:00:00,207.0,1207.0,229.0,921.0,52.0,10.0
2024-06-07 00:00:00,321.0,1230.0,196.0,772.0,132.0,24.0
2024-06-07 01:00:00,231.0,1310.0,241.0,640.0,363.0,24.0
2024-06-07 02:00:00,211.0,1370.0,253.0,337.0,362.0,32.0
2024-06-07 03:00:00,380.0,1437.0,263.0,46.0,381.0,25.0
2024-06-07 04:00:00,409.0,1478.0,261.0,0.0,380.0,25.0
2024-06-07 05:00:00,326.0,1416.0,262.0,0.0,375.0,25.0
2024-06-07 06:00:00,208.0,1188.0,261.0,0.0,332.0,29.0
2024-06-07 07:00:00,175.0,1123.0,190.0,0.0,137.0,45.0
2024-06-07 08:00:00,175.0,997.0,202.0,0.0,139.0,71.0
2024-06-07 09:00:00,174.0,890.0,160.0,0.0,139.0,38.0
2024-06-07 10:00:00,175.0,673.0,155.0,0.0,139.0,25.0
2024-06-07 11:00:00,174.0,690.0,155.0,0.0,137.0,27.0
2024-06-07 12:00:00,174.0,725.0,198.0,0.0,54.0,43.0
2024-06-07 13:00:00,174.0,745.0,228.0,2.0,53.0,36.0
2024-06-07 14:00:00,174.0,742.0,194.0,153.0,52.0,25.0
2024-06-07 15:00:00,174.0,682.0,133.0,549.0,52.0,24.0
2024-06-07 16:00:00,176.0,658.0,132.0,846.0,52.0,23.0
2024-06-07 17:00:00,227.0,655.0,132.0,974.0,0.0,22.0
2024-06-07 18:00:00,280.0,656.0,134.0,1039.0,0.0,22.0
2024-06-07 19:00:00,334.0,655.0,141.0,1066.0,0.0,21.0
2024-06-07 20:00:00,288.0,659.0,139.0,1079.0,0.0,21.0
2024-06-07 21:00:00,256.0,657.0,116.0,1084.0,0.0,33.0
2024-06-07 22:00:00,184.0,660.0,114.0,1079.0,41.0,89.0
2024-06-07 23:00:00,177.0,655.0,144.0,1028.0,61.0,129.0
2024-06-08 00:00:00,201.0,670.0,144.0,936.0,133.0,191.0
2024-06-08 01:00:00,177.0,723.0,152.0,766.0,136.0,196.0
2024-06-08 02:00:00,174.0,994.0,226.0,417.0,151.0,173.0
2024-06-08 03:00:00,177.0,1359.0,241.0,62.0,368.0,253.0
2024-06-08 04:00:00,253.0,1441.0,246.0,0.0,271.0,214.0
2024-06-08 05:00:00,284.0,1413.0,248.0,0.0,263.0,149.0
2024-06-08 06:00:00,196.0,1316.0,248.0,0.0,229.0,83.0
2024-06-08 07:00:00,181.0,1239.0,230.0,0.0,33.0,48.0
2024-06-08 08:00:00,175.0,984.0,245.0,0.0,30.0,29.0
2024-06-08 09:00:00,175.0,625.0,181.0,0.0,30.0,29.0
2024-06-08 10:00:00,175.0,568.0,154.0,0.0,30.0,25.0
2024-06-08 11:00:00,175.0,607.0,148.0,0.0,30.0,25.0
2024-06-08 12:00:00,177.0,579.0,149.0,0.0,30.0,25.0
2024-06-08 13:00:00,177.0,589.0,153.0,2.0,30.0,25.0
2024-06-08 14:00:00,207.0,605.0,137.0,165.0,30.0,25.0
2024-06-08 15:00:00,209.0,558.0,129.0,595.0,32.0,24.0
2024-06-08 16:00:00,261.0,559.0,111.0,893.0,0.0,23.0
2024-06-08 17:00:00,265.0,562.0,111.0,1007.0,0.0,19.0
2024-06-08 18:00:00,281.0,636.0,111.0,1068.0,0.0,8.0
2024-06-08 19:00:00,275.0,624.0,111.0,1098.0,0.0,3.0
2024-06-08 20:00:00,301.0,558.0,112.0,1098.0,0.0,7.0
2024-06-08 21:00:00,272.0,560.0,111.0,1100.0,0.0,17.0
2024-06-08 22:00:00,246.0,556.0,100.0,1098.0,0.0,23.0
2024-06-08 23:00:00,182.0,560.0,103.0,1029.0,0.0,22.0
2024-06-09 00:00:00,175.0,673.0,130.0,918.0,0.0,26.0
2024-06-09 01:00:00,174.0,798.0,159.0,742.0,27.0,31.0
2024-06-09 02:00:00,175.0,872.0,234.0,391.0,415.0,27.0
2024-06-09 03:00:00,207.0,1058.0,242.0,52.0,408.0,26.0
2024-06-09 04:00:00,193.0,1217.0,240.0,0.0,410.0,25.0
2024-06-09 05:00:00,176.0,1143.0,233.0,0.0,408.0,32.0
2024-06-09 06:00:00,175.0,856.0,237.0,0.0,220.0,40.0
2024-06-09 07:00:00,177.0,773.0,237.0,0.0,221.0,25.0
2024-06-09 08:00:00,174.0,569.0,179.0,0.0,219.0,25.0
2024-06-09 09:00:00,173.0,526.0,151.0,0.0,29.0,25.0
2024-06-09 10:00:00,173.0,501.0,140.0,0.0,31.0,25.0
2024-06-09 11:00:00,174.0,497.0,134.0,0.0,31.0,25.0
2024-06-09 12:00:00,174.0,498.0,134.0,0.0,31.0,45.0
2024-06-09 13:00:00,174.0,541.0,130.0,2.0,30.0,106.0
2024-06-09 14:00:00,174.0,499.0,124.0,181.0,30.0,68.0
2024-06-09 15:00:00,175.0,491.0,117.0,603.0,0.0,83.0
2024-06-09 16:00:00,202.0,356.0,116.0,850.0,0.0,128.0
2024-06-09 17:00:00,177.0,355.0,115.0,859.0,0.0,125.0
2024-06-09 18:00:00,176.0,362.0,124.0,947.0,0.0,122.0
2024-06-09 19:00:00,201.0,359.0,129.0,963.0,0.0,117.0
2024-06-09 20:00:00,180.0,365.0,130.0,980.0,0.0,139.0
2024-06-09 21:00:00,265.0,358.0,128.0,1114.0,0.0,144.0
2024-06-09 22:00:00,290.0,363.0,123.0,933.0,0.0,163.0
2024-06-09 23:00:00,198.0,380.0,111.0,1009.0,122.0,191.0
2024-06-10 00:00:00,179.0,405.0,114.0,928.0,140.0,193.0
2024-06-10 01:00:00,263.0,497.0,130.0,785.0,141.0,200.0
2024-06-10 02:00:00,233.0,559.0,162.0,419.0,526.0,189.0
2024-06-10 03:00:00,182.0,698.0,242.0,70.0,513.0,163.0
2024-06-10 04:00:00,271.0,712.0,243.0,0.0,409.0,94.0
2024-06-10 05:00:00,220.0,676.0,242.0,0.0,407.0,120.0
2024-06-10 06:00:00,176.0,553.0,247.0,0.0,221.0,137.0
2024-06-10 07:00:00,175.0,550.0,241.0,0.0,221.0,150.0
2024-06-10 08:00:00,175.0,622.0,176.0,0.0,219.0,122.0
2024-06-10 09:00:00,193.0,623.0,198.0,0.0,28.0,116.0
2024-06-10 10:00:00,192.0,548.0,144.0,0.0,29.0,145.0
2024-06-10 11:00:00,191.0,558.0,142.0,0.0,30.0,128.0
2024-06-10 12:00:00,190.0,564.0,179.0,0.0,29.0,106.0
2024-06-10 13:00:00,176.0,595.0,208.0,3.0,30.0,119.0
2024-06-10 14:00:00,174.0,601.0,140.0,184.0,30.0,62.0
2024-06-10 15:00:00,174.0,518.0,130.0,620.0,29.0,17.0
2024-06-10 16:00:00,174.0,432.0,128.0,924.0,29.0,5.0
2024-06-10 17:00:00,177.0,407.0,114.0,1047.0,49.0,4.0
2024-06-10 18:00:00,177.0,302.0,111.0,1111.0,29.0,7.0
2024-06-10 19:00:00,175.0,270.0,110.0,1131.0,30.0,5.0
2024-06-10 20:00:00,175.0,405.0,114.0,1129.0,30.0,2.0
2024-06-10 21:00:00,174.0,429.0,131.0,1126.0,31.0,3.0
2024-06-10 22:00:00,173.0,466.0,130.0,1112.0,30.0,3.0
2024-06-10 23:00:00,173.0,526.0,145.0,1052.0,26.0,4.0
2024-06-11 00:00:00,174.0,606.0,153.0,953.0,177.0,6.0
2024-06-11 01:00:00,174.0,667.0,162.0,782.0,220.0,21.0
2024-06-11 02:00:00,182.0,826.0,203.0,427.0,233.0,28.0
2024-06-11 03:00:00,325.0,1021.0,238.0,65.0,264.0,30.0
2024-06-11 04:00:00,380.0,1073.0,241.0,0.0,272.0,33.0
2024-06-11 05:00:00,335.0,1034.0,221.0,0.0,265.0,29.0
2024-06-11 06:00:00,272.0,1014.0,242.0,0.0,28.0,53.0
2024-06-11 07:00:00,281.0,997.0,242.0,0.0,30.0,37.0
2024-06-11 08:00:00,231.0,1000.0,232.0,0.0,31.0,23.0
2024-06-11 09:00:00,233.0,994.0,186.0,0.0,30.0,21.0
2024-06-11 10:00:00,235.0,963.0,162.0,0.0,30.0,20.0
2024-06-11 11:00:00,237.0,825.0,157.0,0.0,31.0,21.0
2024-06-11 12:00:00,238.0,941.0,166.0,0.0,30.0,12.0
2024-06-11 13:00:00,284.0,965.0,228.0,4.0,30.0,8.0
2024-06-11 14:00:00,241.0,859.0,179.0,191.0,30.0,9.0
2024-06-11 15:00:00,183.0,673.0,146.0,631.0,30.0,2.0
2024-06-11 16:00:00,177.0,662.0,138.0,916.0,30.0,0.0
2024-06-11 17:00:00,177.0,664.0,132.0,1032.0,30.0,0.0
2024-06-11 18:00:00,174.0,661.0,130.0,1093.0,30.0,1.0
2024-06-11 19:00:00,177.0,659.0,147.0,1101.0,30.0,1.0
2024-06-11 20:00:00,175.0,683.0,156.0,1095.0,30.0,3.0
2024-06-11 21:00:00,180.0,764.0,166.0,1092.0,30.0,2.0
2024-06-11 22:00:00,180.0,875.0,147.0,999.0,30.0,0.0
2024-06-11 23:00:00,180.0,961.0,143.0,933.0,30.0,0.0
2024-06-12 00:00:00,183.0,967.0,146.0,908.0,30.0,4.0
2024-06-12 01:00:00,260.0,987.0,156.0,754.0,30.0,23.0
2024-06-12 02:00:00,268.0,1262.0,203.0,417.0,30.0,24.0
2024-06-12 03:00:00,370.0,1461.0,246.0,65.0,30.0,34.0
2024-06-12 04:00:00,367.0,1472.0,243.0,0.0,30.0,91.0
2024-06-12 05:00:00,338.0,1476.0,247.0,0.0,30.0,152.0
2024-06-12 06:00:00,221.0,1475.0,248.0,0.0,30.0,203.0
2024-06-12 07:00:00,177.0,1322.0,246.0,0.0,30.0,121.0
2024-06-12 08:00:00,179.0,1209.0,222.0,0.0,30.0,87.0
2024-06-12 09:00:00,219.0,1203.0,168.0,0.0,30.0,67.0
2024-06-12 10:00:00,218.0,1204.0,176.0,0.0,30.0,61.0
2024-06-12 11:00:00,178.0,1187.0,175.0,0.0,30.0,77.0
2024-06-12 12:00:00,176.0,1192.0,162.0,0.0,30.0,89.0
2024-06-12 13:00:00,175.0,1199.0,220.0,4.0,30.0,78.0
2024-06-12 14:00:00,178.0,1102.0,176.0,189.0,30.0,68.0
2024-06-12 15:00:00,249.0,697.0,141.0,628.0,31.0,60.0
2024-06-12 16:00:00,188.0,646.0,135.0,913.0,34.0,91.0
2024-06-12 17:00:00,178.0,645.0,135.0,1024.0,34.0,181.0
2024-06-12 18:00:00,174.0,644.0,135.0,1090.0,34.0,159.0
2024-06-12 19:00:00,174.0,641.0,136.0,1112.0,34.0,137.0
2024-06-12 20:00:00,173.0,643.0,136.0,1104.0,33.0,139.0
2024-06-12 21:00:00,175.0,668.0,136.0,1096.0,34.0,139.0
2024-06-12 22:00:00,174.0,797.0,136.0,1082.0,35.0,154.0
2024-06-12 23:00:00,175.0,840.0,136.0,1021.0,33.0,196.0
2024-06-13 00:00:00,176.0,662.0,147.0,921.0,33.0,210.0
2024-06-13 01:00:00,174.0,658.0,206.0,771.0,33.0,202.0
2024-06-13 02:00:00,174.0,832.0,242.0,429.0,324.0,195.0
2024-06-13 03:00:00,174.0,1193.0,244.0,65.0,613.0,203.0
2024-06-13 04:00:00,174.0,1212.0,246.0,0.0,617.0,176.0
2024-06-13 05:00:00,174.0,1210.0,247.0,0.0,617.0,160.0
2024-06-13 06:00:00,175.0,1132.0,246.0,0.0,357.0,180.0
2024-06-13 07:00:00,176.0,666.0,235.0,0.0,318.0,196.0
2024-06-13 08:00:00,175.0,591.0,228.0,0.0,238.0,150.0
2024-06-13 09:00:00,175.0,603.0,217.0,0.0,238.0,145.0
2024-06-13 10:00:00,176.0,561.0,213.0,0.0,51.0,201.0
2024-06-13 11:00:00,175.0,550.0,212.0,0.0,49.0,197.0
2024-06-13 12:00:00,175.0,592.0,215.0,0.0,49.0,197.0
2024-06-13 13:00:00,176.0,694.0,225.0,3.0,49.0,154.0
2024-06-13 14:00:00,226.0,661.0,159.0,173.0,50.0,105.0
2024-06-13 15:00:00,183.0,664.0,137.0,597.0,52.0,87.0
2024-06-13 16:00:00,180.0,678.0,131.0,897.0,0.0,162.0
2024-06-13 17:00:00,180.0,675.0,130.0,1019.0,0.0,178.0
2024-06-13 18:00:00,179.0,671.0,137.0,1093.0,0.0,137.0
2024-06-13 19:00:00,178.0,670.0,149.0,1114.0,0.0,143.0
2024-06-13 20:00:00,177.0,677.0,150.0,1100.0,0.0,132.0
2024-06-13 21:00:00,173.0,683.0,158.0,994.0,0.0,137.0
2024-06-13 22:00:00,173.0,714.0,156.0,977.0,0.0,160.0
2024-06-13 23:00:00,174.0,840.0,158.0,985.0,42.0,186.0
2024-06-14 00:00:00,177.0,726.0,163.0,891.0,49.0,232.0
2024-06-14 01:00:00,177.0,705.0,198.0,747.0,50.0,258.0
2024-06-14 02:00:00,174.0,935.0,237.0,438.0,273.0,244.0
2024-06-14 03:00:00,174.0,1206.0,245.0,69.0,379.0,186.0
2024-06-14 04:00:00,174.0,1212.0,248.0,0.0,379.0,179.0
2024-06-14 05:00:00,178.0,1144.0,247.0,0.0,378.0,230.0
2024-06-14 06:00:00,178.0,833.0,248.0,0.0,334.0,176.0
2024-06-14 07:00:00,179.0,717.0,242.0,0.0,150.0,133.0
2024-06-14 08:00:00,179.0,448.0,190.0,0.0,51.0,114.0
2024-06-14 09:00:00,178.0,426.0,170.0,0.0,51.0,95.0
2024-06-14 10:00:00,175.0,488.0,170.0,0.0,53.0,122.0
2024-06-14 11:00:00,177.0,383.0,156.0,0.0,0.0,112.0
2024-06-14 12:00:00,176.0,359.0,154.0,0.0,0.0,147.0
2024-06-14 13:00:00,178.0,460.0,161.0,4.0,0.0,143.0
2024-06-14 14:00:00,178.0,464.0,186.0,186.0,0.0,123.0
2024-06-14 15:00:00,179.0,351.0,114.0,614.0,0.0,113.0
2024-06-14 16:00:00,177.0,351.0,117.0,899.0,0.0,151.0
2024-06-14 17:00:00,174.0,351.0,120.0,1017.0,0.0,164.0
2024-06-14 18:00:00,174.0,351.0,134.0,1086.0,0.0,76.0
2024-06-14 19:00:00,174.0,353.0,136.0,1104.0,44.0,38.0
2024-06-14 20:00:00,174.0,356.0,145.0,1092.0,0.0,28.0
2024-06-14 21:00:00,174.0,351.0,147.0,1079.0,45.0,28.0
2024-06-14 22:00:00,173.0,346.0,151.0,1074.0,54.0,25.0
2024-06-14 23:00:00,174.0,338.0,158.0,1017.0,249.0,26.0
2024-06-15 00:00:00,174.0,307.0,170.0,934.0,330.0,23.0
2024-06-15 01:00:00,174.0,377.0,172.0,796.0,330.0,34.0
2024-06-15 02:00:00,173.0,627.0,230.0,454.0,548.0,141.0
2024-06-15 03:00:00,173.0,938.0,249.0,75.0,588.0,199.0
2024-06-15 04:00:00,173.0,973.0,250.0,0.0,623.0,182.0
2024-06-15 05:00:00,173.0,977.0,251.0,0.0,610.0,175.0
2024-06-15 06:00:00,174.0,913.0,251.0,0.0,148.0,209.0
2024-06-15 07:00:00,175.0,731.0,249.0,0.0,131.0,220.0
2024-06-15 08:00:00,176.0,718.0,181.0,0.0,52.0,230.0
2024-06-15 09:00:00,175.0,715.0,154.0,0.0,52.0,218.0
2024-06-15 10:00:00,176.0,620.0,146.0,0.0,51.0,182.0
2024-06-15 11:00:00,177.0,473.0,159.0,0.0,51.0,140.0
2024-06-15 12:00:00,175.0,467.0,156.0,0.0,51.0,102.0
2024-06-15 13:00:00,177.0,482.0,172.0,3.0,51.0,52.0
2024-06-15 14:00:00,176.0,374.0,170.0,195.0,51.0,56.0
2024-06-15 15:00:00,174.0,163.0,144.0,634.0,50.0,78.0
2024-06-15 16:00:00,176.0,164.0,135.0,939.0,50.0,102.0
2024-06-15 17:00:00,176.0,164.0,128.0,1065.0,50.0,38.0
2024-06-15 18:00:00,175.0,164.0,128.0,1157.0,50.0,26.0
2024-06-15 19:00:00,174.0,164.0,135.0,1167.0,50.0,30.0
2024-06-15 20:00:00,174.0,172.0,146.0,1167.0,50.0,84.0
2024-06-15 21:00:00,174.0,192.0,146.0,1181.0,50.0,145.0
2024-06-15 22:00:00,174.0,373.0,145.0,1169.0,172.0,162.0
2024-06-15 23:00:00,174.0,392.0,158.0,1108.0,195.0,173.0
2024-06-16 00:00:00,175.0,441.0,186.0,1005.0,46.0,207.0
2024-06-16 01:00:00,177.0,585.0,170.0,840.0,67.0,220.0
2024-06-16 02:00:00,191.0,867.0,237.0,476.0,362.0,240.0
2024-06-16 03:00:00,225.0,980.0,241.0,82.0,381.0,233.0
2024-06-16 04:00:00,230.0,933.0,233.0,0.0,336.0,216.0
2024-06-16 05:00:00,209.0,899.0,235.0,0.0,322.0,192.0
2024-06-16 06:00:00,179.0,529.0,234.0,0.0,135.0,149.0
2024-06-16 07:00:00,178.0,547.0,233.0,0.0,129.0,42.0
2024-06-16 08:00:00,174.0,495.0,220.0,0.0,50.0,81.0
2024-06-16 09:00:00,174.0,369.0,160.0,0.0,50.0,142.0
2024-06-16 10:00:00,174.0,309.0,154.0,0.0,50.0,119.0
2024-06-16 11:00:00,174.0,306.0,155.0,0.0,50.0,100.0
2024-06-16 12:00:00,175.0,306.0,146.0,0.0,50.0,139.0
2024-06-16 13:00:00,174.0,305.0,146.0,3.0,50.0,135.0
2024-06-16 14:00:00,174.0,333.0,132.0,194.0,53.0,107.0
2024-06-16 15:00:00,174.0,307.0,117.0,611.0,0.0,80.0
2024-06-16 16:00:00,174.0,306.0,100.0,906.0,0.0,87.0
2024-06-16 17:00:00,174.0,307.0,98.0,1033.0,0.0,63.0
2024-06-16 18:00:00,174.0,307.0,99.0,1117.0,0.0,47.0
2024-06-16 19:00:00,174.0,306.0,110.0,1156.0,0.0,30.0
2024-06-16 20:00:00,174.0,348.0,122.0,1169.0,0.0,22.0
2024-06-16 21:00:00,174.0,346.0,126.0,1176.0,0.0,21.0
2024-06-16 22:00:00,173.0,352.0,135.0,1157.0,0.0,21.0
2024-06-16 23:00:00,174.0,396.0,135.0,1090.0,20.0,22.0
2024-06-17 00:00:00,174.0,395.0,149.0,985.0,55.0,22.0
2024-06-17 01:00:00,174.0,428.0,157.0,815.0,68.0,51.0
2024-06-17 02:00:00,174.0,538.0,188.0,435.0,350.0,139.0
2024-06-17 03:00:00,174.0,731.0,241.0,69.0,365.0,199.0
2024-06-17 04:00:00,174.0,872.0,242.0,0.0,356.0,204.0
2024-06-17 05:00:00,174.0,832.0,242.0,0.0,329.0,225.0
2024-06-17 06:00:00,175.0,598.0,242.0,0.0,148.0,231.0
2024-06-17 07:00:00,175.0,481.0,182.0,0.0,136.0,200.0
2024-06-17 08:00:00,175.0,354.0,164.0,0.0,138.0,173.0
2024-06-17 09:00:00,174.0,387.0,153.0,0.0,138.0,152.0
2024-06-17 10:00:00,173.0,460.0,160.0,0.0,118.0,161.0
2024-06-17 11:00:00,173.0,432.0,156.0,0.0,50.0,186.0
2024-06-17 12:00:00,174.0,457.0,160.0,0.0,51.0,202.0
2024-06-17 13:00:00,174.0,488.0,195.0,3.0,51.0,170.0
2024-06-17 14:00:00,174.0,448.0,182.0,192.0,51.0,134.0
2024-06-17 15:00:00,173.0,354.0,135.0,618.0,51.0,153.0
2024-06-17 16:00:00,173.0,361.0,128.0,917.0,38.0,207.0
2024-06-17 17:00:00,174.0,366.0,120.0,1046.0,37.0,249.0
2024-06-17 18:00:00,175.0,388.0,126.0,1124.0,0.0,241.0
2024-06-17 19:00:00,175.0,501.0,128.0,1157.0,0.0,251.0
2024-06-17 20:00:00,175.0,505.0,129.0,1177.0,0.0,248.0
2024-06-17 21:00:00,174.0,505.0,133.0,1192.0,0.0,239.0
2024-06-17 22:00:00,173.0,502.0,144.0,1181.0,0.0,232.0
2024-06-17 23:00:00,174.0,542.0,146.0,1075.0,53.0,224.0
2024-06-18 00:00:00,174.0,493.0,151.0,968.0,45.0,252.0
2024-06-18 01:00:00,176.0,600.0,166.0,451.0,0.0,280.0
2024-06-18 02:00:00,189.0,683.0,180.0,116.0,22.0,276.0
2024-06-18 03:00:00,175.0,657.0,228.0,56.0,202.0,278.0
2024-06-18 04:00:00,174.0,688.0,237.0,1.0,232.0,274.0
2024-06-18 05:00:00,174.0,548.0,194.0,0.0,214.0,272.0
2024-06-18 06:00:00,174.0,502.0,159.0,0.0,27.0,234.0
2024-06-18 07:00:00,174.0,469.0,155.0,0.0,29.0,173.0
2024-06-18 08:00:00,176.0,528.0,160.0,0.0,30.0,157.0
2024-06-18 09:00:00,175.0,531.0,147.0,0.0,32.0,141.0
2024-06-18 10:00:00,177.0,544.0,141.0,0.0,32.0,126.0
2024-06-18 11:00:00,177.0,577.0,134.0,0.0,32.0,134.0
2024-06-18 12:00:00,177.0,609.0,147.0,0.0,32.0,100.0
2024-06-18 13:00:00,178.0,675.0,163.0,4.0,33.0,88.0
2024-06-18 14:00:00,179.0,676.0,176.0,191.0,32.0,61.0
2024-06-18 15:00:00,176.0,790.0,143.0,645.0,33.0,54.0
2024-06-18 16:00:00,176.0,831.0,144.0,960.0,0.0,75.0
2024-06-18 17:00:00,176.0,840.0,142.0,1082.0,0.0,81.0
2024-06-18 18:00:00,176.0,840.0,134.0,1130.0,0.0,73.0
2024-06-18 19:00:00,176.0,837.0,131.0,1158.0,0.0,58.0
2024-06-18 20:00:00,178.0,835.0,129.0,1129.0,0.0,38.0
2024-06-18 21:00:00,176.0,834.0,135.0,1114.0,0.0,33.0
2024-06-18 22:00:00,173.0,838.0,148.0,1160.0,0.0,47.0
2024-06-18 23:00:00,173.0,883.0,160.0,1104.0,30.0,47.0
2024-06-19 00:00:00,174.0,1000.0,166.0,833.0,36.0,49.0
2024-06-19 01:00:00,175.0,945.0,177.0,485.0,239.0,51.0
2024-06-19 02:00:00,176.0,1007.0,241.0,414.0,315.0,42.0
2024-06-19 03:00:00,177.0,1194.0,243.0,85.0,329.0,81.0
2024-06-19 04:00:00,177.0,1195.0,245.0,0.0,326.0,100.0
2024-06-19 05:00:00,176.0,1062.0,245.0,0.0,326.0,86.0
2024-06-19 06:00:00,174.0,850.0,245.0,0.0,321.0,51.0
2024-06-19 07:00:00,174.0,823.0,189.0,0.0,134.0,53.0
2024-06-19 08:00:00,174.0,886.0,222.0,0.0,138.0,46.0
2024-06-19 09:00:00,173.0,945.0,219.0,0.0,137.0,50.0
2024-06-19 10:00:00,173.0,852.0,167.0,0.0,136.0,63.0
2024-06-19 11:00:00,173.0,740.0,145.0,0.0,137.0,93.0
2024-06-19 12:00:00,174.0,702.0,184.0,0.0,137.0,55.0
2024-06-19 13:00:00,174.0,691.0,195.0,3.0,138.0,49.0
2024-06-19 14:00:00,174.0,749.0,147.0,191.0,136.0,52.0
2024-06-19 15:00:00,174.0,668.0,140.0,641.0,136.0,43.0
2024-06-19 16:00:00,175.0,629.0,133.0,944.0,0.0,53.0
2024-06-19 17:00:00,175.0,628.0,129.0,1076.0,0.0,28.0
2024-06-19 18:00:00,175.0,629.0,129.0,1155.0,0.0,17.0
2024-06-19 19:00:00,174.0,630.0,137.0,1167.0,0.0,15.0
2024-06-19 20:00:00,174.0,629.0,145.0,1170.0,0.0,11.0
2024-06-19 21:00:00,174.0,629.0,156.0,1166.0,0.0,16.0
2024-06-19 22:00:00,173.0,628.0,164.0,1149.0,0.0,20.0
2024-06-19 23:00:00,173.0,630.0,165.0,1086.0,135.0,22.0
2024-06-20 00:00:00,173.0,634.0,174.0,977.0,320.0,31.0
2024-06-20 01:00:00,174.0,635.0,180.0,808.0,323.0,46.0
2024-06-20 02:00:00,173.0,833.0,208.0,452.0,325.0,60.0
2024-06-20 03:00:00,173.0,999.0,242.0,79.0,257.0,100.0
2024-06-20 04:00:00,174.0,947.0,244.0,0.0,234.0,102.0
2024-06-20 05:00:00,174.0,891.0,245.0,0.0,235.0,66.0
2024-06-20 06:00:00,174.0,680.0,246.0,0.0,240.0,31.0
2024-06-20 07:00:00,190.0,709.0,237.0,3.0,253.0,28.0
2024-06-20 08:00:00,276.0,711.0,234.0,0.0,140.0,26.0
2024-06-20 09:00:00,195.0,697.0,210.0,0.0,45.0,25.0
2024-06-20 10:00:00,176.0,583.0,148.0,0.0,45.0,25.0
2024-06-20 11:00:00,175.0,492.0,141.0,0.0,45.0,25.0
2024-06-20 12:00:00,175.0,540.0,181.0,0.0,45.0,24.0
2024-06-20 13:00:00,175.0,541.0,189.0,3.0,46.0,23.0
2024-06-20 14:00:00,174.0,602.0,233.0,186.0,47.0,19.0
2024-06-20 15:00:00,174.0,783.0,233.0,621.0,48.0,12.0
2024-06-20 16:00:00,172.0,782.0,235.0,929.0,0.0,7.0
2024-06-20 17:00:00,173.0,782.0,234.0,1070.0,0.0,1.0
2024-06-20 18:00:00,174.0,782.0,234.0,1143.0,0.0,0.0
2024-06-20 19:00:00,175.0,789.0,235.0,1162.0,0.0,0.0
2024-06-20 20:00:00,178.0,796.0,264.0,1160.0,0.0,0.0
2024-06-20 21:00:00,175.0,811.0,269.0,1121.0,20.0,13.0
2024-06-20 22:00:00,175.0,779.0,226.0,1136.0,157.0,64.0
2024-06-20 23:00:00,174.0,818.0,178.0,1071.0,64.0,86.0
2024-06-21 00:00:00,176.0,679.0,181.0,961.0,40.0,127.0
2024-06-21 01:00:00,176.0,733.0,184.0,799.0,40.0,78.0
2024-06-21 02:00:00,174.0,938.0,208.0,458.0,228.0,58.0
2024-06-21 03:00:00,173.0,1196.0,241.0,80.0,262.0,40.0
2024-06-21 04:00:00,175.0,1203.0,245.0,0.0,277.0,31.0
2024-06-21 05:00:00,173.0,1193.0,246.0,0.0,234.0,34.0
2024-06-21 06:00:00,176.0,1201.0,247.0,0.0,37.0,39.0
2024-06-21 07:00:00,174.0,1171.0,235.0,0.0,37.0,32.0
2024-06-21 08:00:00,174.0,1095.0,188.0,0.0,39.0,25.0
2024-06-21 09:00:00,173.0,814.0,112.0,0.0,39.0,27.0
2024-06-21 10:00:00,172.0,628.0,104.0,0.0,39.0,25.0
2024-06-21 11:00:00,173.0,689.0,104.0,0.0,39.0,25.0
2024-06-21 12:00:00,174.0,686.0,155.0,0.0,39.0,27.0
2024-06-21 13:00:00,174.0,696.0,167.0,3.0,39.0,35.0
2024-06-21 14:00:00,174.0,653.0,159.0,194.0,37.0,29.0
2024-06-21 15:00:00,175.0,512.0,110.0,644.0,36.0,19.0
2024-06-21 16:00:00,177.0,503.0,110.0,941.0,37.0,15.0
2024-06-21 17:00:00,175.0,506.0,112.0,1064.0,37.0,62.0
2024-06-21 18:00:00,175.0,528.0,112.0,1136.0,37.0,103.0
2024-06-21 19:00:00,175.0,515.0,111.0,1159.0,37.0,115.0
2024-06-21 20:00:00,175.0,508.0,112.0,1157.0,37.0,128.0
2024-06-21 21:00:00,174.0,489.0,122.0,1157.0,38.0,148.0
2024-06-21 22:00:00,173.0,571.0,150.0,1131.0,38.0,151.0
2024-06-21 23:00:00,176.0,680.0,197.0,1062.0,48.0,121.0
2024-06-22 00:00:00,213.0,739.0,181.0,948.0,269.0,146.0
2024-06-22 01:00:00,190.0,1098.0,206.0,787.0,247.0,149.0
2024-06-22 02:00:00,207.0,1351.0,4.0,464.0,365.0,136.0
2024-06-22 03:00:00,215.0,1573.0,0.0,81.0,379.0,161.0
2024-06-22 04:00:00,259.0,1591.0,0.0,0.0,377.0,106.0
2024-06-22 05:00:00,195.0,1600.0,0.0,0.0,376.0,88.0
2024-06-22 06:00:00,174.0,1469.0,0.0,0.0,138.0,79.0
2024-06-22 07:00:00,177.0,1462.0,0.0,0.0,137.0,27.0
2024-06-22 08:00:00,182.0,1461.0,0.0,0.0,137.0,16.0
2024-06-22 09:00:00,178.0,1386.0,0.0,0.0,138.0,11.0
2024-06-22 10:00:00,175.0,1201.0,0.0,0.0,137.0,10.0
2024-06-22 11:00:00,174.0,1194.0,0.0,0.0,137.0,30.0
2024-06-22 12:00:00,173.0,1196.0,0.0,0.0,137.0,35.0
2024-06-22 13:00:00,173.0,1196.0,0.0,3.0,137.0,17.0
2024-06-22 14:00:00,174.0,830.0,0.0,197.0,137.0,34.0
2024-06-22 15:00:00,174.0,487.0,0.0,646.0,137.0,26.0
2024-06-22 16:00:00,173.0,462.0,0.0,933.0,129.0,54.0
2024-06-22 17:00:00,172.0,480.0,0.0,1060.0,49.0,113.0
2024-06-22 18:00:00,174.0,506.0,0.0,1122.0,49.0,93.0
2024-06-22 19:00:00,175.0,490.0,0.0,1159.0,49.0,126.0
2024-06-22 20:00:00,174.0,528.0,0.0,1163.0,49.0,117.0
2024-06-22 21:00:00,177.0,584.0,0.0,1149.0,49.0,117.0
2024-06-22 22:00:00,271.0,695.0,0.0,1120.0,49.0,142.0
2024-06-22 23:00:00,277.0,988.0,0.0,1070.0,49.0,152.0
2024-06-23 00:00:00,199.0,1347.0,0.0,918.0,49.0,173.0
2024-06-23 01:00:00,198.0,1459.0,0.0,752.0,52.0,166.0
2024-06-23 02:00:00,204.0,1666.0,0.0,469.0,290.0,169.0
2024-06-23 03:00:00,236.0,1703.0,0.0,89.0,310.0,173.0
2024-06-23 04:00:00,199.0,1788.0,0.0,0.0,378.0,177.0
2024-06-23 05:00:00,192.0,1697.0,0.0,0.0,375.0,149.0
2024-06-23 06:00:00,198.0,1701.0,0.0,0.0,135.0,125.0
2024-06-23 07:00:00,196.0,1706.0,0.0,0.0,135.0,104.0
2024-06-23 08:00:00,190.0,1707.0,0.0,0.0,136.0,109.0
2024-06-23 09:00:00,183.0,1628.0,0.0,0.0,135.0,84.0
2024-06-23 10:00:00,177.0,1317.0,0.0,0.0,135.0,99.0
2024-06-23 11:00:00,176.0,1200.0,0.0,0.0,135.0,117.0
2024-06-23 12:00:00,179.0,1199.0,0.0,0.0,135.0,104.0
2024-06-23 13:00:00,183.0,1181.0,0.0,3.0,124.0,87.0
2024-06-23 14:00:00,182.0,701.0,0.0,184.0,49.0,87.0
2024-06-23 15:00:00,182.0,478.0,0.0,623.0,49.0,83.0
2024-06-23 16:00:00,193.0,470.0,0.0,911.0,49.0,120.0
2024-06-23 17:00:00,195.0,486.0,0.0,1038.0,49.0,153.0
2024-06-23 18:00:00,198.0,560.0,0.0,1108.0,48.0,105.0
2024-06-23 19:00:00,202.0,716.0,0.0,1136.0,48.0,112.0
2024-06-23 20:00:00,212.0,799.0,0.0,1145.0,48.0,138.0
2024-06-23 21:00:00,217.0,1253.0,0.0,1059.0,48.0,99.0
2024-06-23 22:00:00,218.0,1476.0,0.0,968.0,48.0,107.0
2024-06-23 23:00:00,220.0,1599.0,0.0,935.0,273.0,107.0
2024-06-24 00:00:00,296.0,1838.0,0.0,810.0,291.0,55.0
2024-06-24 01:00:00,257.0,1822.0,0.0,669.0,291.0,35.0
2024-06-24 02:00:00,294.0,1731.0,0.0,476.0,315.0,91.0
2024-06-24 03:00:00,356.0,1907.0,0.0,83.0,379.0,80.0
2024-06-24 04:00:00,439.0,1954.0,0.0,0.0,379.0,146.0
2024-06-24 05:00:00,502.0,1788.0,0.0,0.0,378.0,178.0
2024-06-24 06:00:00,550.0,1726.0,0.0,0.0,151.0,206.0
2024-06-24 07:00:00,583.0,1579.0,0.0,0.0,135.0,211.0
2024-06-24 08:00:00,595.0,1494.0,0.0,0.0,136.0,203.0
2024-06-24 09:00:00,589.0,1446.0,0.0,0.0,135.0,186.0
2024-06-24 10:00:00,587.0,1374.0,0.0,0.0,136.0,180.0
2024-06-24 11:00:00,593.0,1219.0,0.0,0.0,136.0,196.0
2024-06-24 12:00:00,635.0,1186.0,0.0,0.0,135.0,187.0
2024-06-24 13:00:00,631.0,1242.0,0.0,2.0,81.0,153.0
2024-06-24 14:00:00,652.0,1240.0,7.0,172.0,49.0,88.0
2024-06-24 15:00:00,681.0,1152.0,16.0,571.0,49.0,118.0
2024-06-24 16:00:00,601.0,984.0,34.0,895.0,50.0,149.0
2024-06-24 17:00:00,464.0,1171.0,46.0,1020.0,51.0,123.0
2024-06-24 18:00:00,353.0,1223.0,101.0,1103.0,51.0,59.0
2024-06-24 19:00:00,343.0,1231.0,140.0,1033.0,51.0,50.0
2024-06-24 20:00:00,366.0,1416.0,201.0,1077.0,51.0,61.0
2024-06-24 21:00:00,,,234.0,,,
2024-06-24 22:00:00,,,248.0,,,
2024-06-24 23:00:00,,,231.0,,,
2024-06-25 00:00:00,,,232.0,,,
2024-06-25 01:00:00,,,222.0,,,
2024-06-25 02:00:00,,,238.0,,,
2024-06-25 03:00:00,,,241.0,,,
2024-06-25 04:00:00,,,241.0,,,
2024-06-25 05:00:00,,,250.0,,,
2024-06-25 06:00:00,,,248.0,,,
2024-06-25 07:00:00,,,235.0,,,
2024-06-25 08:00:00,,,246.0,,,
2024-06-25 09:00:00,,,250.0,,,
2024-06-25 10:00:00,,,247.0,,,
2024-06-25 11:00:00,,,245.0,,,
2024-06-25 12:00:00,,,247.0,,,
2024-06-25 13:00:00,,,245.0,,,
2024-06-25 14:00:00,,,230.0,,,
2024-06-25 15:00:00,,,221.0,,,
2024-06-25 16:00:00,,,215.0,,,
2024-06-25 17:00:00,,,223.0,,,
2024-06-25 18:00:00,,,239.0,,,
2024-06-25 19:00:00,,,247.0,,,
2024-06-25 20:00:00,,,249.0,,,
2024-06-25 21:00:00,,,248.0,,,
2024-06-25 22:00:00,,,229.0,,,
2024-06-25 23:00:00,,,231.0,,,
2024-06-26 00:00:00,,,218.0,,,
2024-06-26 01:00:00,,,219.0,,,
2024-06-26 02:00:00,,,228.0,,,
2024-06-26 03:00:00,,,232.0,,,
2024-06-26 04:00:00,,,244.0,,,
2024-06-26 05:00:00,,,253.0,,,
2024-06-26 06:00:00,,,249.0,,,
2024-06-26 07:00:00,,,248.0,,,
2024-06-26 08:00:00,,,248.0,,,
2024-06-26 09:00:00,,,244.0,,,
2024-06-26 10:00:00,,,237.0,,,
2024-06-26 11:00:00,,,233.0,,,
2024-06-26 12:00:00,,,231.0,,,
2024-06-26 13:00:00,,,235.0,,,
2024-06-26 14:00:00,,,217.0,,,
2024-06-26 15:00:00,,,148.0,,,
2024-06-26 16:00:00,,,143.0,,,
2024-06-26 17:00:00,,,143.0,,,
2024-06-26 18:00:00,,,152.0,,,
2024-06-26 19:00:00,,,161.0,,,
2024-06-26 20:00:00,,,162.0,,,
2024-06-26 21:00:00,,,165.0,,,
2024-06-26 22:00:00,,,203.0,,,
2024-06-26 23:00:00,,,198.0,,,
2024-06-27 00:00:00,,,239.0,,,
2024-06-27 01:00:00,,,234.0,,,
2024-06-27 02:00:00,,,238.0,,,
2024-06-27 03:00:00,,,241.0,,,
2024-06-27 04:00:00,,,241.0,,,
2024-06-27 05:00:00,,,250.0,,,
2024-06-27 06:00:00,,,254.0,,,
2024-06-27 07:00:00,,,255.0,,,
2024-06-27 08:00:00,,,255.0,,,
2024-06-27 09:00:00,,,244.0,,,
2024-06-27 10:00:00,,,237.0,,,
2024-06-27 11:00:00,,,235.0,,,
2024-06-27 12:00:00,,,227.0,,,
2024-06-27 13:00:00,,,234.0,,,
2024-06-27 14:00:00,,,219.0,,,
2024-06-27 15:00:00,,,162.0,,,
2024-06-27 16:00:00,,,151.0,,,
2024-06-27 17:00:00,,,151.0,,,
2024-06-27 18:00:00,,,160.0,,,
2024-06-27 19:00:00,,,170.0,,,
2024-06-27 20:00:00,,,175.0,,,
2024-06-27 21:00:00,,,175.0,,,
2024-06-27 22:00:00,,,175.0,,,
2024-06-27 23:00:00,,,175.0,,,
2024-06-28 00:00:00,,,175.0,,,
2024-06-28 01:00:00,,,175.0,,,
2024-06-28 02:00:00,,,175.0,,,
2024-06-28 03:00:00,,,175.0,,,
2024-06-28 04:00:00,,,175.0,,,
2024-06-28 05:00:00,,,175.0,,,
2024-06-28 06:00:00,,,175.0,,,
2024-06-28 07:00:00,,,175.0,,,
2024-06-28 08:00:00,,,175.0,,,
2024-06-28 09:00:00,,,175.0,,,
2024-06-28 10:00:00,,,175.0,,,
2024-06-28 11:00:00,,,175.0,,,
2024-06-28 12:00:00,,,175.0,,,
2024-06-28 13:00:00,,,175.0,,,
2024-06-28 14:00:00,,,175.0,,,
2024-06-28 15:00:00,,,175.0,,,
2024-06-28 16:00:00,,,175.0,,,
2024-06-28 17:00:00,,,175.0,,,
2024-06-28 18:00:00,,,175.0,,,
2024-06-28 19:00:00,,,175.0,,,
2024-06-28 20:00:00,,,175.0,,,
2024-06-28 21:00:00,,,175.0,,,
2024-06-28 22:00:00,,,175.0,,,
2024-06-28 23:00:00,,,175.0,,,
2024-06-29 00:00:00,,,175.0,,,
2024-06-29 01:00:00,,,175.0,,,
2024-06-29 02:00:00,,,175.0,,,
2024-06-29 03:00:00,,,175.0,,,
2024-06-29 04:00:00,,,175.0,,,
2024-06-29 05:00:00,,,175.0,,,
2024-06-29 06:00:00,,,175.0,,,
2024-06-29 07:00:00,,,175.0,,,
2024-06-29 08:00:00,,,175.0,,,
2024-06-29 09:00:00,,,175.0,,,
2024-06-29 10:00:00,,,175.0,,,
2024-06-29 11:00:00,,,175.0,,,
2024-06-29 12:00:00,,,175.0,,,
2024-06-29 13:00:00,,,175.0,,,
2024-06-29 14:00:00,,,175.0,,,
2024-06-29 15:00:00,,,175.0,,,
2024-06-29 16:00:00,,,175.0,,,
2024-06-29 17:00:00,,,175.0,,,
2024-06-29 18:00:00,,,175.0,,,
2024-06-29 19:00:00,,,175.0,,,
2024-06-29 20:00:00,,,175.0,,,
2024-06-29 21:00:00,,,175.0,,,
2024-06-29 22:00:00,,,175.0,,,
2024-06-29 23:00:00,,,175.0,,,
2024-06-30 00:00:00,,,175.0,,,
2024-06-30 01:00:00,,,175.0,,,
2024-06-30 02:00:00,,,175.0,,,
2024-06-30 03:00:00,,,175.0,,,
2024-06-30 04:00:00,,,175.0,,,
2024-06-30 05:00:00,,,175.0,,,
2024-06-30 06:00:00,,,175.0,,,
2024-06-30 07:00:00,,,175.0,,,
2024-06-30 08:00:00,,,175.0,,,
2024-06-30 09:00:00,,,175.0,,,
2024-06-30 10:00:00,,,175.0,,,
2024-06-30 11:00:00,,,175.0,,,
2024-06-30 12:00:00,,,175.0,,,
2024-06-30 13:00:00,,,175.0,,,
2024-06-30 14:00:00,,,175.0,,,
2024-06-30 15:00:00,,,175.0,,,
2024-06-30 16:00:00,,,175.0,,,
2024-06-30 17:00:00,,,175.0,,,
2024-06-30 18:00:00,,,175.0,,,
2024-06-30 19:00:00,,,175.0,,,
2024-06-30 20:00:00,,,175.0,,,
2024-06-30 21:00:00,,,175.0,,,
2024-06-30 22:00:00,,,175.0,,,
2024-06-30 23:00:00,,,175.0,,,
2024-07-01 00:00:00,,,175.0,,,
2024-07-01 01:00:00,,,175.0,,,
2024-07-01 02:00:00,,,175.0,,,
2024-07-01 03:00:00,,,175.0,,,
2024-07-01 04:00:00,,,175.0,,,
2024-07-01 05:00:00,,,175.0,,,
2024-07-01 06:00:00,,,175.0,,,
2024-07-01 07:00:00,,,175.0,,,
2024-07-01 08:00:00,,,175.0,,,
2024-07-01 09:00:00,,,175.0,,,
2024-07-01 10:00:00,,,175.0,,,
2024-07-01 11:00:00,,,175.0,,,
2024-07-01 12:00:00,,,175.0,,,
2024-07-01 13:00:00,,,175.0,,,
2024-07-01 14:00:00,,,175.0,,,
2024-07-01 15:00:00,,,175.0,,,
2024-07-01 16:00:00,,,175.0,,,
2024-07-01 17:00:00,,,175.0,,,
2024-07-01 18:00:00,,,175.0,,,
2024-07-01 19:00:00,,,175.0,,,
2024-07-01 20:00:00,,,175.0,,,
2024-07-01 21:00:00,,,175.0,,,
2024-07-01 22:00:00,,,175.0,,,
2024-07-01 23:00:00,,,175.0,,,
2024-07-02 00:00:00,,,175.0,,,
2024-07-02 01:00:00,,,175.0,,,
2024-07-02 02:00:00,,,175.0,,,
2024-07-02 03:00:00,,,175.0,,,
2024-07-02 04:00:00,,,175.0,,,
2024-07-02 05:00:00,,,175.0,,,
2024-07-02 06:00:00,,,175.0,,,
2024-07-02 07:00:00,,,175.0,,,
2024-07-02 08:00:00,,,175.0,,,
2024-07-02 09:00:00,,,175.0,,,
2024-07-02 10:00:00,,,175.0,,,
2024-07-02 11:00:00,,,175.0,,,
2024-07-02 12:00:00,,,175.0,,,
2024-07-02 13:00:00,,,175.0,,,
2024-07-02 14:00:00,,,175.0,,,
2024-07-02 15:00:00,,,175.0,,,
2024-07-02 16:00:00,,,175.0,,,
2024-07-02 17:00:00,,,175.0,,,
2024-07-02 18:00:00,,,175.0,,,
2024-07-02 19:00:00,,,175.0,,,
2024-07-02 20:00:00,,,175.0,,,
2024-07-02 21:00:00,,,175.0,,,
2024-07-02 22:00:00,,,175.0,,,
2024-07-02 23:00:00,,,175.0,,,
2024-07-03 00:00:00,,,175.0,,,
2024-07-03 01:00:00,,,175.0,,,
2024-07-03 02:00:00,,,175.0,,,
2024-07-03 03:00:00,,,175.0,,,
2024-07-03 04:00:00,,,175.0,,,
2024-07-03 05:00:00,,,175.0,,,
2024-07-03 06:00:00,,,175.0,,,
2024-07-03 07:00:00,,,175.0,,,
2024-07-03 08:00:00,,,175.0,,,
2024-07-03 09:00:00,,,175.0,,,
2024-07-03 10:00:00,,,175.0,,,
2024-07-03 11:00:00,,,175.0,,,
2024-07-03 12:00:00,,,175.0,,,
2024-07-03 13:00:00,,,175.0,,,
2024-07-03 14:00:00,,,175.0,,,
2024-07-03 15:00:00,,,175.0,,,
2024-07-03 16:00:00,,,175.0,,,
2024-07-03 17:00:00,,,175.0,,,
2024-07-03 18:00:00,,,175.0,,,
2024-07-03 19:00:00,,,175.0,,,
2024-07-03 20:00:00,,,175.0,,,
2024-07-03 21:00:00,,,175.0,,,
2024-07-03 22:00:00,,,175.0,,,
2024-07-03 23:00:00,,,175.0,,,
2024-07-04 00:00:00,,,175.0,,,
2024-07-04 01:00:00,,,175.0,,,
2024-07-04 02:00:00,,,175.0,,,
2024-07-04 03:00:00,,,175.0,,,
2024-07-04 04:00:00,,,175.0,,,
2024-07-04 05:00:00,,,175.0,,,
2024-07-04 06:00:00,,,175.0,,,
2024-07-04 07:00:00,,,175.0,,,
2024-07-04 08:00:00,,,175.0,,,
2024-07-04 09:00:00,,,175.0,,,
2024-07-04 10:00:00,,,175.0,,,
2024-07-04 11:00:00,,,175.0,,,
2024-07-04 12:00:00,,,175.0,,,
2024-07-04 13:00:00,,,175.0,,,
2024-07-04 14:00:00,,,175.0,,,
2024-07-04 15:00:00,,,175.0,,,
2024-07-04 16:00:00,,,175.0,,,
2024-07-04 17:00:00,,,175.0,,,
2024-07-04 18:00:00,,,175.0,,,
2024-07-04 19:00:00,,,175.0,,,
2024-07-04 20:00:00,,,175.0,,,
2024-07-04 21:00:00,,,175.0,,,
2024-07-04 22:00:00,,,175.0,,,
2024-07-04 23:00:00,,,175.0,,,
2024-07-05 00:00:00,,,175.0,,,
2024-07-05 01:00:00,,,175.0,,,
2024-07-05 02:00:00,,,175.0,,,
2024-07-05 03:00:00,,,175.0,,,
2024-07-05 04:00:00,,,175.0,,,
2024-07-05 05:00:00,,,175.0,,,
2024-07-05 06:00:00,,,175.0,,,
2024-07-05 07:00:00,,,175.0,,,
2024-07-05 08:00:00,,,175.0,,,
2024-07-05 09:00:00,,,175.0,,,
2024-07-05 10:00:00,,,175.0,,,
2024-07-05 11:00:00,,,175.0,,,
2024-07-05 12:00:00,,,175.0,,,
2024-07-05 13:00:00,,,175.0,,,
2024-07-05 14:00:00,,,175.0,,,
2024-07-05 15:00:00,,,175.0,,,
2024-07-05 16:00:00,,,175.0,,,
2024-07-05 17:00:00,,,175.0,,,
2024-07-05 18:00:00,,,175.0,,,
2024-07-05 19:00:00,,,175.0,,,
2024-07-05 20:00:00,,,175.0,,,
2024-07-05 21:00:00,,,175.0,,,
2024-07-05 22:00:00,,,175.0,,,
2024-07-05 23:00:00,,,175.0,,,
2024-07-06 00:00:00,,,175.0,,,
2024-07-06 01:00:00,,,175.0,,,
2024-07-06 02:00:00,,,175.0,,,
2024-07-06 03:00:00,,,175.0,,,
2024-07-06 04:00:00,,,175.0,,,
2024-07-06 05:00:00,,,175.0,,,
2024-07-06 06:00:00,,,175.0,,,
2024-07-06 07:00:00,,,175.0,,,
2024-07-06 08:00:00,,,175.0,,,
2024-07-06 09:00:00,,,175.0,,,
2024-07-06 10:00:00,,,175.0,,,
2024-07-06 11:00:00,,,175.0,,,
2024-07-06 12:00:00,,,175.0,,,
2024-07-06 13:00:00,,,175.0,,,
2024-07-06 14:00:00,,,175.0,,,
2024-07-06 15:00:00,,,175.0,,,
2024-07-06 16:00:00,,,175.0,,,
2024-07-06 17:00:00,,,175.0,,,
2024-07-06 18:00:00,,,175.0,,,
2024-07-06 19:00:00,,,175.0,,,
2024-07-06 20:00:00,,,175.0,,,
2024-07-06 21:00:00,,,175.0,,,
2024-07-06 22:00:00,,,175.0,,,
2024-07-06 23:00:00,,,175.0,,,
2024-07-07 00:00:00,,,175.0,,,
2024-07-07 01:00:00,,,175.0,,,
2024-07-07 02:00:00,,,175.0,,,
2024-07-07 03:00:00,,,175.0,,,
2024-07-07 04:00:00,,,175.0,,,
2024-07-07 05:00:00,,,175.0,,,
2024-07-07 06:00:00,,,175.0,,,
2024-07-07 07:00:00,,,175.0,,,
2024-07-07 08:00:00,,,175.0,,,
2024-07-07 09:00:00,,,175.0,,,
2024-07-07 10:00:00,,,175.0,,,
2024-07-07 11:00:00,,,175.0,,,
2024-07-07 12:00:00,,,175.0,,,
2024-07-07 13:00:00,,,175.0,,,
2024-07-07 14:00:00,,,175.0,,,
2024-07-07 15:00:00,,,175.0,,,
2024-07-07 16:00:00,,,175.0,,,
2024-07-07 17:00:00,,,175.0,,,
2024-07-07 18:00:00,,,175.0,,,
2024-07-07 19:00:00,,,175.0,,,
2024-07-07 20:00:00,,,175.0,,,
2024-07-07 21:00:00,,,175.0,,,
2024-07-07 22:00:00,,,175.0,,,
2024-07-07 23:00:00,,,175.0,,,
2024-07-08 00:00:00,,,175.0,,,
2024-07-08 01:00:00,,,175.0,,,
2024-07-08 02:00:00,,,175.0,,,
2024-07-08 03:00:00,,,175.0,,,
2024-07-08 04:00:00,,,175.0,,,
2024-07-08 05:00:00,,,175.0,,,
2024-07-08 06:00:00,,,175.0,,,
2024-07-08 07:00:00,,,175.0,,,
2024-07-08 08:00:00,,,175.0,,,
2024-07-08 09:00:00,,,175.0,,,
2024-07-08 10:00:00,,,175.0,,,
2024-07-08 11:00:00,,,175.0,,,
2024-07-08 12:00:00,,,175.0,,,
2024-07-08 13:00:00,,,175.0,,,
2024-07-08 14:00:00,,,175.0,,,
2024-07-08 15:00:00,,,175.0,,,
2024-07-08 16:00:00,,,175.0,,,
2024-07-08 17:00:00,,,175.0,,,
2024-07-08 18:00:00,,,175.0,,,
2024-07-08 19:00:00,,,175.0,,,
2024-07-08 20:00:00,,,175.0,,,
2024-07-08 21:00:00,,,175.0,,,
2024-07-08 22:00:00,,,175.0,,,
2024-07-08 23:00:00,,,175.0,,,
2024-07-09 00:00:00,,,175.0,,,
2024-07-09 01:00:00,,,175.0,,,
2024-07-09 02:00:00,,,175.0,,,
2024-07-09 03:00:00,,,175.0,,,
2024-07-09 04:00:00,,,175.0,,,
2024-07-09 05:00:00,,,175.0,,,
2024-07-09 06:00:00,,,175.0,,,
2024-07-09 07:00:00,,,175.0,,,
2024-07-09 08:00:00,,,175.0,,,
2024-07-09 09:00:00,,,175.0,,,
2024-07-09 10:00:00,,,175.0,,,
2024-07-09 11:00:00,,,175.0,,,
2024-07-09 12:00:00,,,175.0,,,
2024-07-09 13:00:00,,,175.0,,,
2024-07-09 14:00:00,,,175.0,,,
2024-07-09 15:00:00,,,175.0,,,
2024-07-09 16:00:00,,,175.0,,,
2024-07-09 17:00:00,,,175.0,,,
2024-07-09 18:00:00,,,175.0,,,
2024-07-09 19:00:00,,,175.0,,,
2024-07-09 20:00:00,,,175.0,,,
2024-07-09 21:00:00,,,175.0,,,
2024-07-09 22:00:00,,,175.0,,,
2024-07-09 23:00:00,,,175.0,,,
2024-07-10 00:00:00,,,175.0,,,
2024-07-10 01:00:00,,,175.0,,,
2024-07-10 02:00:00,,,175.0,,,
2024-07-10 03:00:00,,,175.0,,,
2024-07-10 04:00:00,,,175.0,,,
2024-07-10 05:00:00,,,175.0,,,
2024-07-10 06:00:00,,,175.0,,,
2024-07-10 07:00:00,,,175.0,,,
2024-07-10 08:00:00,,,175.0,,,
2024-07-10 09:00:00,,,175.0,,,
2024-07-10 10:00:00,,,175.0,,,
2024-07-10 11:00:00,,,175.0,,,
2024-07-10 12:00:00,,,175.0,,,
2024-07-10 13:00:00,,,175.0,,,
2024-07-10 14:00:00,,,175.0,,,
2024-07-10 15:00:00,,,175.0,,,
2024-07-10 16:00:00,,,175.0,,,
2024-07-10 17:00:00,,,175.0,,,
2024-07-10 18:00:00,,,175.0,,,
2024-07-10 19:00:00,,,175.0,,,
2024-07-10 20:00:00,,,175.0,,,
2024-07-10 21:00:00,,,175.0,,,
2024-07-10 22:00:00,,,175.0,,,
2024-07-10 23:00:00,,,175.0,,,
2024-07-11 00:00:00,,,175.0,,,
2024-07-11 01:00:00,,,175.0,,,
2024-07-11 02:00:00,,,175.0,,,
2024-07-11 03:00:00,,,175.0,,,
2024-07-11 04:00:00,,,175.0,,,
2024-07-11 05:00:00,,,175.0,,,
2024-07-11 06:00:00,,,175.0,,,
2024-07-11 07:00:00,,,175.0,,,
2024-07-11 08:00:00,,,226.0,,,
2024-07-11 09:00:00,,,226.0,,,
2024-07-11 10:00:00,,,227.0,,,
2024-07-11 11:00:00,,,227.0,,,
2024-07-11 12:00:00,,,227.0,,,
2024-07-11 13:00:00,,,227.0,,,
2024-07-11 14:00:00,,,227.0,,,
2024-07-11 15:00:00,,,227.0,,,
2024-07-11 16:00:00,,,228.0,,,
2024-07-11 17:00:00,,,228.0,,,
2024-07-11 18:00:00,,,228.0,,,
2024-07-11 19:00:00,,,228.0,,,
2024-07-11 20:00:00,,,228.0,,,
2024-07-11 21:00:00,,,228.0,,,
2024-07-11 22:00:00,,,229.0,,,
2024-07-11 23:00:00,,,229.0,,,
2024-07-12 00:00:00,,,229.0,,,
2024-07-12 01:00:00,,,229.0,,,
2024-07-12 02:00:00,,,229.0,,,
2024-07-12 03:00:00,,,229.0,,,
2024-07-12 04:00:00,,,229.0,,,
2024-07-12 05:00:00,,,230.0,,,
2024-07-12 06:00:00,,,230.0,,,
2024-07-12 07:00:00,,,230.0,,,
2024-07-12 08:00:00,,,230.0,,,
2024-07-12 09:00:00,,,230.0,,,
2024-07-12 10:00:00,,,230.0,,,
2024-07-12 11:00:00,,,231.0,,,
2024-07-12 12:00:00,,,230.0,,,
2024-07-12 13:00:00,,,228.0,,,
2024-07-12 14:00:00,,,225.0,,,
2024-07-12 15:00:00,,,215.0,,,
2024-07-12 16:00:00,,,207.0,,,
2024-07-12 17:00:00,,,210.0,,,
2024-07-12 18:00:00,,,207.0,,,
2024-07-12 19:00:00,,,214.0,,,
2024-07-12 20:00:00,,,218.0,,,
2024-07-12 21:00:00,,,217.0,,,
2024-07-12 22:00:00,,,224.0,,,
2024-07-12 23:00:00,,,211.0,,,
2024-07-13 00:00:00,,,211.0,,,
2024-07-13 01:00:00,,,226.0,,,
2024-07-13 02:00:00,,,239.0,,,
2024-07-13 03:00:00,,,242.0,,,
2024-07-13 04:00:00,,,233.0,,,
2024-07-13 05:00:00,,,240.0,,,
2024-07-13 06:00:00,,,241.0,,,
2024-07-13 07:00:00,,,235.0,,,
2024-07-13 08:00:00,,,246.0,,,
2024-07-13 09:00:00,,,228.0,,,
2024-07-13 10:00:00,,,224.0,,,
2024-07-13 11:00:00,,,219.0,,,
2024-07-13 12:00:00,,,215.0,,,
2024-07-13 13:00:00,,,219.0,,,
2024-07-13 14:00:00,,,218.0,,,
2024-07-13 15:00:00,,,197.0,,,
2024-07-13 16:00:00,,,179.0,,,
2024-07-13 17:00:00,,,162.0,,,
2024-07-13 18:00:00,,,208.0,,,
2024-07-13 19:00:00,,,230.0,,,
2024-07-13 20:00:00,,,242.0,,,
2024-07-13 21:00:00,,,224.0,,,
2024-07-13 22:00:00,,,228.0,,,
2024-07-13 23:00:00,,,231.0,,,
2024-07-14 00:00:00,,,247.0,,,
2024-07-14 01:00:00,,,263.0,,,
2024-07-14 02:00:00,,,257.0,,,
2024-07-14 03:00:00,,,250.0,,,
2024-07-14 04:00:00,,,244.0,,,
2024-07-14 05:00:00,,,245.0,,,
2024-07-14 06:00:00,,,246.0,,,
2024-07-14 07:00:00,,,246.0,,,
2024-07-14 08:00:00,,,246.0,,,
2024-07-14 09:00:00,,,234.0,,,
2024-07-14 10:00:00,,,227.0,,,
2024-07-14 11:00:00,,,222.0,,,
2024-07-14 12:00:00,,,222.0,,,
2024-07-14 13:00:00,,,222.0,,,
2024-07-14 14:00:00,,,220.0,,,
2024-07-14 15:00:00,,,212.0,,,
2024-07-14 16:00:00,,,191.0,,,
2024-07-14 17:00:00,,,156.0,,,
2024-07-14 18:00:00,,,141.0,,,
2024-07-14 19:00:00,,,180.0,,,
2024-07-14 20:00:00,,,250.0,,,
2024-07-14 21:00:00,,,215.0,,,
2024-07-14 22:00:00,,,234.0,,,
2024-07-14 23:00:00,,,238.0,,,
2024-07-15 00:00:00,380.0,1206.0,253.0,706.0,142.0,24.0
2024-07-15 01:00:00,424.0,1378.0,258.0,341.0,142.0,83.0
2024-07-15 02:00:00,457.0,1429.0,260.0,112.0,370.0,10.0
2024-07-15 03:00:00,387.0,1717.0,260.0,25.0,383.0,198.0
2024-07-15 04:00:00,391.0,1787.0,247.0,0.0,382.0,111.0
2024-07-15 05:00:00,388.0,1417.0,247.0,0.0,381.0,64.0
2024-07-15 06:00:00,369.0,1328.0,248.0,0.0,380.0,95.0
2024-07-15 07:00:00,353.0,1319.0,246.0,0.0,144.0,75.0
2024-07-15 08:00:00,353.0,1245.0,246.0,0.0,140.0,67.0
2024-07-15 09:00:00,353.0,1237.0,234.0,0.0,141.0,52.0
2024-07-15 10:00:00,352.0,1230.0,228.0,0.0,142.0,5.0
2024-07-15 11:00:00,351.0,1250.0,222.0,0.0,134.0,1.0
2024-07-15 12:00:00,351.0,1251.0,222.0,0.0,56.0,1.0
2024-07-15 13:00:00,354.0,1251.0,231.0,1.0,56.0,5.0
2024-07-15 14:00:00,393.0,1294.0,236.0,109.0,56.0,20.0
2024-07-15 15:00:00,357.0,1042.0,206.0,492.0,57.0,5.0
2024-07-15 16:00:00,385.0,923.0,161.0,830.0,56.0,3.0
2024-07-15 17:00:00,458.0,846.0,152.0,985.0,56.0,17.0
2024-07-15 18:00:00,631.0,796.0,148.0,1068.0,78.0,27.0
2024-07-15 19:00:00,649.0,831.0,161.0,1103.0,237.0,11.0
2024-07-15 20:00:00,647.0,756.0,177.0,1112.0,270.0,28.0
2024-07-15 21:00:00,646.0,863.0,202.0,937.0,297.0,128.0
2024-07-15 22:00:00,628.0,1094.0,240.0,950.0,427.0,101.0
2024-07-15 23:00:00,607.0,1211.0,247.0,789.0,362.0,56.0
2024-07-16 00:00:00,627.0,1276.0,259.0,634.0,344.0,10.0
2024-07-16 01:00:00,609.0,1320.0,259.0,640.0,375.0,0.0
2024-07-16 02:00:00,605.0,1412.0,261.0,348.0,362.0,0.0
2024-07-16 03:00:00,532.0,1570.0,244.0,52.0,373.0,20.0
2024-07-16 04:00:00,551.0,1580.0,235.0,0.0,143.0,80.0
2024-07-16 05:00:00,485.0,1587.0,237.0,0.0,142.0,27.0
2024-07-16 06:00:00,348.0,1446.0,249.0,0.0,142.0,6.0
2024-07-16 07:00:00,240.0,1418.0,249.0,0.0,140.0,37.0
2024-07-16 08:00:00,256.0,1438.0,246.0,0.0,142.0,9.0
2024-07-16 09:00:00,259.0,1358.0,232.0,0.0,142.0,3.0
2024-07-16 10:00:00,258.0,1354.0,228.0,0.0,143.0,2.0
2024-07-16 11:00:00,258.0,1354.0,222.0,0.0,136.0,0.0
2024-07-16 12:00:00,258.0,1357.0,221.0,0.0,56.0,0.0
2024-07-16 13:00:00,259.0,1338.0,221.0,0.0,56.0,0.0
2024-07-16 14:00:00,239.0,1381.0,221.0,113.0,55.0,0.0
2024-07-16 15:00:00,329.0,1032.0,221.0,528.0,55.0,0.0
2024-07-16 16:00:00,579.0,763.0,210.0,835.0,56.0,0.0
2024-07-16 17:00:00,804.0,784.0,169.0,951.0,55.0,1.0
2024-07-16 18:00:00,828.0,736.0,169.0,983.0,89.0,3.0
2024-07-16 19:00:00,830.0,761.0,169.0,1109.0,235.0,0.0
2024-07-16 20:00:00,831.0,844.0,169.0,1061.0,52.0,1.0
2024-07-16 21:00:00,830.0,907.0,169.0,1075.0,59.0,1.0
2024-07-16 22:00:00,830.0,914.0,169.0,1060.0,349.0,44.0
2024-07-16 23:00:00,830.0,1056.0,169.0,1013.0,479.0,63.0
2024-07-17 00:00:00,831.0,1136.0,169.0,909.0,327.0,51.0
2024-07-17 01:00:00,832.0,1339.0,169.0,752.0,346.0,147.0
2024-07-17 02:00:00,830.0,1466.0,169.0,426.0,361.0,153.0
2024-07-17 03:00:00,753.0,1568.0,169.0,69.0,378.0,51.0
2024-07-17 04:00:00,599.0,1571.0,169.0,0.0,379.0,26.0
2024-07-17 05:00:00,491.0,1432.0,169.0,0.0,379.0,36.0
2024-07-17 06:00:00,390.0,1339.0,169.0,0.0,143.0,21.0
2024-07-17 07:00:00,369.0,1339.0,169.0,0.0,140.0,13.0
2024-07-17 08:00:00,357.0,1309.0,169.0,0.0,140.0,12.0
2024-07-17 09:00:00,353.0,1086.0,169.0,0.0,140.0,15.0
2024-07-17 10:00:00,351.0,1098.0,169.0,0.0,140.0,1.0
2024-07-17 11:00:00,351.0,1100.0,169.0,0.0,140.0,0.0
2024-07-17 12:00:00,351.0,1093.0,169.0,0.0,140.0,0.0
2024-07-17 13:00:00,355.0,1111.0,169.0,0.0,140.0,0.0
2024-07-17 14:00:00,414.0,1154.0,169.0,116.0,139.0,0.0
2024-07-17 15:00:00,404.0,921.0,169.0,532.0,139.0,0.0
2024-07-17 16:00:00,626.0,867.0,169.0,874.0,133.0,0.0
2024-07-17 17:00:00,682.0,869.0,169.0,1014.0,51.0,0.0
2024-07-17 18:00:00,696.0,891.0,169.0,1090.0,51.0,0.0
2024-07-17 19:00:00,717.0,1051.0,169.0,1130.0,55.0,0.0
2024-07-17 20:00:00,724.0,1105.0,169.0,1145.0,55.0,1.0
2024-07-17 21:00:00,724.0,1118.0,169.0,1041.0,60.0,1.0
2024-07-17 22:00:00,723.0,1138.0,169.0,816.0,242.0,6.0
2024-07-17 23:00:00,739.0,1118.0,169.0,769.0,267.0,74.0
2024-07-18 00:00:00,741.0,1211.0,169.0,575.0,336.0,9.0
2024-07-18 01:00:00,740.0,1544.0,169.0,583.0,243.0,37.0
2024-07-18 02:00:00,736.0,1718.0,169.0,435.0,146.0,100.0
2024-07-18 03:00:00,739.0,1756.0,169.0,65.0,372.0,47.0
2024-07-18 04:00:00,666.0,1585.0,169.0,0.0,379.0,27.0
2024-07-18 05:00:00,533.0,1564.0,169.0,0.0,378.0,29.0
2024-07-18 06:00:00,388.0,1486.0,169.0,0.0,140.0,53.0
2024-07-18 07:00:00,277.0,1484.0,169.0,0.0,140.0,115.0
2024-07-18 08:00:00,351.0,1493.0,169.0,0.0,140.0,96.0
2024-07-18 09:00:00,353.0,1495.0,169.0,0.0,139.0,34.0
2024-07-18 10:00:00,351.0,1497.0,169.0,0.0,139.0,0.0
2024-07-18 11:00:00,351.0,1498.0,169.0,0.0,139.0,1.0
2024-07-18 12:00:00,352.0,1495.0,169.0,0.0,139.0,11.0
2024-07-18 13:00:00,352.0,1497.0,169.0,0.0,139.0,5.0
2024-07-18 14:00:00,355.0,1557.0,169.0,97.0,142.0,13.0
2024-07-18 15:00:00,357.0,1595.0,169.0,507.0,0.0,6.0
2024-07-18 16:00:00,415.0,1489.0,169.0,824.0,0.0,15.0
2024-07-18 17:00:00,548.0,1468.0,169.0,973.0,0.0,0.0
2024-07-18 18:00:00,643.0,1531.0,169.0,1060.0,0.0,0.0
2024-07-18 19:00:00,649.0,1581.0,169.0,1084.0,0.0,0.0
2024-07-18 20:00:00,647.0,1640.0,169.0,1008.0,0.0,1.0
2024-07-18 21:00:00,646.0,1666.0,169.0,932.0,53.0,10.0
2024-07-18 22:00:00,568.0,1676.0,169.0,753.0,98.0,13.0
2024-07-18 23:00:00,548.0,1749.0,169.0,731.0,57.0,9.0
2024-07-19 00:00:00,423.0,1863.0,169.0,729.0,137.0,35.0
2024-07-19 01:00:00,419.0,1958.0,169.0,678.0,152.0,109.0
2024-07-19 02:00:00,398.0,1971.0,169.0,420.0,328.0,173.0
2024-07-19 03:00:00,400.0,1978.0,169.0,70.0,377.0,101.0
2024-07-19 04:00:00,396.0,2091.0,169.0,1.0,374.0,178.0
2024-07-19 05:00:00,407.0,2019.0,169.0,0.0,136.0,56.0
2024-07-19 06:00:00,388.0,1942.0,169.0,0.0,139.0,34.0
2024-07-19 07:00:00,374.0,1646.0,169.0,0.0,139.0,23.0
2024-07-19 08:00:00,358.0,1619.0,169.0,0.0,139.0,18.0
2024-07-19 09:00:00,353.0,1589.0,169.0,0.0,139.0,17.0
2024-07-19 10:00:00,350.0,1589.0,169.0,0.0,138.0,0.0
2024-07-19 11:00:00,350.0,1590.0,169.0,0.0,139.0,10.0
2024-07-19 12:00:00,351.0,1591.0,169.0,0.0,140.0,36.0
2024-07-19 13:00:00,351.0,1592.0,169.0,0.0,141.0,37.0
2024-07-19 14:00:00,366.0,1593.0,169.0,113.0,140.0,29.0
2024-07-19 15:00:00,365.0,1524.0,169.0,555.0,138.0,6.0
2024-07-19 16:00:00,363.0,1334.0,169.0,872.0,129.0,3.0
2024-07-19 17:00:00,368.0,1303.0,169.0,1007.0,52.0,0.0
2024-07-19 18:00:00,377.0,1356.0,169.0,1087.0,53.0,0.0
2024-07-19 19:00:00,379.0,1530.0,169.0,1136.0,54.0,0.0
2024-07-19 20:00:00,382.0,1707.0,169.0,974.0,54.0,2.0
2024-07-19 21:00:00,384.0,1877.0,169.0,961.0,54.0,3.0
2024-07-19 22:00:00,384.0,1973.0,179.0,1004.0,55.0,1.0
2024-07-19 23:00:00,384.0,1974.0,252.0,1035.0,298.0,1.0
2024-07-20 00:00:00,380.0,2009.0,247.0,950.0,379.0,8.0
2024-07-20 01:00:00,378.0,2067.0,247.0,783.0,382.0,20.0
2024-07-20 02:00:00,379.0,2167.0,242.0,439.0,379.0,88.0
2024-07-20 03:00:00,400.0,2314.0,243.0,65.0,379.0,54.0
2024-07-20 04:00:00,426.0,2277.0,250.0,0.0,150.0,110.0
2024-07-20 05:00:00,392.0,2047.0,232.0,0.0,139.0,30.0
2024-07-20 06:00:00,392.0,1952.0,247.0,0.0,139.0,66.0
2024-07-20 07:00:00,379.0,1765.0,254.0,0.0,139.0,135.0
2024-07-20 08:00:00,361.0,1765.0,244.0,0.0,139.0,120.0
2024-07-20 09:00:00,355.0,1722.0,230.0,0.0,162.0,28.0
2024-07-20 10:00:00,356.0,1626.0,226.0,0.0,139.0,9.0
2024-07-20 11:00:00,356.0,1599.0,226.0,0.0,139.0,1.0
2024-07-20 12:00:00,354.0,1607.0,222.0,0.0,139.0,0.0
2024-07-20 13:00:00,353.0,1608.0,217.0,0.0,127.0,0.0
2024-07-20 14:00:00,355.0,1511.0,222.0,103.0,53.0,0.0
2024-07-20 15:00:00,353.0,1042.0,184.0,529.0,52.0,0.0
2024-07-20 16:00:00,346.0,1019.0,133.0,884.0,53.0,0.0
2024-07-20 17:00:00,348.0,1073.0,144.0,1025.0,53.0,0.0
2024-07-20 18:00:00,356.0,1085.0,168.0,1108.0,53.0,9.0
2024-07-20 19:00:00,358.0,1086.0,218.0,1133.0,53.0,24.0
2024-07-20 20:00:00,369.0,1205.0,236.0,1149.0,52.0,17.0
2024-07-20 21:00:00,382.0,1425.0,237.0,1147.0,52.0,9.0
2024-07-20 22:00:00,383.0,1567.0,240.0,1080.0,52.0,11.0
2024-07-20 23:00:00,384.0,1603.0,251.0,1030.0,64.0,13.0
2024-07-21 00:00:00,386.0,1858.0,252.0,954.0,139.0,32.0
2024-07-21 01:00:00,385.0,2156.0,249.0,787.0,139.0,153.0
2024-07-21 02:00:00,381.0,2164.0,253.0,425.0,144.0,101.0
2024-07-21 03:00:00,391.0,2176.0,255.0,62.0,143.0,119.0
2024-07-21 04:00:00,390.0,2261.0,249.0,0.0,143.0,142.0
2024-07-21 05:00:00,394.0,2075.0,248.0,0.0,142.0,118.0
2024-07-21 06:00:00,397.0,1987.0,257.0,0.0,142.0,50.0
2024-07-21 07:00:00,405.0,1789.0,259.0,0.0,141.0,14.0
2024-07-21 08:00:00,409.0,1750.0,250.0,0.0,142.0,13.0
2024-07-21 09:00:00,357.0,1700.0,236.0,0.0,141.0,10.0
2024-07-21 10:00:00,355.0,1584.0,233.0,0.0,142.0,0.0
2024-07-21 11:00:00,353.0,1583.0,227.0,0.0,70.0,0.0
2024-07-21 12:00:00,352.0,1590.0,224.0,0.0,59.0,0.0
2024-07-21 13:00:00,352.0,1597.0,223.0,0.0,0.0,0.0
2024-07-21 14:00:00,354.0,1593.0,229.0,58.0,0.0,0.0
2024-07-21 15:00:00,352.0,1452.0,191.0,465.0,0.0,0.0
2024-07-21 16:00:00,346.0,1206.0,138.0,608.0,0.0,0.0
2024-07-21 17:00:00,347.0,1158.0,144.0,875.0,0.0,0.0
2024-07-21 18:00:00,351.0,1258.0,152.0,1064.0,0.0,0.0
2024-07-21 19:00:00,354.0,1291.0,162.0,1107.0,0.0,0.0
2024-07-21 20:00:00,376.0,1249.0,176.0,1138.0,0.0,2.0
2024-07-21 21:00:00,386.0,1309.0,200.0,1107.0,0.0,11.0
2024-07-21 22:00:00,378.0,1490.0,236.0,1093.0,42.0,16.0
2024-07-21 23:00:00,385.0,1466.0,241.0,1012.0,267.0,21.0
2024-07-22 00:00:00,386.0,1382.0,251.0,901.0,246.0,18.0
2024-07-22 01:00:00,383.0,1494.0,256.0,750.0,248.0,28.0
2024-07-22 02:00:00,381.0,1604.0,255.0,402.0,286.0,22.0
2024-07-22 03:00:00,382.0,1822.0,244.0,57.0,381.0,38.0
2024-07-22 04:00:00,401.0,1835.0,244.0,0.0,374.0,45.0
2024-07-22 05:00:00,473.0,1821.0,242.0,0.0,275.0,46.0
2024-07-22 06:00:00,515.0,1747.0,246.0,0.0,87.0,35.0
2024-07-22 07:00:00,388.0,1644.0,245.0,0.0,38.0,20.0
2024-07-22 08:00:00,357.0,1545.0,242.0,0.0,0.0,13.0
2024-07-22 09:00:00,354.0,1538.0,236.0,0.0,0.0,9.0
2024-07-22 10:00:00,350.0,1540.0,240.0,0.0,0.0,2.0
2024-07-22 11:00:00,350.0,1544.0,240.0,0.0,0.0,0.0
2024-07-22 12:00:00,350.0,1545.0,238.0,0.0,0.0,0.0
2024-07-22 13:00:00,351.0,1546.0,236.0,0.0,0.0,2.0
2024-07-22 14:00:00,368.0,1571.0,229.0,94.0,0.0,2.0
2024-07-22 15:00:00,365.0,1544.0,216.0,470.0,0.0,0.0
2024-07-22 16:00:00,361.0,1563.0,219.0,847.0,0.0,2.0
2024-07-22 17:00:00,366.0,1560.0,217.0,1021.0,0.0,5.0
2024-07-22 18:00:00,380.0,1560.0,235.0,1083.0,37.0,0.0
2024-07-22 19:00:00,384.0,1555.0,224.0,1127.0,37.0,0.0
2024-07-22 20:00:00,381.0,1554.0,238.0,1138.0,37.0,0.0
2024-07-22 21:00:00,405.0,1559.0,232.0,1049.0,37.0,4.0
2024-07-22 22:00:00,405.0,1594.0,232.0,928.0,37.0,10.0
2024-07-22 23:00:00,394.0,1845.0,249.0,883.0,36.0,18.0
2024-07-23 00:00:00,384.0,1890.0,256.0,764.0,47.0,18.0
2024-07-23 01:00:00,401.0,1895.0,251.0,658.0,229.0,17.0
2024-07-23 02:00:00,398.0,1924.0,245.0,387.0,276.0,24.0
2024-07-23 03:00:00,391.0,2143.0,259.0,58.0,277.0,31.0
2024-07-23 04:00:00,387.0,2100.0,258.0,0.0,288.0,38.0
2024-07-23 05:00:00,390.0,1859.0,250.0,0.0,275.0,38.0
2024-07-23 06:00:00,386.0,1827.0,254.0,0.0,275.0,54.0
2024-07-23 07:00:00,372.0,1736.0,254.0,0.0,273.0,30.0
2024-07-23 08:00:00,359.0,1640.0,245.0,0.0,36.0,25.0
2024-07-23 09:00:00,354.0,1571.0,231.0,0.0,35.0,20.0
2024-07-23 10:00:00,351.0,1573.0,231.0,0.0,36.0,30.0
2024-07-23 11:00:00,347.0,1572.0,231.0,0.0,36.0,33.0
2024-07-23 12:00:00,349.0,1573.0,232.0,0.0,36.0,32.0
2024-07-23 13:00:00,367.0,1578.0,238.0,0.0,36.0,36.0
2024-07-23 14:00:00,380.0,1596.0,228.0,84.0,34.0,27.0
2024-07-23 15:00:00,386.0,1591.0,218.0,360.0,34.0,5.0
2024-07-23 16:00:00,401.0,1587.0,216.0,708.0,34.0,1.0
2024-07-23 17:00:00,404.0,1588.0,216.0,977.0,35.0,0.0
2024-07-23 18:00:00,405.0,1585.0,218.0,1080.0,35.0,0.0
2024-07-23 19:00:00,406.0,1588.0,232.0,1121.0,35.0,0.0
2024-07-23 20:00:00,383.0,1601.0,237.0,1075.0,34.0,0.0
2024-07-23 21:00:00,422.0,1712.0,238.0,1124.0,35.0,0.0
2024-07-23 22:00:00,547.0,1840.0,244.0,1027.0,34.0,0.0
2024-07-23 23:00:00,697.0,2020.0,262.0,821.0,59.0,3.0
2024-07-24 00:00:00,840.0,2085.0,262.0,558.0,274.0,1.0
2024-07-24 01:00:00,990.0,2190.0,258.0,219.0,309.0,43.0
2024-07-24 02:00:00,1104.0,2196.0,263.0,55.0,532.0,109.0
2024-07-24 03:00:00,1109.0,2176.0,263.0,7.0,613.0,100.0
2024-07-24 04:00:00,1106.0,2271.0,256.0,0.0,273.0,85.0
2024-07-24 05:00:00,1106.0,2218.0,253.0,0.0,39.0,67.0
2024-07-24 06:00:00,1103.0,2248.0,257.0,0.0,37.0,107.0
2024-07-24 07:00:00,1014.0,2177.0,254.0,0.0,41.0,123.0
2024-07-24 08:00:00,817.0,2161.0,251.0,0.0,0.0,175.0
2024-07-24 09:00:00,731.0,2135.0,241.0,0.0,0.0,146.0
2024-07-24 10:00:00,526.0,1969.0,239.0,0.0,0.0,159.0
2024-07-24 11:00:00,487.0,1878.0,224.0,0.0,0.0,148.0
2024-07-24 12:00:00,488.0,1783.0,224.0,0.0,0.0,82.0
2024-07-24 13:00:00,489.0,1686.0,226.0,0.0,0.0,68.0
2024-07-24 14:00:00,489.0,1723.0,228.0,74.0,0.0,48.0
2024-07-24 15:00:00,488.0,1620.0,218.0,453.0,0.0,19.0
2024-07-24 16:00:00,488.0,1613.0,217.0,775.0,0.0,39.0
2024-07-24 17:00:00,440.0,1582.0,217.0,951.0,0.0,38.0
2024-07-24 18:00:00,380.0,1574.0,241.0,1076.0,0.0,22.0
2024-07-24 19:00:00,359.0,1565.0,240.0,1128.0,45.0,6.0
2024-07-24 20:00:00,390.0,1565.0,239.0,1145.0,43.0,0.0
2024-07-24 21:00:00,415.0,1706.0,231.0,1108.0,42.0,4.0
2024-07-24 22:00:00,385.0,1936.0,238.0,1014.0,43.0,25.0
2024-07-24 23:00:00,396.0,2108.0,238.0,966.0,275.0,15.0
2024-07-25 00:00:00,388.0,2177.0,237.0,905.0,279.0,96.0
2024-07-25 01:00:00,440.0,2244.0,255.0,693.0,328.0,120.0
2024-07-25 02:00:00,575.0,2282.0,266.0,359.0,516.0,73.0
2024-07-25 03:00:00,742.0,2264.0,268.0,44.0,413.0,15.0
2024-07-25 04:00:00,889.0,2294.0,259.0,0.0,280.0,36.0
2024-07-25 05:00:00,1025.0,2250.0,247.0,0.0,281.0,81.0
2024-07-25 06:00:00,1077.0,2059.0,247.0,0.0,147.0,49.0
2024-07-25 07:00:00,947.0,1738.0,247.0,0.0,33.0,43.0
2024-07-25 08:00:00,801.0,1613.0,247.0,0.0,0.0,36.0
2024-07-25 09:00:00,660.0,1566.0,246.0,0.0,0.0,39.0
2024-07-25 10:00:00,528.0,1531.0,246.0,0.0,0.0,4.0
2024-07-25 11:00:00,399.0,1533.0,246.0,0.0,0.0,0.0
2024-07-25 12:00:00,357.0,1542.0,230.0,0.0,0.0,18.0
2024-07-25 13:00:00,356.0,1539.0,229.0,0.0,0.0,50.0
2024-07-25 14:00:00,373.0,1582.0,228.0,81.0,0.0,3.0
2024-07-25 15:00:00,381.0,1575.0,223.0,464.0,0.0,1.0
2024-07-25 16:00:00,380.0,1570.0,227.0,815.0,0.0,2.0
2024-07-25 17:00:00,385.0,1567.0,228.0,983.0,0.0,0.0
2024-07-25 18:00:00,392.0,1563.0,237.0,1090.0,0.0,0.0
2024-07-25 19:00:00,392.0,1560.0,226.0,1126.0,38.0,0.0
2024-07-25 20:00:00,396.0,1652.0,233.0,1143.0,38.0,0.0
2024-07-25 21:00:00,401.0,1653.0,236.0,1146.0,37.0,1.0
2024-07-25 22:00:00,395.0,1858.0,233.0,1115.0,37.0,4.0
2024-07-25 23:00:00,405.0,1956.0,236.0,1052.0,51.0,7.0
2024-07-26 00:00:00,413.0,1961.0,245.0,942.0,276.0,2.0
2024-07-26 01:00:00,413.0,1972.0,253.0,707.0,502.0,19.0
2024-07-26 02:00:00,431.0,2242.0,255.0,350.0,516.0,132.0
2024-07-26 03:00:00,565.0,2333.0,264.0,45.0,513.0,100.0
2024-07-26 04:00:00,527.0,2279.0,262.0,0.0,274.0,80.0
2024-07-26 05:00:00,408.0,2033.0,244.0,0.0,274.0,59.0
2024-07-26 06:00:00,401.0,1878.0,245.0,0.0,67.0,144.0
2024-07-26 07:00:00,389.0,1569.0,245.0,0.0,37.0,181.0
2024-07-26 08:00:00,377.0,1446.0,241.0,0.0,37.0,95.0
2024-07-26 09:00:00,364.0,1443.0,230.0,0.0,37.0,185.0
2024-07-26 10:00:00,354.0,1444.0,224.0,0.0,38.0,116.0
2024-07-26 11:00:00,352.0,1447.0,230.0,0.0,37.0,26.0
2024-07-26 12:00:00,352.0,1447.0,230.0,0.0,37.0,7.0
2024-07-26 13:00:00,353.0,1449.0,230.0,0.0,38.0,0.0
2024-07-26 14:00:00,372.0,1494.0,212.0,86.0,37.0,1.0
2024-07-26 15:00:00,372.0,994.0,176.0,510.0,38.0,1.0
2024-07-26 16:00:00,374.0,784.0,137.0,885.0,37.0,1.0
2024-07-26 17:00:00,380.0,725.0,146.0,1033.0,38.0,1.0
2024-07-26 18:00:00,388.0,715.0,154.0,1114.0,38.0,7.0
2024-07-26 19:00:00,387.0,848.0,155.0,1158.0,38.0,34.0
2024-07-26 20:00:00,388.0,930.0,174.0,1173.0,39.0,42.0
2024-07-26 21:00:00,393.0,1203.0,184.0,1167.0,39.0,41.0
2024-07-26 22:00:00,393.0,1484.0,206.0,1129.0,39.0,70.0
2024-07-26 23:00:00,393.0,1583.0,235.0,1035.0,38.0,22.0
2024-07-27 00:00:00,385.0,1475.0,235.0,923.0,229.0,1.0
2024-07-27 01:00:00,389.0,1549.0,234.0,804.0,241.0,3.0
2024-07-27 02:00:00,390.0,1571.0,235.0,418.0,490.0,1.0
2024-07-27 03:00:00,390.0,1646.0,247.0,51.0,527.0,4.0
2024-07-27 04:00:00,393.0,1613.0,247.0,0.0,520.0,55.0
2024-07-27 05:00:00,398.0,1520.0,244.0,0.0,518.0,87.0
2024-07-27 06:00:00,391.0,1500.0,246.0,0.0,283.0,87.0
2024-07-27 07:00:00,378.0,1442.0,244.0,0.0,40.0,69.0
2024-07-27 08:00:00,362.0,1441.0,230.0,0.0,37.0,55.0
2024-07-27 09:00:00,353.0,1441.0,216.0,0.0,37.0,41.0
2024-07-27 10:00:00,349.0,1384.0,221.0,0.0,37.0,0.0
2024-07-27 11:00:00,349.0,1190.0,213.0,0.0,0.0,0.0
2024-07-27 12:00:00,354.0,1183.0,215.0,0.0,0.0,0.0
2024-07-27 13:00:00,353.0,1185.0,209.0,0.0,0.0,0.0
2024-07-27 14:00:00,356.0,1120.0,196.0,85.0,0.0,0.0
2024-07-27 15:00:00,352.0,789.0,143.0,522.0,0.0,1.0
2024-07-27 16:00:00,351.0,638.0,128.0,925.0,0.0,37.0
2024-07-27 17:00:00,347.0,639.0,129.0,1087.0,0.0,78.0
2024-07-27 18:00:00,349.0,639.0,144.0,1178.0,0.0,138.0
2024-07-27 19:00:00,349.0,636.0,169.0,1195.0,0.0,231.0
2024-07-27 20:00:00,352.0,638.0,177.0,1208.0,0.0,244.0
2024-07-27 21:00:00,360.0,637.0,178.0,1202.0,36.0,237.0
2024-07-27 22:00:00,368.0,638.0,177.0,1194.0,38.0,225.0
2024-07-27 23:00:00,374.0,637.0,182.0,1140.0,38.0,220.0
2024-07-28 00:00:00,373.0,705.0,194.0,1032.0,214.0,219.0
2024-07-28 01:00:00,374.0,831.0,240.0,854.0,224.0,224.0
2024-07-28 02:00:00,376.0,1062.0,242.0,456.0,241.0,230.0
2024-07-28 03:00:00,374.0,1179.0,243.0,56.0,225.0,224.0
2024-07-28 04:00:00,373.0,1172.0,245.0,0.0,224.0,220.0
2024-07-28 05:00:00,383.0,1178.0,244.0,0.0,224.0,220.0
2024-07-28 06:00:00,370.0,1177.0,237.0,0.0,223.0,203.0
2024-07-28 07:00:00,360.0,1171.0,224.0,0.0,222.0,228.0
2024-07-28 08:00:00,383.0,944.0,230.0,0.0,37.0,202.0
2024-07-28 09:00:00,383.0,936.0,221.0,0.0,33.0,184.0
2024-07-28 10:00:00,379.0,937.0,222.0,0.0,32.0,142.0
2024-07-28 11:00:00,380.0,935.0,229.0,0.0,0.0,99.0
2024-07-28 12:00:00,382.0,934.0,227.0,0.0,0.0,60.0
2024-07-28 13:00:00,382.0,935.0,208.0,0.0,0.0,24.0
2024-07-28 14:00:00,355.0,841.0,203.0,83.0,0.0,33.0
2024-07-28 15:00:00,351.0,621.0,149.0,514.0,0.0,23.0
2024-07-28 16:00:00,350.0,490.0,139.0,912.0,0.0,36.0
2024-07-28 17:00:00,350.0,489.0,131.0,1076.0,24.0,96.0
2024-07-28 18:00:00,350.0,490.0,130.0,1165.0,36.0,99.0
2024-07-28 19:00:00,349.0,490.0,144.0,1191.0,36.0,154.0
2024-07-28 20:00:00,349.0,518.0,152.0,1194.0,35.0,187.0
2024-07-28 21:00:00,347.0,605.0,167.0,1191.0,35.0,224.0
2024-07-28 22:00:00,350.0,697.0,169.0,1192.0,35.0,218.0
2024-07-28 23:00:00,357.0,801.0,184.0,1137.0,39.0,231.0
2024-07-29 00:00:00,358.0,672.0,199.0,1023.0,44.0,226.0
2024-07-29 01:00:00,360.0,790.0,244.0,832.0,233.0,227.0
2024-07-29 02:00:00,369.0,1091.0,257.0,419.0,228.0,218.0
2024-07-29 03:00:00,365.0,1185.0,261.0,46.0,225.0,201.0
2024-07-29 04:00:00,372.0,1195.0,252.0,0.0,224.0,200.0
2024-07-29 05:00:00,381.0,1199.0,251.0,0.0,222.0,173.0
2024-07-29 06:00:00,396.0,1190.0,247.0,0.0,33.0,136.0
2024-07-29 07:00:00,382.0,1187.0,234.0,0.0,44.0,151.0
2024-07-29 08:00:00,383.0,1189.0,227.0,0.0,32.0,143.0
2024-07-29 09:00:00,385.0,1179.0,229.0,0.0,34.0,114.0
2024-07-29 10:00:00,380.0,1163.0,221.0,0.0,34.0,88.0
2024-07-29 11:00:00,380.0,1072.0,217.0,0.0,34.0,58.0
2024-07-29 12:00:00,381.0,934.0,223.0,0.0,34.0,73.0
2024-07-29 13:00:00,382.0,943.0,223.0,0.0,34.0,96.0
2024-07-29 14:00:00,369.0,934.0,216.0,92.0,34.0,109.0
2024-07-29 15:00:00,364.0,814.0,156.0,537.0,34.0,62.0
2024-07-29 16:00:00,361.0,638.0,142.0,923.0,34.0,52.0
2024-07-29 17:00:00,360.0,640.0,142.0,1080.0,34.0,98.0
2024-07-29 18:00:00,360.0,648.0,148.0,1166.0,34.0,164.0
2024-07-29 19:00:00,364.0,650.0,161.0,1191.0,35.0,152.0
2024-07-29 20:00:00,368.0,665.0,174.0,1186.0,35.0,152.0
2024-07-29 21:00:00,376.0,746.0,174.0,1169.0,35.0,158.0
2024-07-29 22:00:00,386.0,918.0,180.0,1161.0,82.0,191.0
2024-07-29 23:00:00,388.0,963.0,184.0,1106.0,137.0,207.0
2024-07-30 00:00:00,389.0,1191.0,206.0,991.0,138.0,208.0
2024-07-30 01:00:00,392.0,1395.0,257.0,813.0,138.0,214.0
2024-07-30 02:00:00,391.0,1696.0,259.0,418.0,160.0,213.0
2024-07-30 03:00:00,389.0,1801.0,262.0,43.0,328.0,190.0
2024-07-30 04:00:00,397.0,1803.0,264.0,0.0,327.0,195.0
2024-07-30 05:00:00,395.0,1811.0,259.0,0.0,136.0,182.0
2024-07-30 06:00:00,403.0,1796.0,257.0,0.0,137.0,187.0
2024-07-30 07:00:00,386.0,1510.0,235.0,0.0,137.0,167.0
2024-07-30 08:00:00,356.0,1441.0,236.0,0.0,139.0,147.0
2024-07-30 09:00:00,354.0,937.0,239.0,0.0,140.0,130.0
2024-07-30 10:00:00,353.0,672.0,231.0,0.0,139.0,80.0
2024-07-30 11:00:00,353.0,656.0,218.0,0.0,139.0,76.0
2024-07-30 12:00:00,347.0,708.0,216.0,0.0,139.0,93.0
2024-07-30 13:00:00,347.0,761.0,219.0,0.0,140.0,102.0
2024-07-30 14:00:00,359.0,778.0,202.0,78.0,140.0,106.0
2024-07-30 15:00:00,360.0,633.0,152.0,485.0,140.0,90.0
2024-07-30 16:00:00,361.0,648.0,135.0,889.0,0.0,102.0
2024-07-30 17:00:00,360.0,647.0,119.0,1034.0,0.0,174.0
2024-07-30 18:00:00,362.0,644.0,123.0,1122.0,0.0,147.0
2024-07-30 19:00:00,357.0,685.0,134.0,1156.0,0.0,102.0
2024-07-30 20:00:00,369.0,690.0,155.0,1158.0,0.0,109.0
2024-07-30 21:00:00,377.0,773.0,160.0,1145.0,0.0,105.0
2024-07-30 22:00:00,380.0,852.0,166.0,1114.0,142.0,140.0
2024-07-30 23:00:00,383.0,1038.0,191.0,1067.0,145.0,128.0
2024-07-31 00:00:00,385.0,1049.0,199.0,944.0,146.0,167.0
2024-07-31 01:00:00,383.0,1249.0,246.0,689.0,336.0,208.0
2024-07-31 02:00:00,381.0,1320.0,256.0,291.0,369.0,208.0
2024-07-31 03:00:00,380.0,1317.0,258.0,29.0,405.0,174.0
2024-07-31 04:00:00,386.0,1317.0,259.0,0.0,371.0,171.0
2024-07-31 05:00:00,386.0,1322.0,258.0,0.0,276.0,200.0
2024-07-31 06:00:00,371.0,1301.0,260.0,0.0,41.0,225.0
2024-07-31 07:00:00,354.0,1274.0,256.0,0.0,37.0,196.0
2024-07-31 08:00:00,354.0,1273.0,252.0,0.0,37.0,157.0
2024-07-31 09:00:00,353.0,1273.0,245.0,0.0,37.0,106.0
2024-07-31 10:00:00,349.0,1271.0,238.0,0.0,37.0,27.0
2024-07-31 11:00:00,348.0,1276.0,230.0,0.0,32.0,10.0
2024-07-31 12:00:00,348.0,1277.0,230.0,0.0,34.0,0.0
2024-07-31 13:00:00,350.0,1278.0,233.0,0.0,34.0,0.0
2024-07-31 14:00:00,369.0,1321.0,223.0,80.0,34.0,0.0
2024-07-31 15:00:00,361.0,1116.0,206.0,498.0,34.0,0.0
2024-07-31 16:00:00,358.0,790.0,151.0,888.0,34.0,0.0
2024-07-31 17:00:00,350.0,775.0,149.0,1072.0,34.0,0.0
2024-07-31 18:00:00,349.0,816.0,151.0,1148.0,34.0,0.0
2024-07-31 19:00:00,356.0,841.0,172.0,1180.0,34.0,0.0
2024-07-31 20:00:00,377.0,998.0,184.0,1179.0,34.0,0.0
2024-07-31 21:00:00,382.0,1262.0,211.0,1173.0,33.0,0.0
2024-07-31 22:00:00,383.0,1342.0,239.0,1140.0,33.0,0.0
2024-07-31 23:00:00,388.0,1532.0,240.0,1072.0,208.0,1.0
2024-08-01 00:00:00,387.0,1513.0,252.0,964.0,332.0,2.0
2024-08-01 01:00:00,391.0,1513.0,258.0,794.0,377.0,2.0
2024-08-01 02:00:00,390.0,1636.0,258.0,420.0,401.0,8.0
2024-08-01 03:00:00,392.0,1581.0,264.0,44.0,622.0,44.0
2024-08-01 04:00:00,395.0,1606.0,260.0,0.0,371.0,65.0
2024-08-01 05:00:00,391.0,1667.0,257.0,0.0,275.0,36.0
2024-08-01 06:00:00,380.0,1661.0,258.0,0.0,36.0,15.0
2024-08-01 07:00:00,363.0,1560.0,253.0,0.0,35.0,12.0
2024-08-01 08:00:00,355.0,1557.0,253.0,0.0,35.0,3.0
2024-08-01 09:00:00,354.0,1557.0,242.0,0.0,35.0,2.0
2024-08-01 10:00:00,353.0,1558.0,235.0,0.0,35.0,0.0
2024-08-01 11:00:00,352.0,1559.0,232.0,0.0,35.0,1.0
2024-08-01 12:00:00,352.0,1541.0,228.0,0.0,35.0,5.0
2024-08-01 13:00:00,363.0,1559.0,217.0,0.0,35.0,0.0
2024-08-01 14:00:00,438.0,1605.0,213.0,68.0,37.0,0.0
2024-08-01 15:00:00,440.0,1602.0,214.0,504.0,0.0,0.0
2024-08-01 16:00:00,448.0,1572.0,213.0,901.0,0.0,0.0
2024-08-01 17:00:00,440.0,1540.0,212.0,1043.0,0.0,0.0
2024-08-01 18:00:00,447.0,1471.0,214.0,1115.0,0.0,0.0
2024-08-01 19:00:00,447.0,1392.0,231.0,1075.0,0.0,0.0
2024-08-01 20:00:00,465.0,1403.0,246.0,956.0,0.0,0.0
2024-08-01 21:00:00,473.0,1424.0,252.0,1007.0,0.0,0.0
2024-08-01 22:00:00,491.0,1660.0,248.0,704.0,138.0,0.0
2024-08-01 23:00:00,472.0,1837.0,230.0,579.0,376.0,1.0
2024-08-02 00:00:00,478.0,1883.0,240.0,392.0,398.0,25.0
2024-08-02 01:00:00,480.0,1879.0,252.0,338.0,388.0,45.0
2024-08-02 02:00:00,480.0,2257.0,260.0,233.0,387.0,27.0
2024-08-02 03:00:00,479.0,2256.0,267.0,25.0,377.0,31.0
2024-08-02 04:00:00,472.0,2099.0,263.0,0.0,131.0,51.0
2024-08-02 05:00:00,468.0,2029.0,252.0,0.0,34.0,69.0
2024-08-02 06:00:00,406.0,1835.0,250.0,0.0,34.0,51.0
2024-08-02 07:00:00,364.0,1835.0,249.0,0.0,36.0,17.0
2024-08-02 08:00:00,358.0,1817.0,245.0,0.0,0.0,16.0
2024-08-02 09:00:00,354.0,1817.0,240.0,0.0,0.0,24.0
2024-08-02 10:00:00,354.0,1792.0,233.0,0.0,0.0,5.0
2024-08-02 11:00:00,352.0,1769.0,229.0,0.0,0.0,0.0
2024-08-02 12:00:00,352.0,1771.0,233.0,0.0,0.0,0.0
2024-08-02 13:00:00,346.0,1775.0,235.0,0.0,0.0,27.0
2024-08-02 14:00:00,357.0,1814.0,215.0,10.0,0.0,49.0
2024-08-02 15:00:00,358.0,1818.0,215.0,66.0,0.0,34.0
2024-08-02 16:00:00,349.0,1815.0,219.0,153.0,0.0,32.0
2024-08-02 17:00:00,376.0,1811.0,223.0,290.0,0.0,27.0
2024-08-02 18:00:00,416.0,1818.0,240.0,350.0,0.0,17.0
2024-08-02 19:00:00,425.0,1855.0,252.0,604.0,36.0,4.0
2024-08-02 20:00:00,538.0,1844.0,253.0,981.0,37.0,0.0
2024-08-02 21:00:00,622.0,1852.0,250.0,1102.0,140.0,0.0
2024-08-02 22:00:00,743.0,2090.0,248.0,1075.0,147.0,0.0
2024-08-02 23:00:00,813.0,2314.0,246.0,911.0,405.0,0.0
2024-08-03 00:00:00,746.0,2318.0,257.0,598.0,371.0,34.0
2024-08-03 01:00:00,608.0,2158.0,253.0,520.0,381.0,202.0
2024-08-03 02:00:00,512.0,2112.0,256.0,302.0,385.0,204.0
2024-08-03 03:00:00,419.0,2118.0,263.0,31.0,382.0,228.0
2024-08-03 04:00:00,394.0,2130.0,263.0,0.0,363.0,173.0
2024-08-03 05:00:00,387.0,1922.0,255.0,0.0,270.0,164.0
2024-08-03 06:00:00,380.0,1841.0,255.0,0.0,47.0,65.0
2024-08-03 07:00:00,377.0,1810.0,249.0,0.0,33.0,91.0
2024-08-03 08:00:00,369.0,1818.0,241.0,0.0,33.0,78.0
2024-08-03 09:00:00,359.0,1828.0,229.0,0.0,33.0,54.0
2024-08-03 10:00:00,355.0,1796.0,225.0,0.0,33.0,63.0
2024-08-03 11:00:00,352.0,1788.0,224.0,0.0,33.0,47.0
2024-08-03 12:00:00,351.0,1788.0,228.0,0.0,33.0,30.0
2024-08-03 13:00:00,351.0,1790.0,229.0,0.0,33.0,77.0
2024-08-03 14:00:00,363.0,1722.0,214.0,76.0,33.0,87.0
2024-08-03 15:00:00,365.0,977.0,189.0,509.0,33.0,72.0
2024-08-03 16:00:00,353.0,697.0,132.0,896.0,34.0,65.0
2024-08-03 17:00:00,359.0,595.0,133.0,1047.0,33.0,83.0
2024-08-03 18:00:00,368.0,627.0,142.0,1130.0,34.0,87.0
2024-08-03 19:00:00,376.0,698.0,158.0,1162.0,34.0,90.0
2024-08-03 20:00:00,382.0,934.0,197.0,1096.0,35.0,68.0
2024-08-03 21:00:00,383.0,1044.0,228.0,1121.0,326.0,57.0
2024-08-03 22:00:00,386.0,1250.0,230.0,1068.0,333.0,44.0
2024-08-03 23:00:00,386.0,1426.0,236.0,1013.0,530.0,135.0
2024-08-04 00:00:00,386.0,1561.0,237.0,806.0,524.0,114.0
2024-08-04 01:00:00,391.0,1724.0,241.0,724.0,525.0,41.0
2024-08-04 02:00:00,385.0,1801.0,255.0,378.0,535.0,59.0
2024-08-04 03:00:00,387.0,1809.0,270.0,34.0,570.0,38.0
2024-08-04 04:00:00,385.0,1818.0,254.0,0.0,579.0,56.0
2024-08-04 05:00:00,389.0,1822.0,251.0,0.0,501.0,19.0
2024-08-04 06:00:00,387.0,1823.0,251.0,0.0,76.0,8.0
2024-08-04 07:00:00,380.0,1830.0,242.0,0.0,33.0,8.0
2024-08-04 08:00:00,423.0,1822.0,243.0,0.0,33.0,18.0
2024-08-04 09:00:00,414.0,1795.0,239.0,0.0,33.0,25.0
2024-08-04 10:00:00,411.0,1791.0,238.0,0.0,33.0,3.0
2024-08-04 11:00:00,410.0,1794.0,236.0,0.0,33.0,0.0
2024-08-04 12:00:00,411.0,1753.0,231.0,0.0,33.0,8.0
2024-08-04 13:00:00,411.0,1526.0,216.0,0.0,33.0,12.0
2024-08-04 14:00:00,411.0,1371.0,199.0,76.0,33.0,18.0
2024-08-04 15:00:00,414.0,797.0,137.0,506.0,33.0,18.0
2024-08-04 16:00:00,422.0,647.0,129.0,899.0,33.0,22.0
2024-08-04 17:00:00,425.0,646.0,145.0,1045.0,33.0,45.0
2024-08-04 18:00:00,425.0,650.0,150.0,1113.0,33.0,30.0
2024-08-04 19:00:00,444.0,753.0,136.0,1141.0,33.0,23.0
2024-08-04 20:00:00,444.0,810.0,137.0,1145.0,33.0,49.0
2024-08-04 21:00:00,459.0,1096.0,159.0,1121.0,135.0,35.0
2024-08-04 22:00:00,469.0,1344.0,208.0,1085.0,145.0,23.0
2024-08-04 23:00:00,461.0,1537.0,234.0,957.0,347.0,11.0
2024-08-05 00:00:00,452.0,1642.0,243.0,880.0,329.0,4.0
2024-08-05 01:00:00,453.0,2023.0,248.0,661.0,554.0,16.0
2024-08-05 02:00:00,458.0,2108.0,250.0,343.0,625.0,12.0
2024-08-05 03:00:00,455.0,2161.0,264.0,28.0,620.0,16.0
2024-08-05 04:00:00,451.0,1971.0,241.0,0.0,611.0,53.0
2024-08-05 05:00:00,457.0,1964.0,247.0,0.0,515.0,120.0
2024-08-05 06:00:00,447.0,1954.0,249.0,0.0,45.0,181.0
2024-08-05 07:00:00,459.0,1830.0,250.0,0.0,38.0,157.0
2024-08-05 08:00:00,482.0,1829.0,246.0,0.0,0.0,130.0
2024-08-05 09:00:00,415.0,1821.0,238.0,0.0,0.0,91.0
2024-08-05 10:00:00,411.0,1795.0,234.0,0.0,0.0,50.0
2024-08-05 11:00:00,411.0,1793.0,234.0,0.0,0.0,77.0
2024-08-05 12:00:00,410.0,1794.0,231.0,0.0,0.0,89.0
2024-08-05 13:00:00,410.0,1796.0,232.0,0.0,0.0,78.0
2024-08-05 14:00:00,370.0,1797.0,229.0,68.0,0.0,53.0
2024-08-05 15:00:00,361.0,1806.0,218.0,412.0,0.0,53.0
2024-08-05 16:00:00,409.0,1793.0,215.0,787.0,0.0,43.0
2024-08-05 17:00:00,552.0,1711.0,206.0,936.0,0.0,74.0
2024-08-05 18:00:00,653.0,1834.0,227.0,1045.0,0.0,81.0
2024-08-05 19:00:00,654.0,1851.0,239.0,1043.0,0.0,39.0
2024-08-05 20:00:00,647.0,2052.0,245.0,1083.0,49.0,11.0
2024-08-05 21:00:00,653.0,2061.0,243.0,1085.0,154.0,11.0
2024-08-05 22:00:00,660.0,2156.0,249.0,1083.0,324.0,31.0
2024-08-05 23:00:00,666.0,2171.0,250.0,1011.0,363.0,47.0
2024-08-06 00:00:00,672.0,2208.0,257.0,802.0,547.0,18.0
2024-08-06 01:00:00,666.0,2274.0,265.0,687.0,531.0,81.0
2024-08-06 02:00:00,678.0,2281.0,269.0,349.0,601.0,81.0
2024-08-06 03:00:00,718.0,2286.0,275.0,32.0,598.0,87.0
2024-08-06 04:00:00,711.0,2292.0,261.0,0.0,519.0,125.0
2024-08-06 05:00:00,703.0,2300.0,258.0,0.0,436.0,160.0
2024-08-06 06:00:00,723.0,2068.0,256.0,0.0,258.0,157.0
2024-08-06 07:00:00,595.0,1821.0,247.0,0.0,90.0,145.0
2024-08-06 08:00:00,447.0,1865.0,246.0,0.0,0.0,107.0
2024-08-06 09:00:00,359.0,1861.0,246.0,0.0,0.0,107.0
2024-08-06 10:00:00,354.0,1821.0,238.0,0.0,0.0,72.0
2024-08-06 11:00:00,352.0,1807.0,234.0,0.0,0.0,68.0
2024-08-06 12:00:00,352.0,1787.0,234.0,0.0,0.0,78.0
2024-08-06 13:00:00,351.0,1787.0,236.0,0.0,0.0,61.0
2024-08-06 14:00:00,368.0,1756.0,234.0,57.0,0.0,59.0
2024-08-06 15:00:00,373.0,1668.0,211.0,374.0,0.0,56.0
2024-08-06 16:00:00,379.0,1381.0,148.0,803.0,0.0,57.0
2024-08-06 17:00:00,381.0,1365.0,161.0,718.0,0.0,74.0
2024-08-06 18:00:00,385.0,1515.0,157.0,1037.0,0.0,74.0
2024-08-06 19:00:00,384.0,1703.0,202.0,1069.0,38.0,35.0
2024-08-06 20:00:00,386.0,1847.0,225.0,1082.0,38.0,54.0
2024-08-06 21:00:00,396.0,2109.0,233.0,1075.0,39.0,58.0
2024-08-06 22:00:00,403.0,2156.0,232.0,1050.0,38.0,51.0
2024-08-06 23:00:00,407.0,2121.0,238.0,958.0,237.0,43.0
2024-08-07 00:00:00,410.0,2160.0,249.0,887.0,373.0,66.0
2024-08-07 01:00:00,406.0,2276.0,253.0,695.0,399.0,114.0
2024-08-07 02:00:00,392.0,2281.0,262.0,311.0,387.0,26.0
2024-08-07 03:00:00,399.0,2239.0,271.0,24.0,386.0,87.0
2024-08-07 04:00:00,410.0,2284.0,245.0,0.0,377.0,211.0
2024-08-07 05:00:00,405.0,2290.0,242.0,0.0,52.0,109.0
2024-08-07 06:00:00,399.0,1992.0,243.0,0.0,37.0,87.0
2024-08-07 07:00:00,384.0,1884.0,243.0,0.0,37.0,135.0
2024-08-07 08:00:00,372.0,1909.0,242.0,0.0,37.0,141.0
2024-08-07 09:00:00,361.0,1867.0,241.0,0.0,37.0,164.0
2024-08-07 10:00:00,354.0,1798.0,240.0,0.0,36.0,238.0
2024-08-07 11:00:00,352.0,1767.0,240.0,0.0,37.0,227.0
2024-08-07 12:00:00,352.0,1874.0,240.0,0.0,37.0,188.0
2024-08-07 13:00:00,353.0,1875.0,241.0,0.0,37.0,187.0
2024-08-07 14:00:00,370.0,1922.0,229.0,29.0,37.0,142.0
2024-08-07 15:00:00,373.0,1936.0,226.0,404.0,36.0,110.0
2024-08-07 16:00:00,383.0,1877.0,174.0,846.0,25.0,142.0
2024-08-07 17:00:00,375.0,1825.0,153.0,993.0,33.0,114.0
2024-08-07 18:00:00,374.0,1806.0,164.0,943.0,42.0,50.0
2024-08-07 19:00:00,382.0,1849.0,175.0,992.0,47.0,14.0
2024-08-07 20:00:00,383.0,1881.0,180.0,1020.0,50.0,1.0
2024-08-07 21:00:00,380.0,1912.0,224.0,1102.0,147.0,2.0
2024-08-07 22:00:00,382.0,1913.0,203.0,1086.0,147.0,14.0
2024-08-07 23:00:00,381.0,1966.0,202.0,1009.0,147.0,23.0
2024-08-08 00:00:00,380.0,1921.0,187.0,922.0,146.0,87.0
2024-08-08 01:00:00,382.0,1918.0,219.0,668.0,147.0,97.0
2024-08-08 02:00:00,381.0,2018.0,249.0,324.0,149.0,109.0
2024-08-08 03:00:00,382.0,2074.0,250.0,26.0,151.0,138.0
2024-08-08 04:00:00,389.0,2007.0,249.0,0.0,139.0,235.0
2024-08-08 05:00:00,403.0,2004.0,249.0,0.0,40.0,137.0
2024-08-08 06:00:00,390.0,1830.0,250.0,0.0,40.0,136.0
2024-08-08 07:00:00,374.0,1779.0,248.0,0.0,40.0,156.0
2024-08-08 08:00:00,358.0,1778.0,249.0,0.0,40.0,130.0
2024-08-08 09:00:00,354.0,1779.0,246.0,0.0,40.0,132.0
2024-08-08 10:00:00,352.0,1653.0,243.0,0.0,39.0,69.0
2024-08-08 11:00:00,352.0,1508.0,242.0,0.0,39.0,96.0
2024-08-08 12:00:00,352.0,1385.0,242.0,0.0,39.0,139.0
2024-08-08 13:00:00,352.0,1286.0,241.0,0.0,39.0,135.0
2024-08-08 14:00:00,400.0,1354.0,225.0,31.0,39.0,76.0
2024-08-08 15:00:00,400.0,1368.0,195.0,158.0,39.0,50.0
2024-08-08 16:00:00,402.0,1230.0,151.0,730.0,39.0,51.0
2024-08-08 17:00:00,392.0,1009.0,147.0,867.0,39.0,37.0
2024-08-08 18:00:00,393.0,950.0,152.0,848.0,39.0,11.0
2024-08-08 19:00:00,401.0,1077.0,169.0,901.0,39.0,2.0
2024-08-08 20:00:00,480.0,1173.0,178.0,969.0,39.0,2.0
2024-08-08 21:00:00,428.0,1336.0,177.0,980.0,39.0,4.0
2024-08-08 22:00:00,417.0,1468.0,168.0,988.0,39.0,7.0
2024-08-08 23:00:00,418.0,1621.0,179.0,965.0,41.0,13.0
2024-08-09 00:00:00,442.0,1590.0,210.0,810.0,142.0,38.0
2024-08-09 01:00:00,606.0,1594.0,244.0,669.0,147.0,222.0
2024-08-09 02:00:00,613.0,1757.0,255.0,330.0,148.0,176.0
2024-08-09 03:00:00,615.0,1894.0,258.0,27.0,148.0,58.0
2024-08-09 04:00:00,624.0,1839.0,258.0,0.0,137.0,110.0
2024-08-09 05:00:00,621.0,1796.0,260.0,0.0,39.0,133.0
2024-08-09 06:00:00,609.0,1745.0,260.0,0.0,39.0,138.0
2024-08-09 07:00:00,514.0,1739.0,256.0,0.0,39.0,105.0
2024-08-09 08:00:00,382.0,1730.0,254.0,0.0,0.0,100.0
2024-08-09 09:00:00,356.0,1699.0,242.0,0.0,0.0,101.0
2024-08-09 10:00:00,354.0,1478.0,239.0,0.0,0.0,78.0
2024-08-09 11:00:00,351.0,1449.0,228.0,0.0,0.0,50.0
2024-08-09 12:00:00,351.0,1478.0,228.0,0.0,0.0,51.0
2024-08-09 13:00:00,376.0,1489.0,232.0,0.0,0.0,60.0
2024-08-09 14:00:00,479.0,1501.0,229.0,46.0,0.0,99.0
2024-08-09 15:00:00,420.0,1431.0,217.0,402.0,0.0,82.0
2024-08-09 16:00:00,389.0,1241.0,211.0,839.0,0.0,102.0
2024-08-09 17:00:00,393.0,1235.0,166.0,990.0,0.0,153.0
2024-08-09 18:00:00,399.0,1205.0,148.0,1093.0,0.0,138.0
2024-08-09 19:00:00,399.0,1227.0,164.0,1114.0,0.0,113.0
2024-08-09 20:00:00,406.0,1218.0,185.0,1131.0,37.0,53.0
2024-08-09 21:00:00,407.0,1471.0,187.0,1120.0,123.0,13.0
2024-08-09 22:00:00,407.0,1553.0,234.0,1073.0,130.0,3.0
2024-08-09 23:00:00,485.0,1636.0,249.0,1031.0,137.0,8.0
2024-08-10 00:00:00,613.0,1600.0,244.0,933.0,323.0,17.0
2024-08-10 01:00:00,615.0,1846.0,237.0,684.0,327.0,58.0
2024-08-10 02:00:00,614.0,2019.0,238.0,312.0,327.0,146.0
2024-08-10 03:00:00,615.0,2144.0,240.0,28.0,326.0,48.0
2024-08-10 04:00:00,623.0,2145.0,243.0,0.0,314.0,130.0
2024-08-10 05:00:00,623.0,2155.0,244.0,0.0,216.0,113.0
2024-08-10 06:00:00,610.0,1781.0,244.0,0.0,40.0,48.0
2024-08-10 07:00:00,515.0,1775.0,244.0,0.0,30.0,57.0
2024-08-10 08:00:00,382.0,1776.0,244.0,0.0,30.0,64.0
2024-08-10 09:00:00,358.0,1692.0,230.0,0.0,30.0,53.0
2024-08-10 10:00:00,354.0,1478.0,229.0,0.0,30.0,23.0
2024-08-10 11:00:00,351.0,1478.0,228.0,0.0,30.0,63.0
2024-08-10 12:00:00,351.0,1478.0,230.0,0.0,30.0,92.0
2024-08-10 13:00:00,352.0,1408.0,225.0,0.0,30.0,91.0
2024-08-10 14:00:00,377.0,1057.0,218.0,54.0,30.0,88.0
2024-08-10 15:00:00,377.0,803.0,155.0,454.0,30.0,109.0
2024-08-10 16:00:00,376.0,595.0,135.0,861.0,31.0,100.0
2024-08-10 17:00:00,377.0,595.0,139.0,1023.0,41.0,107.0
2024-08-10 18:00:00,391.0,597.0,147.0,1091.0,46.0,156.0
2024-08-10 19:00:00,395.0,663.0,152.0,1119.0,43.0,121.0
2024-08-10 20:00:00,413.0,897.0,173.0,1084.0,38.0,35.0
2024-08-10 21:00:00,412.0,1012.0,185.0,1058.0,174.0,69.0
2024-08-10 22:00:00,626.0,1259.0,237.0,944.0,168.0,30.0
2024-08-10 23:00:00,636.0,1591.0,249.0,996.0,147.0,92.0
2024-08-11 00:00:00,510.0,1712.0,247.0,888.0,323.0,204.0
2024-08-11 01:00:00,420.0,1718.0,246.0,619.0,341.0,129.0
2024-08-11 02:00:00,413.0,1719.0,250.0,333.0,333.0,169.0
2024-08-11 03:00:00,418.0,1731.0,249.0,22.0,334.0,148.0
2024-08-11 04:00:00,419.0,1639.0,247.0,0.0,324.0,104.0
2024-08-11 05:00:00,418.0,1638.0,253.0,0.0,225.0,182.0
2024-08-11 06:00:00,379.0,1540.0,255.0,0.0,41.0,216.0
2024-08-11 07:00:00,367.0,1491.0,252.0,0.0,39.0,261.0
2024-08-11 08:00:00,362.0,1473.0,248.0,0.0,39.0,208.0
2024-08-11 09:00:00,356.0,1474.0,231.0,0.0,40.0,135.0
2024-08-11 10:00:00,353.0,1470.0,230.0,0.0,40.0,143.0
2024-08-11 11:00:00,352.0,1471.0,225.0,0.0,40.0,163.0
2024-08-11 12:00:00,351.0,1404.0,224.0,0.0,40.0,181.0
2024-08-11 13:00:00,351.0,1252.0,218.0,0.0,40.0,173.0
2024-08-11 14:00:00,348.0,1147.0,200.0,57.0,39.0,187.0
2024-08-11 15:00:00,350.0,805.0,155.0,460.0,0.0,150.0
2024-08-11 16:00:00,355.0,604.0,143.0,877.0,0.0,167.0
2024-08-11 17:00:00,351.0,619.0,153.0,1046.0,0.0,183.0
2024-08-11 18:00:00,357.0,683.0,172.0,1121.0,0.0,175.0
2024-08-11 19:00:00,363.0,720.0,162.0,1150.0,0.0,168.0
2024-08-11 20:00:00,371.0,829.0,178.0,1143.0,0.0,110.0
2024-08-11 21:00:00,371.0,1118.0,185.0,1122.0,0.0,132.0
2024-08-11 22:00:00,374.0,1305.0,227.0,1044.0,147.0,201.0
2024-08-11 23:00:00,386.0,1368.0,246.0,1065.0,148.0,82.0
2024-08-12 00:00:00,376.0,1609.0,248.0,940.0,174.0,42.0
2024-08-12 01:00:00,387.0,1642.0,250.0,650.0,380.0,165.0
2024-08-12 02:00:00,385.0,1801.0,258.0,327.0,388.0,123.0
2024-08-12 03:00:00,380.0,1903.0,255.0,22.0,386.0,129.0
2024-08-12 04:00:00,383.0,1905.0,258.0,0.0,379.0,40.0
2024-08-12 05:00:00,382.0,1909.0,260.0,0.0,278.0,55.0
2024-08-12 06:00:00,377.0,1813.0,255.0,0.0,46.0,40.0
2024-08-12 07:00:00,360.0,1809.0,252.0,0.0,41.0,92.0
2024-08-12 08:00:00,349.0,1719.0,253.0,0.0,0.0,160.0
2024-08-12 09:00:00,356.0,1476.0,253.0,0.0,0.0,123.0
2024-08-12 10:00:00,356.0,1470.0,253.0,0.0,0.0,53.0
2024-08-12 11:00:00,354.0,1478.0,255.0,0.0,0.0,48.0
2024-08-12 12:00:00,352.0,1486.0,256.0,0.0,0.0,40.0
2024-08-12 13:00:00,352.0,1497.0,250.0,0.0,0.0,51.0
2024-08-12 14:00:00,361.0,1500.0,241.0,52.0,40.0,93.0
2024-08-12 15:00:00,359.0,1273.0,219.0,442.0,43.0,107.0
2024-08-12 16:00:00,361.0,935.0,147.0,852.0,43.0,116.0
2024-08-12 17:00:00,364.0,968.0,145.0,1032.0,43.0,140.0
2024-08-12 18:00:00,373.0,985.0,154.0,1121.0,43.0,169.0
2024-08-12 19:00:00,375.0,1077.0,176.0,1155.0,43.0,154.0
2024-08-12 20:00:00,370.0,1236.0,210.0,1157.0,44.0,152.0
2024-08-12 21:00:00,370.0,1565.0,197.0,1164.0,44.0,133.0
2024-08-12 22:00:00,375.0,1667.0,193.0,1143.0,49.0,129.0
2024-08-12 23:00:00,512.0,1675.0,233.0,1073.0,231.0,173.0
2024-08-13 00:00:00,604.0,1647.0,237.0,918.0,332.0,96.0
2024-08-13 01:00:00,604.0,1681.0,243.0,718.0,357.0,28.0
2024-08-13 02:00:00,610.0,1707.0,259.0,335.0,374.0,79.0
2024-08-13 03:00:00,615.0,1933.0,240.0,19.0,391.0,26.0
2024-08-13 04:00:00,610.0,2111.0,251.0,0.0,392.0,155.0
2024-08-13 05:00:00,554.0,2161.0,255.0,0.0,388.0,80.0
2024-08-13 06:00:00,494.0,1838.0,255.0,0.0,158.0,44.0
2024-08-13 07:00:00,385.0,1781.0,254.0,0.0,143.0,50.0
2024-08-13 08:00:00,356.0,1774.0,253.0,0.0,60.0,35.0
2024-08-13 09:00:00,355.0,1770.0,249.0,0.0,58.0,25.0
2024-08-13 10:00:00,353.0,1502.0,190.0,0.0,58.0,28.0
2024-08-13 11:00:00,351.0,1505.0,183.0,0.0,58.0,7.0
2024-08-13 12:00:00,352.0,1508.0,176.0,0.0,59.0,4.0
2024-08-13 13:00:00,351.0,1509.0,227.0,0.0,43.0,4.0
2024-08-13 14:00:00,367.0,1502.0,219.0,53.0,0.0,4.0
2024-08-13 15:00:00,367.0,1000.0,160.0,470.0,0.0,4.0
2024-08-13 16:00:00,367.0,646.0,134.0,874.0,0.0,4.0
2024-08-13 17:00:00,370.0,677.0,147.0,1051.0,0.0,36.0
2024-08-13 18:00:00,378.0,676.0,155.0,1138.0,0.0,156.0
2024-08-13 19:00:00,379.0,804.0,168.0,1161.0,0.0,176.0
2024-08-13 20:00:00,381.0,944.0,180.0,1164.0,0.0,233.0
2024-08-13 21:00:00,387.0,1155.0,181.0,1160.0,0.0,226.0
2024-08-13 22:00:00,486.0,1292.0,181.0,1155.0,0.0,225.0
2024-08-13 23:00:00,490.0,1228.0,184.0,1095.0,230.0,216.0
2024-08-14 00:00:00,408.0,1293.0,185.0,973.0,580.0,214.0
2024-08-14 01:00:00,380.0,1531.0,203.0,765.0,522.0,221.0
2024-08-14 02:00:00,381.0,1633.0,252.0,321.0,587.0,186.0
2024-08-14 03:00:00,382.0,1658.0,256.0,16.0,629.0,188.0
2024-08-14 04:00:00,384.0,1661.0,259.0,0.0,631.0,209.0
2024-08-14 05:00:00,386.0,1652.0,259.0,0.0,389.0,202.0
2024-08-14 06:00:00,375.0,1526.0,253.0,0.0,174.0,209.0
2024-08-14 07:00:00,362.0,1528.0,250.0,0.0,151.0,201.0
2024-08-14 08:00:00,356.0,1426.0,250.0,0.0,0.0,201.0
2024-08-14 09:00:00,354.0,1195.0,234.0,0.0,0.0,187.0
2024-08-14 10:00:00,353.0,1162.0,182.0,0.0,0.0,31.0
2024-08-14 11:00:00,352.0,1014.0,171.0,0.0,0.0,40.0
2024-08-14 12:00:00,352.0,884.0,175.0,0.0,0.0,70.0
2024-08-14 13:00:00,348.0,988.0,236.0,0.0,0.0,80.0
2024-08-14 14:00:00,362.0,1000.0,224.0,51.0,0.0,62.0
2024-08-14 15:00:00,380.0,758.0,158.0,457.0,0.0,58.0
2024-08-14 16:00:00,374.0,599.0,142.0,883.0,0.0,66.0
2024-08-14 17:00:00,369.0,597.0,143.0,1054.0,0.0,69.0
2024-08-14 18:00:00,370.0,622.0,148.0,1134.0,0.0,114.0
2024-08-14 19:00:00,371.0,654.0,164.0,1156.0,0.0,140.0
2024-08-14 20:00:00,370.0,869.0,177.0,1154.0,0.0,116.0
2024-08-14 21:00:00,371.0,878.0,175.0,1146.0,43.0,134.0
2024-08-14 22:00:00,382.0,1051.0,174.0,1135.0,49.0,151.0
2024-08-14 23:00:00,388.0,1123.0,177.0,1082.0,230.0,164.0
2024-08-15 00:00:00,382.0,1277.0,195.0,983.0,332.0,167.0
2024-08-15 01:00:00,382.0,1529.0,224.0,776.0,346.0,180.0
2024-08-15 02:00:00,383.0,1587.0,248.0,327.0,368.0,169.0
2024-08-15 03:00:00,393.0,1593.0,254.0,15.0,391.0,139.0
2024-08-15 04:00:00,390.0,1571.0,255.0,0.0,392.0,172.0
2024-08-15 05:00:00,388.0,1582.0,252.0,0.0,378.0,212.0
2024-08-15 06:00:00,376.0,1650.0,254.0,0.0,153.0,208.0
2024-08-15 07:00:00,364.0,1768.0,253.0,0.0,151.0,195.0
2024-08-15 08:00:00,348.0,1764.0,252.0,0.0,0.0,175.0
2024-08-15 09:00:00,355.0,1772.0,249.0,0.0,0.0,155.0
2024-08-15 10:00:00,367.0,1695.0,193.0,0.0,0.0,121.0
2024-08-15 11:00:00,354.0,1464.0,181.0,0.0,0.0,96.0
2024-08-15 12:00:00,351.0,1468.0,174.0,0.0,0.0,59.0
2024-08-15 13:00:00,345.0,1433.0,229.0,0.0,0.0,47.0
2024-08-15 14:00:00,368.0,1246.0,228.0,53.0,0.0,40.0
2024-08-15 15:00:00,377.0,895.0,160.0,473.0,0.0,51.0
2024-08-15 16:00:00,373.0,633.0,133.0,908.0,0.0,66.0
2024-08-15 17:00:00,373.0,683.0,144.0,1085.0,0.0,119.0
2024-08-15 18:00:00,380.0,689.0,149.0,1146.0,0.0,178.0
2024-08-15 19:00:00,385.0,531.0,172.0,1095.0,35.0,133.0
2024-08-15 20:00:00,383.0,904.0,175.0,1165.0,43.0,126.0
2024-08-15 21:00:00,385.0,978.0,200.0,1152.0,43.0,162.0
2024-08-15 22:00:00,409.0,1087.0,228.0,1130.0,43.0,187.0
2024-08-15 23:00:00,389.0,1468.0,229.0,1070.0,45.0,197.0
2024-08-16 00:00:00,385.0,1538.0,199.0,959.0,149.0,206.0
2024-08-16 01:00:00,390.0,1539.0,240.0,747.0,171.0,201.0
2024-08-16 02:00:00,385.0,1553.0,254.0,307.0,578.0,179.0
2024-08-16 03:00:00,433.0,1557.0,255.0,13.0,623.0,152.0
2024-08-16 04:00:00,388.0,1558.0,256.0,0.0,385.0,193.0
2024-08-16 05:00:00,391.0,1561.0,257.0,0.0,384.0,196.0
2024-08-16 06:00:00,380.0,1515.0,259.0,0.0,345.0,182.0
2024-08-16 07:00:00,366.0,1518.0,255.0,0.0,343.0,162.0
2024-08-16 08:00:00,359.0,1522.0,255.0,0.0,147.0,143.0
2024-08-16 09:00:00,356.0,1524.0,248.0,0.0,149.0,114.0
2024-08-16 10:00:00,353.0,1526.0,241.0,0.0,0.0,82.0
2024-08-16 11:00:00,352.0,1526.0,241.0,0.0,0.0,83.0
2024-08-16 12:00:00,351.0,1525.0,236.0,0.0,0.0,50.0
2024-08-16 13:00:00,346.0,1527.0,241.0,0.0,0.0,26.0
2024-08-16 14:00:00,363.0,1531.0,229.0,49.0,0.0,41.0
2024-08-16 15:00:00,377.0,1218.0,190.0,460.0,0.0,41.0
2024-08-16 16:00:00,378.0,882.0,137.0,887.0,0.0,31.0
2024-08-16 17:00:00,378.0,937.0,145.0,1056.0,0.0,64.0
2024-08-16 18:00:00,382.0,921.0,156.0,1125.0,0.0,131.0
2024-08-16 19:00:00,384.0,963.0,177.0,1153.0,0.0,100.0
2024-08-16 20:00:00,381.0,965.0,201.0,1165.0,0.0,106.0
2024-08-16 21:00:00,407.0,990.0,216.0,1149.0,40.0,117.0
2024-08-16 22:00:00,422.0,1120.0,228.0,1141.0,40.0,178.0
2024-08-16 23:00:00,382.0,1351.0,225.0,1055.0,40.0,212.0
2024-08-17 00:00:00,381.0,1554.0,242.0,960.0,143.0,232.0
2024-08-17 01:00:00,382.0,1556.0,246.0,742.0,372.0,222.0
2024-08-17 02:00:00,385.0,1554.0,252.0,304.0,582.0,201.0
2024-08-17 03:00:00,381.0,1556.0,244.0,13.0,625.0,108.0
2024-08-17 04:00:00,402.0,1476.0,255.0,0.0,626.0,86.0
2024-08-17 05:00:00,400.0,1253.0,263.0,0.0,630.0,127.0
2024-08-17 06:00:00,377.0,1062.0,261.0,0.0,396.0,122.0
2024-08-17 07:00:00,380.0,1061.0,259.0,0.0,164.0,77.0
2024-08-17 08:00:00,354.0,1058.0,256.0,0.0,148.0,56.0
2024-08-17 09:00:00,355.0,1060.0,248.0,0.0,148.0,74.0
2024-08-17 10:00:00,355.0,1037.0,242.0,0.0,148.0,54.0
2024-08-17 11:00:00,355.0,1011.0,236.0,0.0,148.0,31.0
2024-08-17 12:00:00,353.0,1015.0,230.0,0.0,147.0,29.0
2024-08-17 13:00:00,346.0,1011.0,229.0,0.0,0.0,23.0
2024-08-17 14:00:00,355.0,1011.0,228.0,43.0,0.0,12.0
2024-08-17 15:00:00,359.0,702.0,184.0,412.0,0.0,10.0
2024-08-17 16:00:00,355.0,505.0,124.0,827.0,0.0,110.0
2024-08-17 17:00:00,350.0,552.0,131.0,1007.0,0.0,104.0
2024-08-17 18:00:00,355.0,519.0,139.0,1117.0,0.0,208.0
2024-08-17 19:00:00,356.0,482.0,157.0,1172.0,0.0,184.0
2024-08-17 20:00:00,366.0,463.0,169.0,1177.0,0.0,9.0
2024-08-17 21:00:00,378.0,529.0,169.0,1150.0,0.0,22.0
2024-08-17 22:00:00,386.0,582.0,165.0,1089.0,142.0,91.0
2024-08-17 23:00:00,479.0,659.0,176.0,969.0,150.0,138.0
2024-08-18 00:00:00,616.0,589.0,182.0,905.0,331.0,14.0
2024-08-18 01:00:00,813.0,820.0,221.0,706.0,337.0,13.0
2024-08-18 02:00:00,841.0,1002.0,239.0,286.0,347.0,99.0
2024-08-18 03:00:00,658.0,1200.0,248.0,11.0,338.0,32.0
2024-08-18 04:00:00,623.0,1166.0,251.0,0.0,334.0,24.0
2024-08-18 05:00:00,578.0,1117.0,252.0,0.0,330.0,21.0
2024-08-18 06:00:00,413.0,1093.0,253.0,0.0,148.0,19.0
2024-08-18 07:00:00,356.0,1016.0,249.0,0.0,148.0,17.0
2024-08-18 08:00:00,350.0,1016.0,248.0,0.0,0.0,21.0
2024-08-18 09:00:00,357.0,1018.0,244.0,0.0,0.0,21.0
2024-08-18 10:00:00,372.0,1017.0,234.0,0.0,0.0,3.0
2024-08-18 11:00:00,380.0,1017.0,230.0,0.0,0.0,5.0
2024-08-18 12:00:00,353.0,1019.0,228.0,0.0,0.0,1.0
2024-08-18 13:00:00,353.0,1017.0,229.0,0.0,0.0,0.0
2024-08-18 14:00:00,347.0,1014.0,232.0,43.0,0.0,0.0
2024-08-18 15:00:00,354.0,704.0,168.0,443.0,0.0,1.0
2024-08-18 16:00:00,350.0,452.0,122.0,879.0,0.0,1.0
2024-08-18 17:00:00,345.0,442.0,129.0,1053.0,0.0,19.0
2024-08-18 18:00:00,347.0,444.0,138.0,1134.0,0.0,107.0
2024-08-18 19:00:00,347.0,465.0,156.0,1153.0,0.0,209.0
2024-08-18 20:00:00,355.0,441.0,168.0,1152.0,0.0,220.0
2024-08-18 21:00:00,461.0,463.0,156.0,1155.0,0.0,194.0
2024-08-18 22:00:00,613.0,495.0,172.0,1133.0,145.0,207.0
2024-08-18 23:00:00,617.0,621.0,166.0,1063.0,333.0,176.0
2024-08-19 00:00:00,614.0,535.0,176.0,937.0,336.0,197.0
2024-08-19 01:00:00,613.0,903.0,227.0,710.0,349.0,163.0
2024-08-19 02:00:00,614.0,1314.0,237.0,280.0,580.0,140.0
2024-08-19 03:00:00,605.0,1427.0,245.0,9.0,635.0,87.0
2024-08-19 04:00:00,429.0,1541.0,248.0,0.0,604.0,28.0
2024-08-19 05:00:00,388.0,1740.0,251.0,0.0,396.0,31.0
2024-08-19 06:00:00,376.0,1685.0,249.0,0.0,159.0,19.0
2024-08-19 07:00:00,358.0,1581.0,246.0,0.0,154.0,10.0
2024-08-19 08:00:00,354.0,1578.0,247.0,0.0,0.0,13.0
2024-08-19 09:00:00,356.0,1580.0,245.0,0.0,0.0,27.0
2024-08-19 10:00:00,356.0,1431.0,244.0,0.0,0.0,26.0
2024-08-19 11:00:00,349.0,1353.0,244.0,0.0,0.0,30.0
2024-08-19 12:00:00,343.0,1372.0,244.0,0.0,0.0,35.0
2024-08-19 13:00:00,345.0,1409.0,243.0,0.0,0.0,39.0
2024-08-19 14:00:00,360.0,1505.0,231.0,44.0,0.0,25.0
2024-08-19 15:00:00,373.0,1319.0,203.0,451.0,0.0,15.0
2024-08-19 16:00:00,375.0,1062.0,137.0,879.0,0.0,3.0
2024-08-19 17:00:00,375.0,1012.0,135.0,1046.0,0.0,6.0
2024-08-19 18:00:00,374.0,1004.0,137.0,1120.0,0.0,40.0
2024-08-19 19:00:00,379.0,1168.0,153.0,1148.0,0.0,93.0
2024-08-19 20:00:00,406.0,1147.0,206.0,1143.0,153.0,81.0
2024-08-19 21:00:00,543.0,1260.0,235.0,1125.0,153.0,71.0
2024-08-19 22:00:00,645.0,1325.0,237.0,1048.0,153.0,68.0
2024-08-19 23:00:00,604.0,1778.0,239.0,992.0,339.0,29.0
2024-08-20 00:00:00,394.0,1944.0,252.0,909.0,348.0,43.0
2024-08-20 01:00:00,387.0,1993.0,256.0,733.0,376.0,89.0
2024-08-20 02:00:00,395.0,2101.0,254.0,277.0,612.0,72.0
2024-08-20 03:00:00,390.0,2104.0,257.0,8.0,732.0,46.0
2024-08-20 04:00:00,389.0,2002.0,257.0,0.0,648.0,34.0
2024-08-20 05:00:00,389.0,1868.0,260.0,0.0,390.0,77.0
2024-08-20 06:00:00,380.0,1737.0,251.0,0.0,155.0,80.0
2024-08-20 07:00:00,367.0,1618.0,249.0,0.0,149.0,49.0
2024-08-20 08:00:00,363.0,1597.0,250.0,0.0,148.0,44.0
2024-08-20 09:00:00,357.0,1572.0,253.0,0.0,149.0,44.0
2024-08-20 10:00:00,354.0,1398.0,249.0,0.0,149.0,38.0
2024-08-20 11:00:00,352.0,1271.0,243.0,0.0,148.0,36.0
2024-08-20 12:00:00,352.0,1269.0,240.0,0.0,138.0,21.0
2024-08-20 13:00:00,348.0,1279.0,241.0,0.0,58.0,17.0
2024-08-20 14:00:00,359.0,1310.0,230.0,42.0,57.0,7.0
2024-08-20 15:00:00,393.0,1009.0,168.0,420.0,57.0,2.0
2024-08-20 16:00:00,362.0,716.0,124.0,880.0,62.0,6.0
2024-08-20 17:00:00,347.0,696.0,129.0,1048.0,147.0,41.0
2024-08-20 18:00:00,350.0,719.0,135.0,1118.0,151.0,102.0
2024-08-20 19:00:00,369.0,816.0,146.0,1141.0,152.0,132.0
2024-08-20 20:00:00,381.0,1000.0,156.0,1136.0,213.0,141.0
2024-08-20 21:00:00,383.0,1087.0,157.0,1135.0,336.0,156.0
2024-08-20 22:00:00,377.0,1361.0,222.0,1115.0,383.0,198.0
2024-08-20 23:00:00,383.0,1505.0,229.0,1063.0,393.0,198.0
2024-08-21 00:00:00,387.0,1779.0,265.0,962.0,345.0,198.0
2024-08-21 01:00:00,425.0,1882.0,270.0,739.0,352.0,201.0
2024-08-21 02:00:00,646.0,2073.0,254.0,279.0,555.0,198.0
2024-08-21 03:00:00,631.0,2105.0,254.0,7.0,549.0,163.0
2024-08-21 04:00:00,407.0,2003.0,235.0,0.0,548.0,122.0
2024-08-21 05:00:00,387.0,1850.0,250.0,0.0,147.0,120.0
2024-08-21 06:00:00,387.0,1615.0,254.0,0.0,149.0,113.0
2024-08-21 07:00:00,426.0,1604.0,253.0,0.0,151.0,111.0
2024-08-21 08:00:00,595.0,1535.0,255.0,0.0,0.0,110.0
2024-08-21 09:00:00,665.0,1537.0,257.0,0.0,0.0,105.0
2024-08-21 10:00:00,574.0,1320.0,257.0,0.0,0.0,96.0
2024-08-21 11:00:00,448.0,1227.0,256.0,0.0,0.0,90.0
2024-08-21 12:00:00,442.0,1230.0,246.0,0.0,0.0,72.0
2024-08-21 13:00:00,608.0,1229.0,245.0,0.0,0.0,90.0
2024-08-21 14:00:00,743.0,1249.0,228.0,37.0,0.0,85.0
2024-08-21 15:00:00,762.0,1000.0,182.0,434.0,0.0,76.0
2024-08-21 16:00:00,591.0,829.0,133.0,891.0,0.0,79.0
2024-08-21 17:00:00,561.0,854.0,131.0,1075.0,0.0,133.0
2024-08-21 18:00:00,635.0,939.0,156.0,1091.0,0.0,204.0
2024-08-21 19:00:00,733.0,966.0,157.0,1065.0,0.0,206.0
2024-08-21 20:00:00,832.0,984.0,222.0,1091.0,42.0,217.0
2024-08-21 21:00:00,981.0,997.0,227.0,953.0,44.0,222.0
2024-08-21 22:00:00,1032.0,1077.0,254.0,1110.0,218.0,216.0
2024-08-21 23:00:00,1044.0,1212.0,269.0,1059.0,277.0,223.0
2024-08-22 00:00:00,890.0,1230.0,251.0,933.0,287.0,211.0
2024-08-22 01:00:00,608.0,1430.0,248.0,721.0,392.0,217.0
2024-08-22 02:00:00,401.0,1658.0,254.0,265.0,566.0,214.0
2024-08-22 03:00:00,390.0,1696.0,246.0,7.0,565.0,196.0
2024-08-22 04:00:00,387.0,1650.0,236.0,0.0,415.0,196.0
2024-08-22 05:00:00,394.0,1493.0,251.0,0.0,378.0,200.0
2024-08-22 06:00:00,387.0,1568.0,247.0,0.0,139.0,128.0
2024-08-22 07:00:00,372.0,1486.0,241.0,0.0,141.0,122.0
2024-08-22 08:00:00,358.0,1280.0,244.0,0.0,0.0,140.0
2024-08-22 09:00:00,354.0,1222.0,244.0,0.0,0.0,123.0
2024-08-22 10:00:00,350.0,1227.0,243.0,0.0,0.0,91.0
2024-08-22 11:00:00,350.0,1222.0,235.0,0.0,0.0,68.0
2024-08-22 12:00:00,349.0,1225.0,230.0,0.0,0.0,98.0
2024-08-22 13:00:00,353.0,1222.0,242.0,0.0,0.0,94.0
2024-08-22 14:00:00,369.0,1245.0,232.0,37.0,0.0,146.0
2024-08-22 15:00:00,366.0,1173.0,210.0,432.0,0.0,214.0
2024-08-22 16:00:00,365.0,972.0,147.0,856.0,0.0,217.0
2024-08-22 17:00:00,361.0,903.0,142.0,946.0,0.0,236.0
2024-08-22 18:00:00,363.0,982.0,148.0,1101.0,0.0,215.0
2024-08-22 19:00:00,369.0,1094.0,156.0,1128.0,0.0,193.0
2024-08-22 20:00:00,371.0,1028.0,160.0,1119.0,0.0,179.0
2024-08-22 21:00:00,383.0,1153.0,176.0,1103.0,0.0,132.0
2024-08-22 22:00:00,394.0,1187.0,206.0,968.0,31.0,162.0
2024-08-22 23:00:00,389.0,1179.0,221.0,1026.0,31.0,198.0
2024-08-23 00:00:00,389.0,1104.0,194.0,927.0,32.0,197.0
2024-08-23 01:00:00,388.0,1283.0,223.0,708.0,130.0,225.0
2024-08-23 02:00:00,392.0,1461.0,254.0,250.0,133.0,210.0
2024-08-23 03:00:00,395.0,1478.0,258.0,6.0,132.0,222.0
2024-08-23 04:00:00,396.0,1478.0,259.0,0.0,130.0,192.0
2024-08-23 05:00:00,390.0,1476.0,259.0,0.0,131.0,143.0
2024-08-23 06:00:00,348.0,1471.0,248.0,0.0,131.0,120.0
2024-08-23 07:00:00,278.0,1295.0,236.0,0.0,132.0,115.0
2024-08-23 08:00:00,298.0,1202.0,239.0,0.0,132.0,77.0
2024-08-23 09:00:00,301.0,1201.0,233.0,0.0,132.0,65.0
2024-08-23 10:00:00,300.0,1246.0,217.0,0.0,132.0,43.0
2024-08-23 11:00:00,300.0,1183.0,203.0,0.0,132.0,91.0
2024-08-23 12:00:00,300.0,1176.0,202.0,0.0,132.0,138.0
2024-08-23 13:00:00,300.0,1089.0,210.0,0.0,187.0,129.0
2024-08-23 14:00:00,231.0,948.0,243.0,32.0,316.0,102.0
2024-08-23 15:00:00,194.0,769.0,175.0,430.0,132.0,93.0
2024-08-23 16:00:00,195.0,637.0,148.0,891.0,132.0,187.0
2024-08-23 17:00:00,195.0,635.0,149.0,1079.0,132.0,257.0
2024-08-23 18:00:00,196.0,636.0,145.0,1153.0,132.0,255.0
2024-08-23 19:00:00,193.0,635.0,155.0,1171.0,131.0,248.0
2024-08-23 20:00:00,194.0,571.0,162.0,1178.0,131.0,245.0
2024-08-23 21:00:00,194.0,457.0,172.0,1173.0,132.0,256.0
2024-08-23 22:00:00,195.0,457.0,174.0,1163.0,132.0,254.0
2024-08-23 23:00:00,198.0,544.0,184.0,1092.0,127.0,244.0
2024-08-24 00:00:00,198.0,660.0,188.0,968.0,300.0,244.0
2024-08-24 01:00:00,195.0,743.0,198.0,708.0,234.0,242.0
2024-08-24 02:00:00,193.0,917.0,251.0,238.0,342.0,244.0
2024-08-24 03:00:00,194.0,965.0,262.0,5.0,509.0,234.0
2024-08-24 04:00:00,194.0,973.0,257.0,0.0,503.0,231.0
2024-08-24 05:00:00,223.0,854.0,255.0,0.0,320.0,246.0
2024-08-24 06:00:00,301.0,682.0,257.0,0.0,317.0,233.0
2024-08-24 07:00:00,300.0,693.0,254.0,0.0,129.0,228.0
2024-08-24 08:00:00,302.0,706.0,250.0,0.0,129.0,201.0
2024-08-24 09:00:00,302.0,685.0,231.0,0.0,129.0,220.0
2024-08-24 10:00:00,306.0,671.0,225.0,0.0,120.0,200.0
2024-08-24 11:00:00,305.0,684.0,216.0,0.0,27.0,189.0
2024-08-24 12:00:00,307.0,683.0,212.0,0.0,27.0,171.0
2024-08-24 13:00:00,307.0,701.0,217.0,0.0,27.0,148.0
2024-08-24 14:00:00,239.0,702.0,227.0,36.0,29.0,224.0
2024-08-24 15:00:00,186.0,542.0,151.0,432.0,31.0,241.0
2024-08-24 16:00:00,185.0,456.0,120.0,881.0,0.0,256.0
2024-08-24 17:00:00,184.0,458.0,119.0,1073.0,0.0,246.0
2024-08-24 18:00:00,184.0,457.0,119.0,1154.0,0.0,234.0
2024-08-24 19:00:00,185.0,457.0,115.0,1167.0,0.0,231.0
2024-08-24 20:00:00,186.0,457.0,144.0,1180.0,0.0,241.0
2024-08-24 21:00:00,186.0,456.0,161.0,1177.0,0.0,252.0
2024-08-24 22:00:00,187.0,455.0,162.0,1163.0,31.0,240.0
2024-08-24 23:00:00,194.0,455.0,177.0,1099.0,31.0,231.0
2024-08-25 00:00:00,195.0,459.0,181.0,970.0,24.0,223.0
2024-08-25 01:00:00,196.0,580.0,180.0,711.0,192.0,219.0
2024-08-25 02:00:00,196.0,698.0,218.0,250.0,227.0,216.0
2024-08-25 03:00:00,194.0,809.0,245.0,5.0,219.0,171.0
2024-08-25 04:00:00,195.0,791.0,245.0,0.0,214.0,130.0
2024-08-25 05:00:00,225.0,770.0,246.0,0.0,316.0,148.0
2024-08-25 06:00:00,292.0,778.0,246.0,0.0,135.0,98.0
2024-08-25 07:00:00,292.0,789.0,246.0,0.0,128.0,85.0
2024-08-25 08:00:00,210.0,719.0,246.0,0.0,127.0,123.0
2024-08-25 09:00:00,175.0,676.0,194.0,0.0,127.0,111.0
2024-08-25 10:00:00,174.0,661.0,177.0,0.0,127.0,118.0
2024-08-25 11:00:00,175.0,647.0,174.0,0.0,127.0,117.0
2024-08-25 12:00:00,175.0,634.0,172.0,0.0,127.0,128.0
2024-08-25 13:00:00,175.0,601.0,170.0,0.0,106.0,98.0
2024-08-25 14:00:00,174.0,689.0,208.0,31.0,37.0,42.0
2024-08-25 15:00:00,174.0,515.0,141.0,382.0,37.0,74.0
2024-08-25 16:00:00,174.0,457.0,121.0,819.0,40.0,111.0
2024-08-25 17:00:00,174.0,458.0,115.0,1021.0,0.0,124.0
2024-08-25 18:00:00,175.0,504.0,119.0,1120.0,0.0,162.0
2024-08-25 19:00:00,175.0,482.0,134.0,1151.0,0.0,170.0
2024-08-25 20:00:00,175.0,457.0,152.0,1145.0,0.0,183.0
2024-08-25 21:00:00,174.0,465.0,169.0,1139.0,0.0,211.0
2024-08-25 22:00:00,176.0,504.0,171.0,1114.0,393.0,230.0
2024-08-25 23:00:00,181.0,670.0,176.0,1039.0,406.0,212.0
2024-08-26 00:00:00,182.0,713.0,186.0,909.0,404.0,189.0
2024-08-26 01:00:00,183.0,757.0,239.0,660.0,405.0,165.0
2024-08-26 02:00:00,185.0,1010.0,242.0,219.0,406.0,117.0
2024-08-26 03:00:00,183.0,1408.0,243.0,5.0,404.0,55.0
2024-08-26 04:00:00,188.0,1412.0,244.0,0.0,405.0,94.0
2024-08-26 05:00:00,186.0,1421.0,254.0,0.0,403.0,125.0
2024-08-26 06:00:00,185.0,1374.0,259.0,0.0,136.0,120.0
2024-08-26 07:00:00,199.0,1160.0,260.0,0.0,134.0,87.0
2024-08-26 08:00:00,195.0,1182.0,252.0,0.0,134.0,41.0
2024-08-26 09:00:00,197.0,1054.0,246.0,0.0,135.0,15.0
2024-08-26 10:00:00,198.0,934.0,237.0,0.0,135.0,10.0
2024-08-26 11:00:00,198.0,928.0,234.0,0.0,136.0,12.0
2024-08-26 12:00:00,197.0,941.0,233.0,0.0,136.0,7.0
2024-08-26 13:00:00,255.0,970.0,231.0,0.0,136.0,1.0
2024-08-26 14:00:00,348.0,1154.0,228.0,34.0,135.0,0.0
2024-08-26 15:00:00,358.0,940.0,205.0,420.0,0.0,0.0
2024-08-26 16:00:00,356.0,691.0,148.0,862.0,0.0,0.0
2024-08-26 17:00:00,357.0,679.0,147.0,1045.0,0.0,9.0
2024-08-26 18:00:00,361.0,570.0,147.0,1149.0,0.0,14.0
2024-08-26 19:00:00,433.0,516.0,148.0,1165.0,0.0,11.0
2024-08-26 20:00:00,432.0,500.0,156.0,1159.0,0.0,4.0
2024-08-26 21:00:00,380.0,498.0,172.0,1162.0,132.0,2.0
2024-08-26 22:00:00,399.0,683.0,180.0,1138.0,132.0,0.0
2024-08-26 23:00:00,412.0,997.0,209.0,1065.0,134.0,1.0
2024-08-27 00:00:00,383.0,1049.0,204.0,942.0,153.0,9.0
2024-08-27 01:00:00,384.0,1293.0,232.0,690.0,373.0,19.0
2024-08-27 02:00:00,383.0,1483.0,256.0,192.0,591.0,32.0
2024-08-27 03:00:00,389.0,1533.0,256.0,4.0,611.0,48.0
2024-08-27 04:00:00,389.0,1543.0,254.0,0.0,369.0,49.0
2024-08-27 05:00:00,391.0,1547.0,254.0,0.0,369.0,24.0
2024-08-27 06:00:00,376.0,1546.0,255.0,0.0,134.0,9.0
2024-08-27 07:00:00,357.0,1452.0,253.0,0.0,131.0,5.0
2024-08-27 08:00:00,360.0,1452.0,253.0,0.0,131.0,5.0
2024-08-27 09:00:00,358.0,1390.0,246.0,0.0,131.0,3.0
2024-08-27 10:00:00,355.0,1159.0,227.0,0.0,131.0,1.0
2024-08-27 11:00:00,360.0,971.0,211.0,0.0,131.0,1.0
2024-08-27 12:00:00,479.0,910.0,203.0,0.0,131.0,0.0
2024-08-27 13:00:00,611.0,919.0,211.0,0.0,131.0,0.0
2024-08-27 14:00:00,735.0,932.0,213.0,33.0,131.0,0.0
2024-08-27 15:00:00,750.0,685.0,175.0,416.0,131.0,0.0
2024-08-27 16:00:00,749.0,511.0,140.0,860.0,132.0,0.0
2024-08-27 17:00:00,749.0,563.0,144.0,1052.0,132.0,0.0
2024-08-27 18:00:00,748.0,629.0,137.0,1078.0,132.0,0.0
2024-08-27 19:00:00,749.0,627.0,150.0,1092.0,132.0,0.0
2024-08-27 20:00:00,760.0,734.0,162.0,1128.0,133.0,0.0
2024-08-27 21:00:00,757.0,901.0,169.0,1140.0,133.0,7.0
2024-08-27 22:00:00,757.0,973.0,177.0,1119.0,132.0,60.0
2024-08-27 23:00:00,763.0,982.0,177.0,1048.0,139.0,43.0
2024-08-28 00:00:00,760.0,1098.0,199.0,922.0,353.0,64.0
2024-08-28 01:00:00,616.0,1449.0,236.0,672.0,405.0,65.0
2024-08-28 02:00:00,411.0,1640.0,238.0,222.0,337.0,64.0
2024-08-28 03:00:00,400.0,1660.0,240.0,3.0,131.0,78.0
2024-08-28 04:00:00,407.0,1659.0,238.0,0.0,122.0,107.0
2024-08-28 05:00:00,439.0,1672.0,238.0,0.0,42.0,125.0
2024-08-28 06:00:00,438.0,1573.0,243.0,2.0,41.0,102.0
2024-08-28 07:00:00,409.0,1568.0,245.0,0.0,40.0,84.0
2024-08-28 08:00:00,361.0,1484.0,245.0,0.0,41.0,81.0
2024-08-28 09:00:00,354.0,1266.0,241.0,0.0,41.0,89.0
2024-08-28 10:00:00,353.0,1104.0,241.0,0.0,40.0,98.0
2024-08-28 11:00:00,361.0,987.0,241.0,0.0,40.0,90.0
2024-08-28 12:00:00,500.0,994.0,234.0,0.0,40.0,72.0
2024-08-28 13:00:00,662.0,1007.0,227.0,0.0,40.0,102.0
2024-08-28 14:00:00,746.0,1007.0,218.0,32.0,42.0,103.0
2024-08-28 15:00:00,756.0,992.0,189.0,428.0,0.0,101.0
2024-08-28 16:00:00,754.0,779.0,134.0,862.0,0.0,79.0
2024-08-28 17:00:00,752.0,765.0,133.0,1055.0,0.0,73.0
2024-08-28 18:00:00,756.0,765.0,132.0,1130.0,0.0,96.0
2024-08-28 19:00:00,755.0,762.0,137.0,1147.0,0.0,100.0
2024-08-28 20:00:00,759.0,764.0,145.0,1149.0,0.0,99.0
2024-08-28 21:00:00,759.0,763.0,146.0,1135.0,0.0,70.0
2024-08-28 22:00:00,763.0,762.0,148.0,1131.0,0.0,71.0
2024-08-28 23:00:00,583.0,845.0,167.0,1058.0,44.0,52.0
2024-08-29 00:00:00,403.0,873.0,177.0,925.0,151.0,61.0
2024-08-29 01:00:00,401.0,1228.0,216.0,673.0,333.0,82.0
2024-08-29 02:00:00,401.0,1518.0,240.0,209.0,354.0,193.0
2024-08-29 03:00:00,401.0,1564.0,242.0,2.0,356.0,197.0
2024-08-29 04:00:00,401.0,1469.0,244.0,0.0,404.0,203.0
2024-08-29 05:00:00,402.0,1463.0,245.0,0.0,279.0,216.0
2024-08-29 06:00:00,453.0,1061.0,245.0,0.0,135.0,196.0
2024-08-29 07:00:00,439.0,1004.0,246.0,0.0,134.0,153.0
2024-08-29 08:00:00,391.0,1016.0,219.0,0.0,133.0,52.0
2024-08-29 09:00:00,381.0,999.0,208.0,0.0,133.0,55.0
2024-08-29 10:00:00,377.0,963.0,194.0,0.0,133.0,5.0
2024-08-29 11:00:00,422.0,960.0,188.0,0.0,134.0,2.0
2024-08-29 12:00:00,387.0,991.0,204.0,0.0,134.0,1.0
2024-08-29 13:00:00,379.0,1014.0,211.0,0.0,125.0,6.0
2024-08-29 14:00:00,379.0,1018.0,213.0,31.0,43.0,8.0
2024-08-29 15:00:00,379.0,836.0,179.0,449.0,43.0,14.0
2024-08-29 16:00:00,381.0,615.0,132.0,907.0,43.0,40.0
2024-08-29 17:00:00,379.0,612.0,131.0,1088.0,43.0,33.0
2024-08-29 18:00:00,372.0,611.0,132.0,1161.0,43.0,15.0
2024-08-29 19:00:00,371.0,611.0,148.0,1084.0,43.0,9.0
2024-08-29 20:00:00,378.0,610.0,152.0,1150.0,43.0,9.0
2024-08-29 21:00:00,386.0,616.0,149.0,1155.0,43.0,16.0
2024-08-29 22:00:00,382.0,634.0,154.0,1147.0,43.0,20.0
2024-08-29 23:00:00,383.0,640.0,211.0,1073.0,51.0,27.0
2024-08-30 00:00:00,382.0,850.0,207.0,941.0,135.0,28.0
2024-08-30 01:00:00,384.0,988.0,223.0,689.0,148.0,34.0
2024-08-30 02:00:00,382.0,1316.0,231.0,214.0,328.0,56.0
2024-08-30 03:00:00,388.0,1346.0,213.0,2.0,332.0,59.0
2024-08-30 04:00:00,392.0,1250.0,220.0,0.0,136.0,84.0
2024-08-30 05:00:00,390.0,1256.0,231.0,0.0,135.0,110.0
2024-08-30 06:00:00,388.0,1263.0,236.0,0.0,134.0,125.0
2024-08-30 07:00:00,382.0,1260.0,227.0,0.0,134.0,91.0
2024-08-30 08:00:00,377.0,1254.0,221.0,0.0,0.0,41.0
2024-08-30 09:00:00,379.0,1146.0,212.0,0.0,0.0,35.0
2024-08-30 10:00:00,378.0,1022.0,201.0,0.0,0.0,4.0
2024-08-30 11:00:00,377.0,1042.0,187.0,0.0,0.0,2.0
2024-08-30 12:00:00,373.0,1096.0,184.0,0.0,0.0,0.0
2024-08-30 13:00:00,371.0,1244.0,205.0,0.0,0.0,0.0
2024-08-30 14:00:00,374.0,1245.0,204.0,28.0,0.0,0.0
2024-08-30 15:00:00,381.0,1062.0,180.0,419.0,0.0,0.0
2024-08-30 16:00:00,383.0,674.0,111.0,881.0,0.0,0.0
2024-08-30 17:00:00,380.0,686.0,111.0,1075.0,0.0,0.0
2024-08-30 18:00:00,373.0,648.0,113.0,1149.0,0.0,0.0
2024-08-30 19:00:00,371.0,717.0,125.0,1124.0,0.0,1.0
2024-08-30 20:00:00,380.0,700.0,126.0,1156.0,0.0,0.0
2024-08-30 21:00:00,381.0,692.0,137.0,1033.0,0.0,3.0
2024-08-30 22:00:00,381.0,845.0,158.0,1009.0,27.0,10.0
2024-08-30 23:00:00,382.0,919.0,229.0,931.0,50.0,26.0
2024-08-31 00:00:00,382.0,1054.0,227.0,873.0,134.0,34.0
2024-08-31 01:00:00,382.0,1365.0,221.0,617.0,134.0,38.0
2024-08-31 02:00:00,382.0,1615.0,229.0,183.0,134.0,31.0
2024-08-31 03:00:00,384.0,1724.0,229.0,2.0,134.0,30.0
2024-08-31 04:00:00,391.0,1724.0,223.0,0.0,134.0,30.0
2024-08-31 05:00:00,392.0,1730.0,224.0,0.0,134.0,30.0
2024-08-31 06:00:00,385.0,1730.0,224.0,0.0,134.0,16.0
2024-08-31 07:00:00,382.0,1637.0,224.0,0.0,133.0,12.0
2024-08-31 08:00:00,380.0,1493.0,211.0,0.0,133.0,9.0
2024-08-31 09:00:00,379.0,1494.0,210.0,0.0,133.0,8.0
2024-08-31 10:00:00,378.0,1496.0,210.0,0.0,134.0,2.0
2024-08-31 11:00:00,378.0,1461.0,214.0,0.0,133.0,1.0
2024-08-31 12:00:00,378.0,1432.0,206.0,0.0,133.0,0.0
2024-08-31 13:00:00,373.0,1488.0,205.0,0.0,132.0,0.0
2024-08-31 14:00:00,369.0,1373.0,211.0,20.0,134.0,0.0
2024-08-31 15:00:00,370.0,886.0,180.0,403.0,0.0,0.0
2024-08-31 16:00:00,370.0,622.0,123.0,870.0,0.0,0.0
2024-08-31 17:00:00,370.0,617.0,125.0,969.0,0.0,0.0
2024-08-31 18:00:00,367.0,625.0,130.0,1045.0,0.0,0.0
2024-08-31 19:00:00,373.0,668.0,129.0,1059.0,102.0,0.0
2024-08-31 20:00:00,382.0,759.0,119.0,1124.0,135.0,4.0
2024-08-31 21:00:00,381.0,888.0,151.0,1157.0,135.0,16.0
2024-08-31 22:00:00,382.0,981.0,213.0,1123.0,134.0,19.0
2024-08-31 23:00:00,385.0,1061.0,230.0,1029.0,134.0,15.0
2024-09-01 00:00:00,387.0,1356.0,234.0,854.0,135.0,16.0
2024-09-01 01:00:00,394.0,1536.0,247.0,507.0,135.0,15.0
2024-09-01 02:00:00,395.0,1745.0,232.0,180.0,135.0,22.0
2024-09-01 03:00:00,392.0,1763.0,227.0,1.0,134.0,26.0
2024-09-01 04:00:00,392.0,1768.0,240.0,0.0,133.0,31.0
2024-09-01 05:00:00,387.0,1772.0,238.0,0.0,133.0,60.0
2024-09-01 06:00:00,385.0,1776.0,229.0,0.0,133.0,53.0
2024-09-01 07:00:00,384.0,1777.0,214.0,0.0,133.0,22.0
2024-09-01 08:00:00,383.0,1776.0,217.0,0.0,133.0,11.0
2024-09-01 09:00:00,380.0,1646.0,216.0,0.0,133.0,36.0
2024-09-01 10:00:00,380.0,1482.0,213.0,0.0,133.0,16.0
2024-09-01 11:00:00,379.0,1479.0,206.0,0.0,133.0,11.0
2024-09-01 12:00:00,376.0,1477.0,208.0,0.0,133.0,6.0
2024-09-01 13:00:00,372.0,1293.0,207.0,0.0,133.0,9.0
2024-09-01 14:00:00,372.0,1093.0,192.0,25.0,131.0,9.0
2024-09-01 15:00:00,380.0,736.0,130.0,420.0,133.0,1.0
2024-09-01 16:00:00,381.0,592.0,111.0,869.0,133.0,0.0
2024-09-01 17:00:00,379.0,593.0,112.0,1053.0,135.0,0.0
2024-09-01 18:00:00,377.0,593.0,127.0,1127.0,136.0,0.0
2024-09-01 19:00:00,376.0,597.0,137.0,1153.0,136.0,0.0
2024-09-01 20:00:00,381.0,656.0,133.0,1152.0,136.0,0.0
2024-09-01 21:00:00,383.0,763.0,151.0,1156.0,135.0,2.0
2024-09-01 22:00:00,383.0,939.0,203.0,1128.0,135.0,16.0
2024-09-01 23:00:00,384.0,1038.0,231.0,1049.0,134.0,21.0
2024-09-02 00:00:00,385.0,1289.0,234.0,739.0,142.0,33.0
2024-09-02 01:00:00,383.0,1457.0,246.0,409.0,351.0,14.0
2024-09-02 02:00:00,383.0,1480.0,250.0,174.0,362.0,50.0
2024-09-02 03:00:00,386.0,1482.0,246.0,1.0,370.0,100.0
2024-09-02 04:00:00,388.0,1486.0,243.0,0.0,371.0,61.0
2024-09-02 05:00:00,394.0,1491.0,241.0,0.0,372.0,43.0
2024-09-02 06:00:00,387.0,1492.0,241.0,0.0,137.0,22.0
2024-09-02 07:00:00,385.0,1490.0,240.0,0.0,132.0,20.0
2024-09-02 08:00:00,384.0,1484.0,217.0,0.0,133.0,65.0
2024-09-02 09:00:00,378.0,1484.0,206.0,0.0,133.0,53.0
2024-09-02 10:00:00,376.0,1332.0,206.0,0.0,133.0,28.0
2024-09-02 11:00:00,376.0,1217.0,206.0,0.0,132.0,12.0
2024-09-02 12:00:00,374.0,1218.0,208.0,0.0,132.0,12.0
2024-09-02 13:00:00,372.0,1215.0,212.0,0.0,132.0,9.0
2024-09-02 14:00:00,374.0,1103.0,212.0,20.0,132.0,11.0
2024-09-02 15:00:00,372.0,826.0,153.0,386.0,133.0,8.0
2024-09-02 16:00:00,373.0,604.0,127.0,847.0,134.0,18.0
2024-09-02 17:00:00,380.0,595.0,142.0,1001.0,134.0,47.0
2024-09-02 18:00:00,381.0,603.0,147.0,1116.0,134.0,95.0
2024-09-02 19:00:00,375.0,715.0,158.0,1144.0,134.0,90.0
2024-09-02 20:00:00,387.0,839.0,170.0,1159.0,134.0,32.0
2024-09-02 21:00:00,403.0,966.0,222.0,1129.0,134.0,22.0
2024-09-02 22:00:00,486.0,1000.0,237.0,1013.0,176.0,31.0
2024-09-02 23:00:00,431.0,1207.0,243.0,983.0,352.0,44.0
2024-09-03 00:00:00,405.0,1457.0,260.0,929.0,333.0,46.0
2024-09-03 01:00:00,513.0,1465.0,252.0,595.0,560.0,7.0
2024-09-03 02:00:00,589.0,1550.0,252.0,166.0,590.0,13.0
2024-09-03 03:00:00,461.0,1626.0,252.0,1.0,587.0,6.0
2024-09-03 04:00:00,402.0,1699.0,248.0,0.0,585.0,41.0
2024-09-03 05:00:00,391.0,1706.0,232.0,0.0,533.0,111.0
2024-09-03 06:00:00,389.0,1594.0,236.0,0.0,498.0,89.0
2024-09-03 07:00:00,385.0,1450.0,232.0,0.0,117.0,61.0
2024-09-03 08:00:00,385.0,1453.0,220.0,0.0,0.0,69.0
2024-09-03 09:00:00,378.0,1283.0,209.0,0.0,0.0,74.0
2024-09-03 10:00:00,376.0,1208.0,208.0,0.0,0.0,39.0
2024-09-03 11:00:00,376.0,1218.0,208.0,0.0,0.0,29.0
2024-09-03 12:00:00,374.0,1210.0,211.0,0.0,0.0,39.0
2024-09-03 13:00:00,371.0,1226.0,208.0,0.0,0.0,59.0
2024-09-03 14:00:00,376.0,1273.0,213.0,21.0,0.0,46.0
2024-09-03 15:00:00,389.0,1141.0,205.0,383.0,0.0,49.0
2024-09-03 16:00:00,390.0,1018.0,144.0,843.0,0.0,26.0
2024-09-03 17:00:00,379.0,998.0,152.0,1037.0,0.0,45.0
2024-09-03 18:00:00,384.0,1080.0,157.0,1123.0,0.0,72.0
2024-09-03 19:00:00,384.0,1228.0,161.0,1154.0,0.0,61.0
2024-09-03 20:00:00,459.0,1301.0,171.0,1151.0,42.0,71.0
2024-09-03 21:00:00,762.0,1454.0,189.0,1145.0,42.0,53.0
2024-09-03 22:00:00,957.0,1812.0,234.0,1066.0,225.0,93.0
2024-09-03 23:00:00,925.0,1907.0,238.0,893.0,287.0,93.0
2024-09-04 00:00:00,914.0,1905.0,243.0,769.0,374.0,89.0
2024-09-04 01:00:00,1052.0,1930.0,254.0,588.0,605.0,70.0
2024-09-04 02:00:00,1065.0,2058.0,262.0,185.0,614.0,79.0
2024-09-04 03:00:00,1058.0,2059.0,257.0,68.0,612.0,89.0
2024-09-04 04:00:00,1051.0,2143.0,248.0,67.0,608.0,61.0
2024-09-04 05:00:00,990.0,2360.0,246.0,67.0,338.0,149.0
2024-09-04 06:00:00,800.0,1976.0,252.0,67.0,136.0,153.0
2024-09-04 07:00:00,613.0,1870.0,239.0,67.0,134.0,36.0
2024-09-04 08:00:00,475.0,1780.0,236.0,67.0,0.0,22.0
2024-09-04 09:00:00,437.0,1804.0,216.0,67.0,0.0,9.0
2024-09-04 10:00:00,394.0,1832.0,215.0,67.0,0.0,2.0
2024-09-04 11:00:00,388.0,1837.0,215.0,67.0,0.0,0.0
2024-09-04 12:00:00,378.0,1882.0,217.0,67.0,0.0,0.0
2024-09-04 13:00:00,379.0,1913.0,216.0,67.0,0.0,1.0
2024-09-04 14:00:00,379.0,2018.0,212.0,82.0,0.0,2.0
2024-09-04 15:00:00,387.0,1848.0,198.0,379.0,0.0,0.0
2024-09-04 16:00:00,393.0,1387.0,191.0,851.0,0.0,0.0
2024-09-04 17:00:00,392.0,1448.0,149.0,1043.0,0.0,8.0
2024-09-04 18:00:00,384.0,1504.0,175.0,1123.0,0.0,24.0
2024-09-04 19:00:00,394.0,1518.0,228.0,1149.0,44.0,12.0
2024-09-04 20:00:00,590.0,1512.0,232.0,1150.0,43.0,7.0
2024-09-04 21:00:00,868.0,1512.0,242.0,1144.0,43.0,5.0
2024-09-04 22:00:00,1061.0,1654.0,244.0,1114.0,43.0,10.0
2024-09-04 23:00:00,1064.0,1956.0,249.0,1033.0,246.0,23.0
2024-09-05 00:00:00,1026.0,2098.0,253.0,872.0,321.0,36.0
2024-09-05 01:00:00,1035.0,2304.0,259.0,598.0,355.0,68.0
2024-09-05 02:00:00,1070.0,2429.0,268.0,152.0,597.0,154.0
2024-09-05 03:00:00,986.0,2433.0,252.0,1.0,575.0,160.0
2024-09-05 04:00:00,967.0,2435.0,260.0,0.0,544.0,184.0
2024-09-05 05:00:00,905.0,2443.0,257.0,0.0,375.0,153.0
2024-09-05 06:00:00,955.0,2225.0,252.0,0.0,139.0,132.0
2024-09-05 07:00:00,889.0,2084.0,249.0,0.0,135.0,86.0
2024-09-05 08:00:00,744.0,2081.0,247.0,0.0,134.0,70.0
2024-09-05 09:00:00,718.0,2072.0,240.0,0.0,0.0,58.0
2024-09-05 10:00:00,570.0,2050.0,226.0,0.0,0.0,28.0
2024-09-05 11:00:00,426.0,2045.0,225.0,0.0,0.0,6.0
2024-09-05 12:00:00,450.0,2008.0,228.0,0.0,0.0,0.0
2024-09-05 13:00:00,448.0,1958.0,236.0,0.0,0.0,0.0
2024-09-05 14:00:00,453.0,1991.0,220.0,20.0,0.0,0.0
2024-09-05 15:00:00,372.0,1979.0,212.0,413.0,0.0,0.0
2024-09-05 16:00:00,376.0,1771.0,194.0,907.0,0.0,0.0
2024-09-05 17:00:00,548.0,1719.0,221.0,1103.0,0.0,2.0
2024-09-05 18:00:00,777.0,1802.0,236.0,1190.0,0.0,17.0
2024-09-05 19:00:00,1009.0,2000.0,232.0,1218.0,0.0,25.0
2024-09-05 20:00:00,1059.0,2150.0,228.0,1219.0,41.0,32.0
2024-09-05 21:00:00,1069.0,2517.0,238.0,1214.0,43.0,33.0
2024-09-05 22:00:00,1073.0,2739.0,248.0,1176.0,254.0,21.0
2024-09-05 23:00:00,1078.0,2827.0,251.0,1098.0,467.0,17.0
2024-09-06 00:00:00,1082.0,2753.0,248.0,953.0,547.0,20.0
2024-09-06 01:00:00,1138.0,2760.0,251.0,667.0,553.0,21.0
2024-09-06 02:00:00,1138.0,2899.0,262.0,152.0,537.0,21.0
2024-09-06 03:00:00,1082.0,2945.0,267.0,1.0,526.0,22.0
2024-09-06 04:00:00,1031.0,2951.0,266.0,0.0,526.0,29.0
2024-09-06 05:00:00,1060.0,2947.0,272.0,0.0,333.0,26.0
2024-09-06 06:00:00,1044.0,2876.0,267.0,0.0,136.0,22.0
2024-09-06 07:00:00,868.0,2616.0,267.0,0.0,128.0,16.0
2024-09-06 08:00:00,952.0,2274.0,262.0,0.0,0.0,16.0
2024-09-06 09:00:00,819.0,2105.0,257.0,0.0,0.0,18.0
2024-09-06 10:00:00,648.0,2079.0,255.0,0.0,0.0,2.0
2024-09-06 11:00:00,560.0,2069.0,239.0,0.0,0.0,0.0
2024-09-06 12:00:00,546.0,2070.0,235.0,0.0,0.0,0.0
2024-09-06 13:00:00,525.0,2093.0,236.0,0.0,0.0,0.0
2024-09-06 14:00:00,702.0,2133.0,237.0,14.0,0.0,0.0
2024-09-06 15:00:00,642.0,2129.0,222.0,220.0,0.0,0.0
2024-09-06 16:00:00,641.0,2137.0,219.0,535.0,0.0,0.0
2024-09-06 17:00:00,790.0,2109.0,220.0,933.0,0.0,0.0
2024-09-06 18:00:00,982.0,2174.0,231.0,1151.0,0.0,0.0
2024-09-06 19:00:00,998.0,2360.0,230.0,1199.0,30.0,0.0
2024-09-06 20:00:00,1033.0,2606.0,224.0,1163.0,41.0,0.0
2024-09-06 21:00:00,1056.0,2762.0,226.0,1205.0,253.0,0.0
2024-09-06 22:00:00,1033.0,2841.0,228.0,1158.0,436.0,0.0
2024-09-06 23:00:00,1082.0,2843.0,242.0,908.0,440.0,3.0
2024-09-07 00:00:00,1081.0,2884.0,247.0,794.0,537.0,8.0
2024-09-07 01:00:00,948.0,2938.0,250.0,590.0,531.0,7.0
2024-09-07 02:00:00,1044.0,2943.0,261.0,158.0,724.0,13.0
2024-09-07 03:00:00,1032.0,2929.0,253.0,1.0,328.0,11.0
2024-09-07 04:00:00,995.0,2945.0,254.0,0.0,330.0,20.0
2024-09-07 05:00:00,1009.0,2950.0,255.0,0.0,133.0,13.0
2024-09-07 06:00:00,1027.0,2720.0,261.0,0.0,133.0,8.0
2024-09-07 07:00:00,1045.0,2328.0,251.0,0.0,135.0,4.0
2024-09-07 08:00:00,1064.0,2220.0,251.0,0.0,0.0,7.0
2024-09-07 09:00:00,929.0,2223.0,238.0,0.0,0.0,8.0
2024-09-07 10:00:00,705.0,2222.0,237.0,0.0,0.0,0.0
2024-09-07 11:00:00,551.0,2179.0,237.0,0.0,0.0,0.0
2024-09-07 12:00:00,473.0,2116.0,226.0,0.0,0.0,0.0
2024-09-07 13:00:00,497.0,2069.0,222.0,0.0,0.0,3.0
2024-09-07 14:00:00,576.0,2063.0,193.0,14.0,0.0,15.0
2024-09-07 15:00:00,384.0,2017.0,182.0,315.0,0.0,11.0
2024-09-07 16:00:00,361.0,1865.0,191.0,781.0,0.0,6.0
2024-09-07 17:00:00,367.0,1785.0,130.0,1053.0,0.0,2.0
2024-09-07 18:00:00,390.0,1955.0,160.0,1011.0,0.0,8.0
2024-09-07 19:00:00,576.0,2016.0,215.0,931.0,132.0,25.0
2024-09-07 20:00:00,858.0,2019.0,223.0,1130.0,137.0,5.0
2024-09-07 21:00:00,1030.0,2251.0,228.0,1067.0,274.0,1.0
2024-09-07 22:00:00,1056.0,2450.0,234.0,919.0,322.0,0.0
2024-09-07 23:00:00,1072.0,2602.0,253.0,709.0,391.0,1.0
2024-09-08 00:00:00,1074.0,2686.0,259.0,708.0,376.0,1.0
2024-09-08 01:00:00,1029.0,2708.0,265.0,566.0,609.0,0.0
2024-09-08 02:00:00,1062.0,2826.0,267.0,104.0,506.0,0.0
2024-09-08 03:00:00,1061.0,2795.0,264.0,1.0,503.0,2.0
2024-09-08 04:00:00,1084.0,2700.0,264.0,0.0,362.0,26.0
2024-09-08 05:00:00,1077.0,2691.0,268.0,0.0,135.0,39.0
2024-09-08 06:00:00,1044.0,2217.0,263.0,0.0,133.0,25.0
2024-09-08 07:00:00,893.0,2209.0,260.0,0.0,133.0,33.0
2024-09-08 08:00:00,835.0,2166.0,254.0,0.0,0.0,49.0
2024-09-08 09:00:00,757.0,2110.0,233.0,0.0,0.0,48.0
2024-09-08 10:00:00,653.0,2085.0,217.0,0.0,0.0,44.0
2024-09-08 11:00:00,487.0,2075.0,211.0,0.0,0.0,64.0
2024-09-08 12:00:00,425.0,2066.0,210.0,0.0,0.0,87.0
2024-09-08 13:00:00,453.0,2065.0,211.0,0.0,0.0,58.0
2024-09-08 14:00:00,521.0,1919.0,205.0,8.0,0.0,72.0
2024-09-08 15:00:00,380.0,1677.0,183.0,303.0,0.0,61.0
2024-09-08 16:00:00,361.0,1602.0,121.0,883.0,0.0,32.0
2024-09-08 17:00:00,387.0,1542.0,133.0,1086.0,0.0,31.0
2024-09-08 18:00:00,419.0,1756.0,206.0,1177.0,0.0,19.0
2024-09-08 19:00:00,635.0,1766.0,233.0,1208.0,34.0,0.0
2024-09-08 20:00:00,923.0,1829.0,235.0,1214.0,39.0,0.0
2024-09-08 21:00:00,1036.0,2247.0,236.0,1199.0,31.0,12.0
2024-09-08 22:00:00,1090.0,2449.0,236.0,952.0,214.0,54.0
2024-09-08 23:00:00,1079.0,2528.0,247.0,678.0,232.0,66.0
2024-09-09 00:00:00,1082.0,2511.0,257.0,738.0,537.0,60.0
2024-09-09 01:00:00,1083.0,2576.0,264.0,505.0,581.0,7.0
2024-09-09 02:00:00,1082.0,2672.0,267.0,123.0,609.0,4.0
2024-09-09 03:00:00,1074.0,2727.0,265.0,1.0,608.0,3.0
2024-09-09 04:00:00,1065.0,2751.0,264.0,0.0,606.0,89.0
2024-09-09 05:00:00,1056.0,2733.0,266.0,0.0,140.0,105.0
2024-09-09 06:00:00,1011.0,2497.0,256.0,0.0,133.0,35.0
2024-09-09 07:00:00,933.0,2479.0,252.0,0.0,0.0,8.0
2024-09-09 08:00:00,898.0,2140.0,249.0,0.0,0.0,5.0
2024-09-09 09:00:00,878.0,2085.0,238.0,0.0,0.0,27.0
2024-09-09 10:00:00,661.0,2061.0,237.0,0.0,0.0,20.0
2024-09-09 11:00:00,536.0,2062.0,237.0,0.0,0.0,5.0
2024-09-09 12:00:00,531.0,2064.0,234.0,0.0,0.0,25.0
2024-09-09 13:00:00,527.0,2078.0,237.0,0.0,0.0,41.0
2024-09-09 14:00:00,551.0,2112.0,218.0,9.0,115.0,24.0
2024-09-09 15:00:00,393.0,2037.0,198.0,382.0,121.0,28.0
2024-09-09 16:00:00,391.0,1813.0,159.0,901.0,38.0,21.0
2024-09-09 17:00:00,432.0,1967.0,207.0,1107.0,36.0,12.0
2024-09-09 18:00:00,640.0,2035.0,232.0,1154.0,65.0,20.0
2024-09-09 19:00:00,932.0,2046.0,243.0,1109.0,68.0,17.0
2024-09-09 20:00:00,1099.0,2461.0,238.0,1130.0,68.0,25.0
2024-09-09 21:00:00,1126.0,2479.0,239.0,1030.0,255.0,40.0
2024-09-09 22:00:00,1130.0,2497.0,242.0,1088.0,253.0,85.0
2024-09-09 23:00:00,1134.0,2386.0,240.0,1109.0,256.0,259.0
2024-09-10 00:00:00,1137.0,2478.0,243.0,841.0,264.0,225.0
2024-09-10 01:00:00,1141.0,2548.0,251.0,615.0,283.0,67.0
2024-09-10 02:00:00,1120.0,2636.0,263.0,122.0,321.0,18.0
2024-09-10 03:00:00,1013.0,2683.0,265.0,0.0,269.0,10.0
2024-09-10 04:00:00,1049.0,2644.0,256.0,0.0,281.0,74.0
2024-09-10 05:00:00,1050.0,2652.0,258.0,0.0,280.0,65.0
2024-09-10 06:00:00,1053.0,2467.0,261.0,0.0,80.0,77.0
2024-09-10 07:00:00,965.0,2216.0,255.0,0.0,78.0,70.0
2024-09-10 08:00:00,841.0,2171.0,254.0,0.0,78.0,63.0
2024-09-10 09:00:00,642.0,2073.0,255.0,0.0,76.0,26.0
2024-09-10 10:00:00,553.0,1960.0,256.0,0.0,0.0,16.0
2024-09-10 11:00:00,538.0,1778.0,256.0,0.0,0.0,24.0
2024-09-10 12:00:00,407.0,1781.0,256.0,0.0,0.0,54.0
2024-09-10 13:00:00,429.0,1777.0,248.0,0.0,0.0,65.0
2024-09-10 14:00:00,611.0,1770.0,230.0,16.0,0.0,61.0
2024-09-10 15:00:00,452.0,1546.0,217.0,402.0,0.0,70.0
2024-09-10 16:00:00,390.0,1311.0,151.0,916.0,0.0,41.0
2024-09-10 17:00:00,392.0,1152.0,154.0,1110.0,0.0,42.0
2024-09-10 18:00:00,393.0,1216.0,159.0,1161.0,0.0,82.0
2024-09-10 19:00:00,400.0,1349.0,185.0,1176.0,78.0,124.0
2024-09-10 20:00:00,604.0,1406.0,184.0,1234.0,78.0,78.0
2024-09-10 21:00:00,867.0,1368.0,181.0,1164.0,85.0,91.0
2024-09-10 22:00:00,953.0,1544.0,211.0,1023.0,266.0,116.0
2024-09-10 23:00:00,1040.0,1665.0,233.0,927.0,273.0,114.0
2024-09-11 00:00:00,1046.0,1686.0,240.0,810.0,455.0,129.0
2024-09-11 01:00:00,1039.0,1740.0,248.0,491.0,461.0,142.0
2024-09-11 02:00:00,1037.0,1757.0,252.0,77.0,451.0,166.0
2024-09-11 03:00:00,1043.0,1731.0,247.0,0.0,269.0,101.0
2024-09-11 04:00:00,1044.0,1695.0,218.0,0.0,84.0,124.0
2024-09-11 05:00:00,949.0,1699.0,228.0,0.0,83.0,133.0
2024-09-11 06:00:00,713.0,1560.0,237.0,0.0,83.0,96.0
2024-09-11 07:00:00,501.0,1444.0,241.0,0.0,83.0,80.0
2024-09-11 08:00:00,684.0,1376.0,223.0,0.0,83.0,77.0
2024-09-11 09:00:00,714.0,1358.0,216.0,0.0,83.0,97.0
2024-09-11 10:00:00,617.0,1357.0,215.0,0.0,82.0,122.0
2024-09-11 11:00:00,511.0,1352.0,215.0,0.0,82.0,105.0
2024-09-11 12:00:00,501.0,1355.0,216.0,0.0,82.0,88.0
2024-09-11 13:00:00,600.0,1363.0,228.0,0.0,82.0,59.0
2024-09-11 14:00:00,640.0,1383.0,218.0,12.0,82.0,61.0
2024-09-11 15:00:00,441.0,1271.0,185.0,370.0,81.0,56.0
2024-09-11 16:00:00,393.0,989.0,136.0,799.0,71.0,36.0
2024-09-11 17:00:00,393.0,904.0,136.0,1031.0,65.0,51.0
2024-09-11 18:00:00,383.0,904.0,136.0,1145.0,65.0,86.0
2024-09-11 19:00:00,366.0,950.0,120.0,1209.0,65.0,173.0
2024-09-11 20:00:00,356.0,1107.0,129.0,1237.0,65.0,254.0
2024-09-11 21:00:00,414.0,1116.0,144.0,1243.0,65.0,263.0
2024-09-11 22:00:00,370.0,1076.0,136.0,1208.0,67.0,260.0
2024-09-11 23:00:00,413.0,1122.0,150.0,1111.0,66.0,258.0
2024-09-12 00:00:00,618.0,1028.0,180.0,874.0,66.0,257.0
2024-09-12 01:00:00,691.0,1081.0,199.0,541.0,66.0,259.0
2024-09-12 02:00:00,870.0,1194.0,231.0,118.0,67.0,255.0
2024-09-12 03:00:00,919.0,1386.0,229.0,0.0,67.0,252.0
2024-09-12 04:00:00,749.0,1343.0,226.0,0.0,68.0,281.0
2024-09-12 05:00:00,396.0,1424.0,234.0,0.0,157.0,250.0
2024-09-12 06:00:00,316.0,1306.0,248.0,0.0,305.0,239.0
2024-09-12 07:00:00,361.0,1166.0,245.0,0.0,77.0,238.0
2024-09-12 08:00:00,377.0,991.0,238.0,0.0,72.0,259.0
2024-09-12 09:00:00,444.0,977.0,222.0,0.0,73.0,219.0
2024-09-12 10:00:00,492.0,897.0,215.0,0.0,74.0,97.0
2024-09-12 11:00:00,449.0,753.0,212.0,0.0,74.0,87.0
2024-09-12 12:00:00,449.0,740.0,213.0,0.0,74.0,141.0
2024-09-12 13:00:00,498.0,796.0,216.0,0.0,86.0,82.0
2024-09-12 14:00:00,481.0,997.0,221.0,13.0,309.0,71.0
2024-09-12 15:00:00,525.0,998.0,180.0,385.0,75.0,47.0
2024-09-12 16:00:00,502.0,790.0,146.0,928.0,77.0,68.0
2024-09-12 17:00:00,364.0,738.0,143.0,1065.0,81.0,79.0
2024-09-12 18:00:00,358.0,735.0,133.0,1090.0,80.0,40.0
2024-09-12 19:00:00,359.0,834.0,122.0,1111.0,77.0,27.0
2024-09-12 20:00:00,359.0,857.0,138.0,1223.0,77.0,24.0
2024-09-12 21:00:00,371.0,865.0,142.0,1250.0,181.0,17.0
2024-09-12 22:00:00,398.0,848.0,144.0,1211.0,98.0,13.0
2024-09-12 23:00:00,397.0,752.0,161.0,1123.0,73.0,18.0
2024-09-13 00:00:00,528.0,728.0,184.0,852.0,252.0,36.0
2024-09-13 01:00:00,710.0,835.0,237.0,490.0,279.0,81.0
2024-09-13 02:00:00,927.0,1130.0,239.0,56.0,311.0,108.0
2024-09-13 03:00:00,990.0,1028.0,241.0,0.0,310.0,116.0
2024-09-13 04:00:00,994.0,772.0,241.0,0.0,306.0,135.0
2024-09-13 05:00:00,890.0,738.0,239.0,0.0,305.0,94.0
2024-09-13 06:00:00,836.0,752.0,238.0,0.0,79.0,53.0
2024-09-13 07:00:00,666.0,761.0,238.0,0.0,69.0,63.0
2024-09-13 08:00:00,540.0,756.0,218.0,0.0,72.0,43.0
2024-09-13 09:00:00,400.0,741.0,209.0,0.0,73.0,22.0
2024-09-13 10:00:00,368.0,740.0,221.0,0.0,73.0,12.0
2024-09-13 11:00:00,361.0,739.0,220.0,0.0,73.0,11.0
2024-09-13 12:00:00,359.0,735.0,224.0,0.0,73.0,10.0
2024-09-13 13:00:00,392.0,752.0,220.0,0.0,73.0,8.0
2024-09-13 14:00:00,486.0,863.0,212.0,11.0,73.0,10.0
2024-09-13 15:00:00,497.0,761.0,189.0,340.0,68.0,2.0
2024-09-13 16:00:00,400.0,563.0,113.0,803.0,54.0,0.0
2024-09-13 17:00:00,396.0,565.0,111.0,1037.0,53.0,4.0
2024-09-13 18:00:00,413.0,564.0,111.0,1228.0,53.0,9.0
2024-09-13 19:00:00,431.0,575.0,111.0,1252.0,53.0,11.0
2024-09-13 20:00:00,455.0,563.0,122.0,1243.0,53.0,4.0
2024-09-13 21:00:00,476.0,591.0,144.0,1242.0,53.0,0.0
2024-09-13 22:00:00,505.0,685.0,153.0,1210.0,54.0,0.0
2024-09-13 23:00:00,666.0,782.0,168.0,1121.0,59.0,0.0
2024-09-14 00:00:00,827.0,834.0,183.0,943.0,291.0,0.0
2024-09-14 01:00:00,741.0,1107.0,224.0,595.0,295.0,0.0
2024-09-14 02:00:00,852.0,1355.0,238.0,95.0,291.0,15.0
2024-09-14 03:00:00,949.0,1328.0,238.0,0.0,293.0,17.0
2024-09-14 04:00:00,925.0,1329.0,241.0,0.0,299.0,15.0
2024-09-14 05:00:00,806.0,1232.0,239.0,0.0,297.0,17.0
2024-09-14 06:00:00,772.0,832.0,240.0,0.0,83.0,15.0
2024-09-14 07:00:00,761.0,760.0,242.0,0.0,61.0,12.0
2024-09-14 08:00:00,670.0,765.0,215.0,0.0,62.0,5.0
2024-09-14 09:00:00,523.0,764.0,212.0,0.0,62.0,4.0
2024-09-14 10:00:00,385.0,760.0,212.0,0.0,62.0,4.0
2024-09-14 11:00:00,369.0,750.0,201.0,0.0,62.0,4.0
2024-09-14 12:00:00,366.0,764.0,211.0,0.0,62.0,8.0
2024-09-14 13:00:00,376.0,763.0,209.0,0.0,62.0,14.0
2024-09-14 14:00:00,534.0,764.0,194.0,12.0,62.0,29.0
2024-09-14 15:00:00,414.0,623.0,149.0,346.0,62.0,38.0
2024-09-14 16:00:00,465.0,330.0,98.0,873.0,62.0,23.0
2024-09-14 17:00:00,429.0,329.0,95.0,1109.0,60.0,14.0
2024-09-14 18:00:00,485.0,317.0,95.0,1204.0,60.0,24.0
2024-09-14 19:00:00,460.0,317.0,101.0,1232.0,60.0,70.0
2024-09-14 20:00:00,492.0,325.0,104.0,1129.0,59.0,72.0
2024-09-14 21:00:00,605.0,336.0,102.0,1138.0,60.0,43.0
2024-09-14 22:00:00,550.0,492.0,109.0,1137.0,60.0,71.0
2024-09-14 23:00:00,646.0,515.0,116.0,1051.0,74.0,84.0
2024-09-15 00:00:00,669.0,530.0,135.0,897.0,269.0,90.0
2024-09-15 01:00:00,778.0,794.0,191.0,503.0,294.0,130.0
2024-09-15 02:00:00,977.0,930.0,227.0,68.0,299.0,91.0
2024-09-15 03:00:00,1041.0,930.0,225.0,0.0,298.0,52.0
2024-09-15 04:00:00,998.0,922.0,220.0,0.0,305.0,71.0
2024-09-15 05:00:00,865.0,699.0,229.0,0.0,305.0,103.0
2024-09-15 06:00:00,695.0,682.0,229.0,0.0,305.0,128.0
2024-09-15 07:00:00,561.0,689.0,225.0,0.0,305.0,132.0
2024-09-15 08:00:00,507.0,670.0,219.0,0.0,68.0,107.0
2024-09-15 09:00:00,378.0,674.0,216.0,0.0,65.0,104.0
2024-09-15 10:00:00,358.0,498.0,216.0,0.0,65.0,86.0
2024-09-15 11:00:00,362.0,443.0,212.0,0.0,65.0,77.0
2024-09-15 12:00:00,356.0,442.0,216.0,0.0,65.0,62.0
2024-09-15 13:00:00,362.0,441.0,217.0,0.0,65.0,60.0
2024-09-15 14:00:00,529.0,446.0,199.0,10.0,65.0,51.0
2024-09-15 15:00:00,395.0,372.0,134.0,335.0,71.0,39.0
2024-09-15 16:00:00,384.0,345.0,100.0,875.0,0.0,20.0
2024-09-15 17:00:00,381.0,345.0,100.0,1103.0,0.0,61.0
2024-09-15 18:00:00,378.0,344.0,96.0,1195.0,0.0,138.0
2024-09-15 19:00:00,376.0,344.0,96.0,1222.0,0.0,157.0
2024-09-15 20:00:00,374.0,345.0,96.0,1219.0,0.0,204.0
2024-09-15 21:00:00,433.0,346.0,96.0,1202.0,0.0,216.0
2024-09-15 22:00:00,500.0,347.0,96.0,1188.0,0.0,212.0
2024-09-15 23:00:00,394.0,345.0,99.0,1114.0,125.0,239.0
2024-09-16 00:00:00,487.0,345.0,132.0,959.0,127.0,250.0
2024-09-16 01:00:00,545.0,362.0,192.0,551.0,139.0,251.0
2024-09-16 02:00:00,639.0,751.0,214.0,70.0,365.0,190.0
2024-09-16 03:00:00,821.0,997.0,220.0,0.0,370.0,137.0
2024-09-16 04:00:00,789.0,964.0,221.0,0.0,370.0,141.0
2024-09-16 05:00:00,686.0,936.0,234.0,0.0,370.0,173.0
2024-09-16 06:00:00,470.0,855.0,219.0,0.0,368.0,110.0
2024-09-16 07:00:00,522.0,464.0,220.0,0.0,160.0,62.0
2024-09-16 08:00:00,582.0,456.0,213.0,0.0,130.0,78.0
2024-09-16 09:00:00,618.0,444.0,211.0,0.0,129.0,91.0
2024-09-16 10:00:00,618.0,441.0,211.0,0.0,128.0,81.0
2024-09-16 11:00:00,574.0,440.0,212.0,0.0,129.0,71.0
2024-09-16 12:00:00,576.0,445.0,216.0,0.0,129.0,198.0
2024-09-16 13:00:00,681.0,452.0,215.0,0.0,129.0,182.0
2024-09-16 14:00:00,828.0,464.0,201.0,8.0,339.0,89.0
2024-09-16 15:00:00,790.0,521.0,174.0,313.0,130.0,171.0
2024-09-16 16:00:00,627.0,447.0,109.0,884.0,0.0,222.0
2024-09-16 17:00:00,427.0,446.0,101.0,1146.0,0.0,244.0
2024-09-16 18:00:00,386.0,447.0,101.0,1241.0,0.0,250.0
2024-09-16 19:00:00,382.0,445.0,101.0,1255.0,0.0,254.0
2024-09-16 20:00:00,410.0,446.0,102.0,1253.0,0.0,261.0
2024-09-16 21:00:00,391.0,444.0,104.0,1248.0,134.0,262.0
2024-09-16 22:00:00,384.0,443.0,109.0,1235.0,136.0,263.0
2024-09-16 23:00:00,391.0,444.0,109.0,1154.0,135.0,258.0
2024-09-17 00:00:00,437.0,444.0,111.0,997.0,135.0,256.0
2024-09-17 01:00:00,497.0,497.0,145.0,573.0,135.0,254.0
2024-09-17 02:00:00,655.0,553.0,208.0,71.0,367.0,243.0
2024-09-17 03:00:00,865.0,488.0,210.0,0.0,373.0,150.0
2024-09-17 04:00:00,927.0,453.0,211.0,0.0,372.0,114.0
2024-09-17 05:00:00,826.0,464.0,219.0,0.0,372.0,97.0
2024-09-17 06:00:00,631.0,464.0,217.0,0.0,373.0,93.0
2024-09-17 07:00:00,484.0,464.0,213.0,0.0,373.0,100.0
2024-09-17 08:00:00,581.0,467.0,201.0,0.0,134.0,105.0
2024-09-17 09:00:00,651.0,454.0,197.0,0.0,130.0,98.0
2024-09-17 10:00:00,584.0,449.0,197.0,0.0,129.0,67.0
2024-09-17 11:00:00,570.0,444.0,138.0,0.0,129.0,74.0
2024-09-17 12:00:00,584.0,440.0,191.0,0.0,130.0,122.0
2024-09-17 13:00:00,701.0,460.0,200.0,0.0,130.0,44.0
2024-09-17 14:00:00,750.0,476.0,186.0,11.0,133.0,173.0
2024-09-17 15:00:00,505.0,527.0,146.0,344.0,124.0,208.0
2024-09-17 16:00:00,373.0,493.0,110.0,901.0,42.0,225.0
2024-09-17 17:00:00,368.0,491.0,110.0,1138.0,0.0,233.0
2024-09-17 18:00:00,367.0,500.0,110.0,1219.0,0.0,248.0
2024-09-17 19:00:00,364.0,510.0,110.0,1226.0,0.0,252.0
2024-09-17 20:00:00,363.0,667.0,110.0,1213.0,0.0,253.0
2024-09-17 21:00:00,363.0,657.0,110.0,1217.0,0.0,258.0
2024-09-17 22:00:00,363.0,616.0,111.0,1197.0,0.0,261.0
2024-09-17 23:00:00,389.0,556.0,114.0,1106.0,0.0,253.0
2024-09-18 00:00:00,390.0,570.0,118.0,943.0,0.0,231.0
2024-09-18 01:00:00,471.0,618.0,138.0,527.0,134.0,181.0
2024-09-18 02:00:00,656.0,737.0,201.0,60.0,371.0,75.0
2024-09-18 03:00:00,842.0,607.0,212.0,0.0,373.0,47.0
2024-09-18 04:00:00,931.0,442.0,215.0,0.0,363.0,77.0
2024-09-18 05:00:00,804.0,441.0,216.0,0.0,366.0,90.0
2024-09-18 06:00:00,620.0,409.0,210.0,0.0,368.0,71.0
2024-09-18 07:00:00,461.0,441.0,211.0,0.0,367.0,60.0
2024-09-18 08:00:00,622.0,446.0,207.0,0.0,134.0,68.0
2024-09-18 09:00:00,618.0,444.0,203.0,0.0,129.0,46.0
2024-09-18 10:00:00,594.0,445.0,198.0,0.0,129.0,9.0
2024-09-18 11:00:00,554.0,445.0,196.0,0.0,129.0,8.0
2024-09-18 12:00:00,573.0,444.0,198.0,0.0,129.0,6.0
2024-09-18 13:00:00,605.0,444.0,193.0,0.0,129.0,3.0
2024-09-18 14:00:00,678.0,521.0,186.0,11.0,129.0,2.0
2024-09-18 15:00:00,615.0,485.0,170.0,323.0,122.0,1.0
2024-09-18 16:00:00,414.0,402.0,111.0,868.0,34.0,2.0
2024-09-18 17:00:00,371.0,403.0,111.0,1105.0,27.0,0.0
2024-09-18 18:00:00,367.0,403.0,111.0,1188.0,28.0,0.0
2024-09-18 19:00:00,366.0,468.0,110.0,1203.0,31.0,0.0
2024-09-18 20:00:00,362.0,469.0,109.0,1194.0,31.0,1.0
2024-09-18 21:00:00,362.0,470.0,110.0,1200.0,31.0,0.0
2024-09-18 22:00:00,397.0,435.0,128.0,1173.0,31.0,0.0
2024-09-18 23:00:00,397.0,403.0,126.0,1088.0,39.0,0.0
2024-09-19 00:00:00,573.0,438.0,143.0,922.0,122.0,4.0
2024-09-19 01:00:00,771.0,580.0,201.0,492.0,122.0,14.0
2024-09-19 02:00:00,1004.0,784.0,222.0,49.0,127.0,28.0
2024-09-19 03:00:00,1058.0,672.0,223.0,0.0,360.0,58.0
2024-09-19 04:00:00,1024.0,691.0,222.0,0.0,360.0,67.0
2024-09-19 05:00:00,1022.0,690.0,228.0,0.0,124.0,42.0
2024-09-19 06:00:00,1014.0,690.0,219.0,0.0,123.0,34.0
2024-09-19 07:00:00,976.0,691.0,210.0,0.0,123.0,71.0
2024-09-19 08:00:00,870.0,690.0,206.0,0.0,123.0,68.0
2024-09-19 09:00:00,806.0,689.0,198.0,0.0,123.0,39.0
2024-09-19 10:00:00,707.0,690.0,201.0,0.0,125.0,7.0
2024-09-19 11:00:00,658.0,690.0,199.0,0.0,126.0,1.0
2024-09-19 12:00:00,700.0,691.0,203.0,0.0,126.0,1.0
2024-09-19 13:00:00,814.0,692.0,193.0,0.0,127.0,0.0
2024-09-19 14:00:00,959.0,698.0,192.0,8.0,126.0,1.0
2024-09-19 15:00:00,777.0,656.0,181.0,223.0,118.0,1.0
2024-09-19 16:00:00,517.0,443.0,129.0,758.0,32.0,0.0
2024-09-19 17:00:00,396.0,401.0,114.0,1085.0,31.0,0.0
2024-09-19 18:00:00,391.0,402.0,107.0,1187.0,31.0,0.0
2024-09-19 19:00:00,389.0,410.0,116.0,1199.0,0.0,0.0
2024-09-19 20:00:00,391.0,405.0,140.0,1193.0,0.0,0.0
2024-09-19 21:00:00,462.0,403.0,137.0,1200.0,0.0,0.0
2024-09-19 22:00:00,426.0,407.0,133.0,1177.0,0.0,0.0
2024-09-19 23:00:00,421.0,429.0,142.0,1088.0,31.0,3.0
2024-09-20 00:00:00,511.0,449.0,148.0,900.0,119.0,2.0
2024-09-20 01:00:00,705.0,563.0,206.0,451.0,148.0,2.0
2024-09-20 02:00:00,757.0,828.0,226.0,46.0,125.0,5.0
2024-09-20 03:00:00,949.0,929.0,226.0,0.0,125.0,6.0
2024-09-20 04:00:00,1005.0,958.0,226.0,0.0,124.0,47.0
2024-09-20 05:00:00,878.0,1128.0,218.0,0.0,124.0,95.0
2024-09-20 06:00:00,704.0,1168.0,217.0,0.0,124.0,60.0
2024-09-20 07:00:00,572.0,1159.0,209.0,0.0,124.0,63.0
2024-09-20 08:00:00,725.0,936.0,182.0,0.0,124.0,40.0
2024-09-20 09:00:00,667.0,684.0,176.0,0.0,124.0,18.0
2024-09-20 10:00:00,611.0,673.0,176.0,0.0,123.0,0.0
2024-09-20 11:00:00,604.0,669.0,174.0,0.0,124.0,0.0
2024-09-20 12:00:00,586.0,672.0,177.0,0.0,124.0,0.0
2024-09-20 13:00:00,661.0,687.0,175.0,0.0,124.0,0.0
2024-09-20 14:00:00,774.0,704.0,180.0,9.0,37.0,0.0
2024-09-20 15:00:00,565.0,721.0,172.0,145.0,31.0,2.0
2024-09-20 16:00:00,403.0,622.0,111.0,241.0,31.0,2.0
2024-09-20 17:00:00,372.0,606.0,100.0,410.0,31.0,0.0
2024-09-20 18:00:00,370.0,642.0,100.0,531.0,31.0,0.0
2024-09-20 19:00:00,364.0,727.0,124.0,735.0,31.0,0.0
2024-09-20 20:00:00,368.0,671.0,111.0,1087.0,31.0,1.0
2024-09-20 21:00:00,431.0,698.0,127.0,971.0,30.0,2.0
2024-09-20 22:00:00,426.0,779.0,150.0,954.0,30.0,8.0
2024-09-20 23:00:00,378.0,721.0,149.0,900.0,40.0,22.0
2024-09-21 00:00:00,382.0,717.0,119.0,760.0,123.0,51.0
2024-09-21 01:00:00,479.0,1064.0,159.0,440.0,125.0,63.0
2024-09-21 02:00:00,710.0,1264.0,0.0,42.0,124.0,50.0
2024-09-21 03:00:00,893.0,1155.0,0.0,0.0,125.0,94.0
2024-09-21 04:00:00,981.0,1136.0,0.0,0.0,124.0,146.0
2024-09-21 05:00:00,907.0,954.0,0.0,0.0,124.0,103.0
2024-09-21 06:00:00,864.0,907.0,0.0,0.0,123.0,37.0
2024-09-21 07:00:00,745.0,802.0,0.0,0.0,124.0,28.0
2024-09-21 08:00:00,768.0,684.0,0.0,0.0,124.0,30.0
2024-09-21 09:00:00,713.0,689.0,0.0,0.0,124.0,32.0
2024-09-21 10:00:00,612.0,656.0,0.0,0.0,124.0,29.0
2024-09-21 11:00:00,560.0,646.0,0.0,0.0,124.0,25.0
2024-09-21 12:00:00,558.0,682.0,0.0,0.0,124.0,17.0
2024-09-21 13:00:00,601.0,633.0,0.0,0.0,124.0,0.0
2024-09-21 14:00:00,608.0,698.0,0.0,6.0,124.0,3.0
2024-09-21 15:00:00,485.0,551.0,0.0,314.0,117.0,9.0
2024-09-21 16:00:00,525.0,307.0,0.0,854.0,34.0,20.0
2024-09-21 17:00:00,622.0,307.0,0.0,1087.0,0.0,35.0
2024-09-21 18:00:00,657.0,307.0,0.0,1165.0,0.0,45.0
2024-09-21 19:00:00,693.0,307.0,0.0,1189.0,0.0,28.0
2024-09-21 20:00:00,690.0,306.0,0.0,1182.0,0.0,31.0
2024-09-21 21:00:00,656.0,331.0,0.0,1181.0,0.0,47.0
2024-09-21 22:00:00,525.0,379.0,0.0,1145.0,27.0,52.0
2024-09-21 23:00:00,527.0,448.0,0.0,1054.0,38.0,74.0
2024-09-22 00:00:00,515.0,449.0,0.0,871.0,127.0,75.0
2024-09-22 01:00:00,568.0,631.0,0.0,453.0,336.0,61.0
2024-09-22 02:00:00,701.0,1076.0,0.0,41.0,368.0,55.0
2024-09-22 03:00:00,697.0,1183.0,0.0,0.0,365.0,64.0
2024-09-22 04:00:00,704.0,1153.0,0.0,0.0,128.0,111.0
2024-09-22 05:00:00,697.0,1164.0,0.0,0.0,123.0,61.0
2024-09-22 06:00:00,668.0,1164.0,0.0,0.0,123.0,23.0
2024-09-22 07:00:00,694.0,1165.0,0.0,0.0,123.0,16.0
2024-09-22 08:00:00,606.0,969.0,0.0,0.0,123.0,14.0
2024-09-22 09:00:00,513.0,909.0,0.0,0.0,123.0,14.0
2024-09-22 10:00:00,456.0,909.0,0.0,0.0,124.0,0.0
2024-09-22 11:00:00,407.0,914.0,0.0,0.0,124.0,0.0
2024-09-22 12:00:00,402.0,727.0,0.0,0.0,123.0,0.0
2024-09-22 13:00:00,543.0,680.0,0.0,0.0,124.0,0.0
2024-09-22 14:00:00,687.0,679.0,0.0,6.0,123.0,0.0
2024-09-22 15:00:00,631.0,491.0,0.0,298.0,122.0,0.0
2024-09-22 16:00:00,520.0,307.0,0.0,829.0,0.0,0.0
2024-09-22 17:00:00,394.0,308.0,0.0,1065.0,0.0,1.0
2024-09-22 18:00:00,371.0,308.0,0.0,1150.0,0.0,4.0
2024-09-22 19:00:00,408.0,307.0,0.0,1173.0,0.0,2.0
2024-09-22 20:00:00,519.0,308.0,0.0,1168.0,0.0,2.0
2024-09-22 21:00:00,685.0,337.0,0.0,1163.0,0.0,2.0
2024-09-22 22:00:00,624.0,422.0,0.0,1125.0,116.0,4.0
2024-09-22 23:00:00,725.0,470.0,0.0,1041.0,115.0,3.0
2024-09-23 00:00:00,703.0,537.0,0.0,878.0,104.0,5.0
2024-09-23 01:00:00,924.0,904.0,0.0,443.0,104.0,8.0
2024-09-23 02:00:00,1039.0,1171.0,0.0,36.0,328.0,29.0
2024-09-23 03:00:00,1054.0,1164.0,0.0,0.0,341.0,23.0
2024-09-23 04:00:00,1049.0,1180.0,0.0,0.0,341.0,12.0
2024-09-23 05:00:00,1027.0,1141.0,0.0,0.0,342.0,10.0
2024-09-23 06:00:00,868.0,899.0,0.0,0.0,127.0,7.0
2024-09-23 07:00:00,696.0,721.0,0.0,0.0,102.0,16.0
2024-09-23 08:00:00,476.0,737.0,0.0,0.0,103.0,6.0
2024-09-23 09:00:00,387.0,733.0,0.0,0.0,102.0,3.0
2024-09-23 10:00:00,379.0,700.0,0.0,0.0,102.0,1.0
2024-09-23 11:00:00,375.0,703.0,0.0,0.0,101.0,0.0
2024-09-23 12:00:00,373.0,729.0,0.0,0.0,100.0,0.0
2024-09-23 13:00:00,436.0,729.0,0.0,0.0,102.0,0.0
2024-09-23 14:00:00,701.0,753.0,0.0,6.0,105.0,0.0
2024-09-23 15:00:00,706.0,744.0,0.0,292.0,94.0,0.0
2024-09-23 16:00:00,592.0,635.0,0.0,829.0,32.0,0.0
2024-09-23 17:00:00,472.0,671.0,7.0,1072.0,32.0,0.0
2024-09-23 18:00:00,402.0,658.0,14.0,1145.0,32.0,0.0
2024-09-23 19:00:00,517.0,633.0,15.0,1174.0,32.0,3.0
2024-09-23 20:00:00,572.0,689.0,34.0,1174.0,32.0,8.0
2024-09-23 21:00:00,666.0,753.0,47.0,1164.0,32.0,14.0
2024-09-23 22:00:00,686.0,786.0,117.0,1126.0,32.0,8.0
2024-09-23 23:00:00,850.0,819.0,187.0,1048.0,36.0,9.0
2024-09-24 00:00:00,1021.0,808.0,217.0,877.0,103.0,19.0
2024-09-24 01:00:00,1065.0,1285.0,236.0,435.0,103.0,28.0
2024-09-24 02:00:00,1097.0,1738.0,231.0,33.0,103.0,42.0
2024-09-24 03:00:00,1065.0,1706.0,222.0,0.0,106.0,42.0
2024-09-24 04:00:00,1052.0,1657.0,207.0,0.0,107.0,63.0
2024-09-24 05:00:00,998.0,1504.0,208.0,0.0,108.0,78.0
2024-09-24 06:00:00,808.0,1523.0,210.0,0.0,108.0,51.0
2024-09-24 07:00:00,705.0,1481.0,210.0,0.0,108.0,8.0
2024-09-24 08:00:00,759.0,1460.0,206.0,0.0,108.0,2.0
2024-09-24 09:00:00,731.0,1342.0,203.0,0.0,109.0,1.0
2024-09-24 10:00:00,655.0,1216.0,201.0,0.0,109.0,0.0
2024-09-24 11:00:00,723.0,1218.0,197.0,0.0,109.0,0.0
2024-09-24 12:00:00,755.0,1218.0,198.0,0.0,110.0,0.0
2024-09-24 13:00:00,837.0,1222.0,205.0,0.0,108.0,0.0
2024-09-24 14:00:00,903.0,1224.0,200.0,6.0,106.0,0.0
2024-09-24 15:00:00,666.0,1020.0,166.0,296.0,102.0,0.0
2024-09-24 16:00:00,432.0,733.0,105.0,839.0,34.0,0.0
2024-09-24 17:00:00,401.0,693.0,109.0,1079.0,32.0,0.0
2024-09-24 18:00:00,399.0,707.0,111.0,1157.0,32.0,0.0
2024-09-24 19:00:00,396.0,723.0,112.0,1179.0,32.0,10.0
2024-09-24 20:00:00,394.0,799.0,130.0,1168.0,33.0,8.0
2024-09-24 21:00:00,405.0,800.0,144.0,1164.0,33.0,6.0
2024-09-24 22:00:00,535.0,820.0,149.0,1127.0,33.0,1.0
2024-09-24 23:00:00,679.0,827.0,173.0,1043.0,40.0,6.0
2024-09-25 00:00:00,846.0,793.0,228.0,874.0,119.0,14.0
2024-09-25 01:00:00,1042.0,1268.0,238.0,430.0,121.0,11.0
2024-09-25 02:00:00,1071.0,1554.0,236.0,30.0,123.0,17.0
2024-09-25 03:00:00,1009.0,1601.0,221.0,0.0,123.0,12.0
2024-09-25 04:00:00,925.0,1563.0,213.0,0.0,123.0,6.0
2024-09-25 05:00:00,795.0,1519.0,209.0,0.0,123.0,2.0
2024-09-25 06:00:00,795.0,1423.0,197.0,0.0,122.0,4.0
2024-09-25 07:00:00,738.0,1416.0,197.0,0.0,121.0,6.0
2024-09-25 08:00:00,638.0,1399.0,198.0,0.0,122.0,8.0
2024-09-25 09:00:00,890.0,759.0,189.0,0.0,122.0,3.0
2024-09-25 10:00:00,945.0,686.0,189.0,0.0,121.0,0.0
2024-09-25 11:00:00,952.0,677.0,187.0,0.0,121.0,0.0
2024-09-25 12:00:00,948.0,685.0,189.0,0.0,122.0,0.0
2024-09-25 13:00:00,1017.0,689.0,188.0,0.0,121.0,0.0
2024-09-25 14:00:00,1001.0,738.0,188.0,5.0,121.0,1.0
2024-09-25 15:00:00,861.0,626.0,162.0,283.0,113.0,5.0
2024-09-25 16:00:00,660.0,454.0,105.0,826.0,32.0,1.0
2024-09-25 17:00:00,487.0,453.0,105.0,1073.0,31.0,0.0
2024-09-25 18:00:00,464.0,450.0,104.0,1150.0,32.0,0.0
2024-09-25 19:00:00,445.0,444.0,106.0,1173.0,31.0,0.0
2024-09-25 20:00:00,431.0,440.0,106.0,1167.0,32.0,39.0
2024-09-25 21:00:00,428.0,439.0,106.0,1159.0,32.0,71.0
2024-09-25 22:00:00,441.0,437.0,114.0,1129.0,32.0,47.0
2024-09-25 23:00:00,612.0,437.0,130.0,1028.0,42.0,53.0
2024-09-26 00:00:00,808.0,459.0,136.0,749.0,123.0,53.0
2024-09-26 01:00:00,987.0,455.0,183.0,348.0,124.0,41.0
2024-09-26 02:00:00,1183.0,506.0,208.0,20.0,123.0,28.0
2024-09-26 03:00:00,1202.0,495.0,211.0,0.0,123.0,48.0
2024-09-26 04:00:00,1099.0,445.0,200.0,0.0,123.0,91.0
2024-09-26 05:00:00,1112.0,444.0,215.0,0.0,123.0,104.0
2024-09-26 06:00:00,1107.0,444.0,195.0,0.0,123.0,112.0
2024-09-26 07:00:00,1060.0,444.0,202.0,0.0,123.0,50.0
2024-09-26 08:00:00,935.0,444.0,198.0,0.0,123.0,31.0
2024-09-26 09:00:00,887.0,444.0,187.0,0.0,122.0,28.0
2024-09-26 10:00:00,768.0,443.0,185.0,0.0,123.0,26.0
2024-09-26 11:00:00,723.0,437.0,172.0,0.0,123.0,27.0
2024-09-26 12:00:00,681.0,444.0,175.0,0.0,123.0,31.0
2024-09-26 13:00:00,726.0,488.0,185.0,0.0,123.0,26.0
2024-09-26 14:00:00,880.0,485.0,176.0,5.0,137.0,12.0
2024-09-26 15:00:00,773.0,288.0,158.0,290.0,120.0,19.0
2024-09-26 16:00:00,610.0,286.0,105.0,845.0,119.0,3.0
2024-09-26 17:00:00,475.0,300.0,105.0,1080.0,120.0,0.0
2024-09-26 18:00:00,458.0,269.0,105.0,1134.0,120.0,0.0
2024-09-26 19:00:00,456.0,269.0,98.0,1174.0,120.0,49.0
2024-09-26 20:00:00,454.0,263.0,99.0,1168.0,119.0,126.0
2024-09-26 21:00:00,551.0,263.0,124.0,1157.0,120.0,94.0
2024-09-26 22:00:00,786.0,298.0,132.0,1115.0,120.0,64.0
2024-09-26 23:00:00,1066.0,270.0,141.0,1036.0,118.0,43.0
2024-09-27 00:00:00,1141.0,544.0,175.0,876.0,120.0,19.0
2024-09-27 01:00:00,1194.0,956.0,213.0,417.0,134.0,14.0
2024-09-27 02:00:00,1211.0,1088.0,219.0,24.0,356.0,7.0
2024-09-27 03:00:00,1232.0,1102.0,213.0,0.0,359.0,2.0
2024-09-27 04:00:00,1222.0,1083.0,212.0,0.0,357.0,0.0
2024-09-27 05:00:00,1220.0,1088.0,216.0,0.0,120.0,0.0
2024-09-27 06:00:00,1137.0,683.0,212.0,0.0,121.0,1.0
2024-09-27 07:00:00,1106.0,649.0,203.0,0.0,121.0,0.0
2024-09-27 08:00:00,1094.0,644.0,204.0,0.0,121.0,0.0
2024-09-27 09:00:00,997.0,637.0,194.0,0.0,121.0,0.0
2024-09-27 10:00:00,875.0,631.0,189.0,0.0,121.0,0.0
2024-09-27 11:00:00,763.0,641.0,189.0,0.0,121.0,0.0
2024-09-27 12:00:00,760.0,641.0,193.0,0.0,121.0,0.0
2024-09-27 13:00:00,802.0,657.0,189.0,0.0,121.0,0.0
2024-09-27 14:00:00,964.0,669.0,188.0,4.0,121.0,0.0
2024-09-27 15:00:00,891.0,573.0,175.0,282.0,113.0,0.0
2024-09-27 16:00:00,730.0,392.0,103.0,833.0,30.0,0.0
2024-09-27 17:00:00,535.0,397.0,95.0,1078.0,29.0,0.0
2024-09-27 18:00:00,472.0,472.0,95.0,1145.0,29.0,0.0
2024-09-27 19:00:00,469.0,440.0,94.0,1166.0,29.0,7.0
2024-09-27 20:00:00,466.0,481.0,96.0,1155.0,29.0,24.0
2024-09-27 21:00:00,451.0,502.0,111.0,1138.0,29.0,29.0
2024-09-27 22:00:00,565.0,515.0,135.0,1097.0,29.0,15.0
2024-09-27 23:00:00,764.0,506.0,196.0,1018.0,36.0,8.0
2024-09-28 00:00:00,965.0,501.0,194.0,845.0,121.0,13.0
2024-09-28 01:00:00,1173.0,725.0,221.0,392.0,121.0,29.0
2024-09-28 02:00:00,1185.0,965.0,219.0,21.0,354.0,37.0
2024-09-28 03:00:00,1184.0,971.0,213.0,0.0,360.0,43.0
2024-09-28 04:00:00,1105.0,969.0,209.0,0.0,360.0,31.0
2024-09-28 05:00:00,1000.0,974.0,209.0,0.0,361.0,4.0
2024-09-28 06:00:00,887.0,976.0,206.0,0.0,363.0,8.0
2024-09-28 07:00:00,862.0,977.0,207.0,0.0,362.0,1.0
2024-09-28 08:00:00,961.0,940.0,206.0,0.0,123.0,0.0
2024-09-28 09:00:00,911.0,943.0,203.0,0.0,120.0,0.0
2024-09-28 10:00:00,998.0,943.0,196.0,0.0,120.0,0.0
2024-09-28 11:00:00,968.0,944.0,196.0,0.0,120.0,0.0
2024-09-28 12:00:00,936.0,943.0,198.0,0.0,120.0,0.0
2024-09-28 13:00:00,927.0,944.0,197.0,0.0,120.0,0.0
2024-09-28 14:00:00,883.0,942.0,190.0,3.0,119.0,0.0
2024-09-28 15:00:00,764.0,538.0,144.0,270.0,114.0,0.0
2024-09-28 16:00:00,587.0,309.0,96.0,815.0,0.0,0.0
2024-09-28 17:00:00,498.0,307.0,97.0,1063.0,0.0,0.0
2024-09-28 18:00:00,482.0,307.0,96.0,1137.0,0.0,0.0
2024-09-28 19:00:00,493.0,308.0,96.0,1156.0,0.0,0.0
2024-09-28 20:00:00,437.0,307.0,95.0,1145.0,27.0,0.0
2024-09-28 21:00:00,432.0,317.0,96.0,1128.0,32.0,2.0
2024-09-28 22:00:00,544.0,376.0,103.0,1079.0,32.0,21.0
2024-09-28 23:00:00,724.0,547.0,119.0,980.0,42.0,34.0
2024-09-29 00:00:00,983.0,663.0,139.0,826.0,124.0,66.0
2024-09-29 01:00:00,1100.0,1035.0,202.0,359.0,119.0,65.0
2024-09-29 02:00:00,1190.0,1134.0,199.0,19.0,121.0,27.0
2024-09-29 03:00:00,1227.0,1142.0,197.0,0.0,120.0,7.0
2024-09-29 04:00:00,1124.0,959.0,198.0,0.0,354.0,20.0
2024-09-29 05:00:00,988.0,963.0,198.0,0.0,359.0,31.0
2024-09-29 06:00:00,879.0,795.0,203.0,0.0,307.0,39.0
2024-09-29 07:00:00,915.0,493.0,204.0,0.0,307.0,35.0
2024-09-29 08:00:00,928.0,476.0,192.0,0.0,122.0,14.0
2024-09-29 09:00:00,1038.0,579.0,189.0,0.0,120.0,6.0
2024-09-29 10:00:00,988.0,538.0,188.0,0.0,120.0,0.0
2024-09-29 11:00:00,887.0,502.0,189.0,0.0,120.0,0.0
2024-09-29 12:00:00,835.0,482.0,191.0,0.0,120.0,4.0
2024-09-29 13:00:00,830.0,506.0,190.0,0.0,120.0,13.0
2024-09-29 14:00:00,804.0,510.0,169.0,2.0,120.0,12.0
2024-09-29 15:00:00,731.0,494.0,110.0,184.0,116.0,7.0
2024-09-29 16:00:00,553.0,448.0,99.0,707.0,0.0,5.0
2024-09-29 17:00:00,440.0,448.0,97.0,965.0,0.0,0.0
2024-09-29 18:00:00,446.0,448.0,95.0,1091.0,0.0,27.0
2024-09-29 19:00:00,426.0,449.0,96.0,1149.0,0.0,78.0
2024-09-29 20:00:00,414.0,450.0,97.0,1127.0,0.0,109.0
2024-09-29 21:00:00,422.0,453.0,102.0,1056.0,0.0,146.0
2024-09-29 22:00:00,433.0,454.0,110.0,1032.0,0.0,155.0
2024-09-29 23:00:00,464.0,455.0,120.0,965.0,38.0,146.0
2024-09-30 00:00:00,713.0,511.0,123.0,784.0,124.0,210.0
2024-09-30 01:00:00,925.0,671.0,191.0,342.0,124.0,157.0
2024-09-30 02:00:00,1074.0,755.0,206.0,15.0,124.0,117.0
2024-09-30 03:00:00,1151.0,919.0,204.0,0.0,123.0,66.0
2024-09-30 04:00:00,1069.0,925.0,204.0,0.0,123.0,44.0
2024-09-30 05:00:00,1084.0,923.0,208.0,0.0,122.0,48.0
2024-09-30 06:00:00,1049.0,924.0,209.0,0.0,123.0,54.0
2024-09-30 07:00:00,1030.0,928.0,207.0,0.0,123.0,48.0
2024-09-30 08:00:00,887.0,930.0,205.0,0.0,123.0,35.0
2024-09-30 09:00:00,748.0,867.0,196.0,0.0,123.0,51.0
2024-09-30 10:00:00,685.0,713.0,194.0,0.0,123.0,19.0
2024-09-30 11:00:00,589.0,696.0,195.0,0.0,123.0,7.0
2024-09-30 12:00:00,530.0,713.0,197.0,0.0,123.0,0.0
2024-09-30 13:00:00,608.0,679.0,197.0,0.0,123.0,0.0
2024-09-30 14:00:00,720.0,694.0,190.0,3.0,123.0,5.0
2024-09-30 15:00:00,647.0,636.0,162.0,254.0,118.0,8.0
2024-09-30 16:00:00,543.0,501.0,99.0,802.0,32.0,19.0
2024-09-30 17:00:00,466.0,476.0,99.0,1058.0,0.0,53.0
2024-09-30 18:00:00,487.0,583.0,100.0,1125.0,0.0,53.0
2024-09-30 19:00:00,589.0,713.0,101.0,1142.0,0.0,29.0
2024-09-30 20:00:00,631.0,773.0,103.0,1137.0,32.0,18.0
2024-09-30 21:00:00,663.0,773.0,110.0,1121.0,32.0,28.0
2024-09-30 22:00:00,810.0,820.0,120.0,1067.0,32.0,26.0
2024-09-30 23:00:00,982.0,806.0,142.0,971.0,37.0,36.0
2024-10-01 00:00:00,1135.0,866.0,207.0,759.0,174.0,58.0
2024-10-01 01:00:00,1171.0,1109.0,243.0,310.0,363.0,83.0
2024-10-01 02:00:00,1163.0,1353.0,248.0,13.0,362.0,59.0
2024-10-01 03:00:00,1155.0,1399.0,240.0,0.0,359.0,60.0
2024-10-01 04:00:00,1126.0,1406.0,219.0,0.0,162.0,108.0
2024-10-01 05:00:00,1002.0,1174.0,213.0,0.0,167.0,94.0
2024-10-01 06:00:00,1121.0,1143.0,217.0,2.0,358.0,116.0
2024-10-01 07:00:00,991.0,1236.0,213.0,0.0,128.0,95.0
2024-10-01 08:00:00,777.0,1182.0,207.0,0.0,123.0,71.0
2024-10-01 09:00:00,575.0,1086.0,193.0,0.0,123.0,48.0
2024-10-01 10:00:00,450.0,1113.0,202.0,0.0,123.0,36.0
2024-10-01 11:00:00,441.0,1004.0,198.0,0.0,122.0,42.0
2024-10-01 12:00:00,441.0,905.0,194.0,0.0,123.0,18.0
2024-10-01 13:00:00,534.0,743.0,193.0,0.0,123.0,1.0
2024-10-01 14:00:00,856.0,716.0,180.0,2.0,123.0,0.0
2024-10-01 15:00:00,971.0,739.0,174.0,237.0,114.0,0.0
2024-10-01 16:00:00,862.0,817.0,111.0,766.0,32.0,0.0
2024-10-01 17:00:00,709.0,890.0,109.0,1031.0,31.0,0.0
2024-10-01 18:00:00,617.0,949.0,109.0,1112.0,31.0,2.0
2024-10-01 19:00:00,570.0,981.0,117.0,1136.0,32.0,3.0
2024-10-01 20:00:00,600.0,999.0,129.0,1136.0,32.0,2.0
2024-10-01 21:00:00,693.0,1060.0,142.0,1127.0,31.0,1.0
2024-10-01 22:00:00,788.0,1304.0,188.0,992.0,32.0,1.0
2024-10-01 23:00:00,1050.0,1320.0,235.0,861.0,36.0,0.0
2024-10-02 00:00:00,1187.0,1336.0,243.0,697.0,123.0,4.0
2024-10-02 01:00:00,1180.0,1594.0,242.0,256.0,311.0,10.0
2024-10-02 02:00:00,1200.0,1763.0,240.0,7.0,314.0,5.0
2024-10-02 03:00:00,1073.0,1765.0,236.0,0.0,313.0,9.0
2024-10-02 04:00:00,1079.0,1766.0,239.0,0.0,122.0,3.0
2024-10-02 05:00:00,1207.0,1772.0,243.0,0.0,122.0,0.0
2024-10-02 06:00:00,1065.0,1649.0,236.0,0.0,123.0,0.0
2024-10-02 07:00:00,857.0,1523.0,227.0,0.0,123.0,0.0
2024-10-02 08:00:00,917.0,1269.0,199.0,0.0,123.0,0.0
2024-10-02 09:00:00,819.0,1213.0,184.0,0.0,122.0,0.0
2024-10-02 10:00:00,713.0,1208.0,189.0,0.0,123.0,0.0
2024-10-02 11:00:00,618.0,1211.0,176.0,0.0,122.0,0.0
2024-10-02 12:00:00,544.0,1211.0,182.0,0.0,123.0,0.0
2024-10-02 13:00:00,606.0,1212.0,190.0,0.0,123.0,3.0
2024-10-02 14:00:00,645.0,1215.0,191.0,2.0,120.0,6.0
2024-10-02 15:00:00,668.0,1220.0,176.0,271.0,0.0,5.0
2024-10-02 16:00:00,581.0,1214.0,103.0,761.0,0.0,1.0
2024-10-02 17:00:00,441.0,1126.0,97.0,1018.0,0.0,0.0
2024-10-02 18:00:00,416.0,1189.0,98.0,1149.0,0.0,0.0
2024-10-02 19:00:00,559.0,1197.0,105.0,1107.0,0.0,0.0
2024-10-02 20:00:00,777.0,1249.0,112.0,1103.0,0.0,0.0
2024-10-02 21:00:00,911.0,1488.0,158.0,1002.0,0.0,0.0
2024-10-02 22:00:00,947.0,1516.0,206.0,1077.0,8.0,0.0
2024-10-02 23:00:00,1146.0,1569.0,209.0,1000.0,31.0,1.0
2024-10-03 00:00:00,1183.0,1670.0,215.0,785.0,305.0,14.0
2024-10-03 01:00:00,1184.0,1671.0,233.0,310.0,524.0,21.0
2024-10-03 02:00:00,1195.0,1768.0,239.0,5.0,539.0,30.0
2024-10-03 03:00:00,1134.0,1768.0,230.0,0.0,539.0,14.0
2024-10-03 04:00:00,1143.0,1769.0,226.0,0.0,308.0,7.0
2024-10-03 05:00:00,1037.0,1767.0,238.0,0.0,305.0,12.0
2024-10-03 06:00:00,926.0,1587.0,239.0,0.0,315.0,15.0
2024-10-03 07:00:00,931.0,1469.0,221.0,0.0,123.0,14.0
2024-10-03 08:00:00,991.0,1473.0,223.0,0.0,0.0,14.0
2024-10-03 09:00:00,970.0,1473.0,209.0,0.0,0.0,12.0
2024-10-03 10:00:00,974.0,1464.0,211.0,0.0,0.0,1.0
2024-10-03 11:00:00,933.0,1453.0,211.0,0.0,0.0,1.0
2024-10-03 12:00:00,932.0,1454.0,210.0,0.0,0.0,1.0
2024-10-03 13:00:00,950.0,1462.0,205.0,0.0,0.0,0.0
2024-10-03 14:00:00,932.0,1476.0,198.0,7.0,0.0,0.0
2024-10-03 15:00:00,792.0,1224.0,192.0,343.0,0.0,0.0
2024-10-03 16:00:00,604.0,821.0,122.0,837.0,0.0,0.0
2024-10-03 17:00:00,454.0,675.0,111.0,1020.0,0.0,1.0
2024-10-03 18:00:00,487.0,734.0,113.0,1001.0,0.0,0.0
2024-10-03 19:00:00,624.0,804.0,128.0,1028.0,0.0,0.0
2024-10-03 20:00:00,768.0,768.0,150.0,1029.0,0.0,0.0
2024-10-03 21:00:00,778.0,952.0,149.0,1013.0,118.0,0.0
2024-10-03 22:00:00,969.0,1214.0,203.0,1004.0,117.0,1.0
2024-10-03 23:00:00,1127.0,1406.0,224.0,1040.0,119.0,1.0
2024-10-04 00:00:00,1181.0,1409.0,232.0,648.0,346.0,6.0
2024-10-04 01:00:00,1193.0,1605.0,241.0,252.0,555.0,13.0
2024-10-04 02:00:00,1170.0,1599.0,241.0,9.0,481.0,34.0
2024-10-04 03:00:00,1039.0,1550.0,227.0,0.0,482.0,11.0
2024-10-04 04:00:00,1027.0,1411.0,221.0,0.0,482.0,14.0
2024-10-04 05:00:00,1009.0,1421.0,226.0,0.0,252.0,13.0
2024-10-04 06:00:00,864.0,1423.0,242.0,0.0,243.0,11.0
2024-10-04 07:00:00,907.0,1417.0,226.0,0.0,13.0,9.0
2024-10-04 08:00:00,924.0,1320.0,220.0,0.0,8.0,8.0
2024-10-04 09:00:00,702.0,1280.0,209.0,0.0,8.0,9.0
2024-10-04 10:00:00,545.0,1184.0,203.0,0.0,8.0,0.0
2024-10-04 11:00:00,444.0,1189.0,205.0,0.0,8.0,0.0
2024-10-04 12:00:00,447.0,1190.0,207.0,0.0,8.0,3.0
2024-10-04 13:00:00,627.0,1191.0,206.0,0.0,8.0,3.0
2024-10-04 14:00:00,840.0,1189.0,202.0,2.0,8.0,39.0
2024-10-04 15:00:00,688.0,1070.0,203.0,166.0,7.0,15.0
2024-10-04 16:00:00,458.0,1176.0,179.0,542.0,8.0,25.0
2024-10-04 17:00:00,449.0,1170.0,128.0,932.0,5.0,29.0
2024-10-04 18:00:00,464.0,1082.0,144.0,1146.0,5.0,20.0
2024-10-04 19:00:00,457.0,1089.0,153.0,1141.0,4.0,68.0
2024-10-04 20:00:00,524.0,1150.0,194.0,1125.0,5.0,133.0
2024-10-04 21:00:00,652.0,1166.0,223.0,1072.0,5.0,196.0
2024-10-04 22:00:00,849.0,1467.0,218.0,880.0,5.0,221.0
2024-10-04 23:00:00,1061.0,1686.0,235.0,587.0,6.0,241.0
2024-10-05 00:00:00,1149.0,1698.0,240.0,631.0,114.0,247.0
2024-10-05 01:00:00,1156.0,1779.0,245.0,286.0,348.0,238.0
2024-10-05 02:00:00,1124.0,1646.0,247.0,16.0,353.0,185.0
2024-10-05 03:00:00,1130.0,1701.0,243.0,3.0,144.0,147.0
2024-10-05 04:00:00,1037.0,1705.0,236.0,0.0,105.0,157.0
2024-10-05 05:00:00,948.0,1715.0,249.0,0.0,5.0,116.0
2024-10-05 06:00:00,704.0,1718.0,249.0,0.0,5.0,46.0
2024-10-05 07:00:00,518.0,1602.0,242.0,0.0,5.0,7.0
2024-10-05 08:00:00,692.0,1307.0,238.0,0.0,5.0,5.0
2024-10-05 09:00:00,830.0,1216.0,224.0,0.0,5.0,5.0
2024-10-05 10:00:00,759.0,1214.0,212.0,0.0,5.0,0.0
2024-10-05 11:00:00,598.0,1219.0,211.0,0.0,5.0,0.0
2024-10-05 12:00:00,560.0,1212.0,200.0,0.0,5.0,0.0
2024-10-05 13:00:00,695.0,1212.0,204.0,0.0,5.0,1.0
2024-10-05 14:00:00,765.0,1211.0,198.0,1.0,5.0,6.0
2024-10-05 15:00:00,787.0,1148.0,181.0,224.0,5.0,15.0
2024-10-05 16:00:00,543.0,875.0,113.0,790.0,100.0,12.0
2024-10-05 17:00:00,442.0,777.0,119.0,1051.0,113.0,3.0
2024-10-05 18:00:00,440.0,779.0,131.0,1138.0,115.0,0.0
2024-10-05 19:00:00,435.0,833.0,130.0,1169.0,116.0,7.0
2024-10-05 20:00:00,433.0,865.0,140.0,1170.0,116.0,40.0
2024-10-05 21:00:00,438.0,1031.0,151.0,1151.0,115.0,40.0
2024-10-05 22:00:00,618.0,1187.0,204.0,1100.0,114.0,28.0
2024-10-05 23:00:00,870.0,1227.0,223.0,1005.0,115.0,29.0
2024-10-06 00:00:00,1069.0,1350.0,229.0,812.0,333.0,28.0
2024-10-06 01:00:00,1109.0,1659.0,245.0,281.0,355.0,18.0
2024-10-06 02:00:00,1118.0,1759.0,245.0,14.0,350.0,23.0
2024-10-06 03:00:00,1109.0,1769.0,242.0,1.0,116.0,48.0
2024-10-06 04:00:00,1075.0,1770.0,238.0,0.0,105.0,5.0
2024-10-06 05:00:00,1013.0,1747.0,238.0,0.0,5.0,2.0
2024-10-06 06:00:00,858.0,1460.0,247.0,0.0,5.0,3.0
2024-10-06 07:00:00,834.0,1453.0,241.0,0.0,6.0,3.0
2024-10-06 08:00:00,784.0,1466.0,229.0,0.0,6.0,2.0
2024-10-06 09:00:00,788.0,1466.0,221.0,0.0,6.0,1.0
2024-10-06 10:00:00,783.0,1454.0,211.0,0.0,6.0,0.0
2024-10-06 11:00:00,739.0,1453.0,199.0,0.0,6.0,0.0
2024-10-06 12:00:00,736.0,1454.0,196.0,0.0,6.0,0.0
2024-10-06 13:00:00,741.0,1453.0,198.0,0.0,6.0,0.0
2024-10-06 14:00:00,861.0,1458.0,190.0,1.0,6.0,0.0
2024-10-06 15:00:00,701.0,1104.0,159.0,168.0,10.0,0.0
2024-10-06 16:00:00,496.0,846.0,113.0,594.0,0.0,0.0
2024-10-06 17:00:00,460.0,837.0,112.0,1044.0,0.0,0.0
2024-10-06 18:00:00,459.0,761.0,111.0,1123.0,0.0,0.0
2024-10-06 19:00:00,456.0,766.0,111.0,1139.0,0.0,0.0
2024-10-06 20:00:00,450.0,780.0,132.0,1148.0,0.0,0.0
2024-10-06 21:00:00,451.0,842.0,146.0,1137.0,0.0,6.0
2024-10-06 22:00:00,589.0,1125.0,158.0,1097.0,118.0,6.0
2024-10-06 23:00:00,837.0,1293.0,226.0,1010.0,119.0,7.0
2024-10-07 00:00:00,888.0,1867.0,241.0,801.0,312.0,14.0
2024-10-07 01:00:00,885.0,2072.0,243.0,233.0,569.0,24.0
2024-10-07 02:00:00,893.0,2199.0,239.0,5.0,594.0,37.0
2024-10-07 03:00:00,1117.0,2089.0,218.0,0.0,362.0,35.0
2024-10-07 04:00:00,1157.0,1976.0,203.0,0.0,347.0,38.0
2024-10-07 05:00:00,1148.0,1783.0,226.0,0.0,245.0,16.0
2024-10-07 06:00:00,1144.0,1781.0,233.0,0.0,12.0,4.0
2024-10-07 07:00:00,1139.0,1745.0,233.0,0.0,8.0,2.0
2024-10-07 08:00:00,1138.0,1643.0,222.0,0.0,8.0,0.0
2024-10-07 09:00:00,1138.0,1506.0,209.0,0.0,8.0,0.0
2024-10-07 10:00:00,1135.0,1482.0,199.0,0.0,8.0,0.0
2024-10-07 11:00:00,1123.0,1446.0,196.0,0.0,7.0,0.0
2024-10-07 12:00:00,1128.0,1545.0,194.0,0.0,0.0,0.0
2024-10-07 13:00:00,1129.0,1701.0,212.0,0.0,0.0,0.0
2024-10-07 14:00:00,1101.0,1743.0,224.0,1.0,0.0,0.0
2024-10-07 15:00:00,1013.0,1744.0,215.0,220.0,0.0,0.0
2024-10-07 16:00:00,892.0,1711.0,202.0,761.0,0.0,0.0
2024-10-07 17:00:00,771.0,1738.0,203.0,1029.0,0.0,0.0
2024-10-07 18:00:00,653.0,1757.0,195.0,1095.0,0.0,0.0
2024-10-07 19:00:00,593.0,1807.0,200.0,1142.0,0.0,1.0
2024-10-07 20:00:00,652.0,1821.0,196.0,1146.0,120.0,1.0
2024-10-07 21:00:00,777.0,1815.0,205.0,1098.0,121.0,0.0
2024-10-07 22:00:00,894.0,1891.0,227.0,1060.0,122.0,0.0
2024-10-07 23:00:00,1008.0,1964.0,241.0,928.0,122.0,0.0
2024-10-08 00:00:00,1020.0,2220.0,240.0,608.0,135.0,0.0
2024-10-08 01:00:00,1153.0,2449.0,244.0,176.0,347.0,1.0
2024-10-08 02:00:00,1157.0,2352.0,253.0,49.0,352.0,0.0
2024-10-08 03:00:00,949.0,2329.0,258.0,0.0,123.0,41.0
2024-10-08 04:00:00,848.0,1697.0,244.0,0.0,187.0,39.0
2024-10-08 05:00:00,878.0,1489.0,249.0,0.0,119.0,62.0
2024-10-08 06:00:00,1015.0,1491.0,261.0,0.0,120.0,17.0
2024-10-08 07:00:00,897.0,1455.0,248.0,0.0,120.0,5.0
2024-10-08 08:00:00,787.0,1459.0,243.0,0.0,119.0,0.0
2024-10-08 09:00:00,942.0,1400.0,243.0,0.0,120.0,0.0
2024-10-08 10:00:00,861.0,1353.0,239.0,0.0,112.0,0.0
2024-10-08 11:00:00,930.0,1346.0,243.0,0.0,17.0,0.0
2024-10-08 12:00:00,980.0,1346.0,246.0,0.0,18.0,0.0
2024-10-08 13:00:00,980.0,1349.0,251.0,0.0,18.0,0.0
2024-10-08 14:00:00,912.0,1355.0,241.0,0.0,15.0,0.0
2024-10-08 15:00:00,908.0,1348.0,231.0,150.0,19.0,0.0
2024-10-08 16:00:00,768.0,1191.0,193.0,623.0,21.0,0.0
2024-10-08 17:00:00,692.0,926.0,159.0,943.0,21.0,0.0
2024-10-08 18:00:00,528.0,1079.0,130.0,1002.0,21.0,0.0
2024-10-08 19:00:00,570.0,1096.0,175.0,1141.0,77.0,0.0
2024-10-08 20:00:00,701.0,1091.0,195.0,1067.0,225.0,6.0
2024-10-08 21:00:00,809.0,1208.0,206.0,1045.0,210.0,26.0
2024-10-08 22:00:00,971.0,1377.0,220.0,1033.0,46.0,15.0
2024-10-08 23:00:00,1102.0,1741.0,221.0,972.0,14.0,27.0
2024-10-09 00:00:00,1148.0,1846.0,243.0,601.0,14.0,89.0
2024-10-09 01:00:00,1113.0,2105.0,246.0,202.0,17.0,32.0
2024-10-09 02:00:00,1100.0,2135.0,253.0,117.0,271.0,22.0
2024-10-09 03:00:00,1115.0,2087.0,250.0,0.0,40.0,16.0
2024-10-09 04:00:00,1112.0,1860.0,231.0,0.0,21.0,12.0
2024-10-09 05:00:00,1058.0,1709.0,248.0,0.0,21.0,12.0
2024-10-09 06:00:00,1089.0,1438.0,243.0,0.0,21.0,12.0
2024-10-09 07:00:00,1016.0,1088.0,242.0,0.0,18.0,30.0
2024-10-09 08:00:00,891.0,1006.0,241.0,0.0,0.0,14.0
2024-10-09 09:00:00,747.0,903.0,227.0,0.0,0.0,10.0
2024-10-09 10:00:00,690.0,778.0,226.0,0.0,0.0,3.0
2024-10-09 11:00:00,687.0,752.0,222.0,0.0,0.0,19.0
2024-10-09 12:00:00,685.0,763.0,221.0,0.0,0.0,18.0
2024-10-09 13:00:00,787.0,789.0,226.0,0.0,0.0,7.0
2024-10-09 14:00:00,959.0,834.0,217.0,0.0,0.0,1.0
2024-10-09 15:00:00,920.0,834.0,195.0,163.0,0.0,2.0
2024-10-09 16:00:00,812.0,755.0,177.0,651.0,0.0,0.0
2024-10-09 17:00:00,688.0,574.0,118.0,1054.0,0.0,0.0
2024-10-09 18:00:00,593.0,618.0,114.0,1151.0,0.0,0.0
2024-10-09 19:00:00,676.0,589.0,123.0,1177.0,0.0,2.0
2024-10-09 20:00:00,784.0,612.0,116.0,1169.0,0.0,46.0
2024-10-09 21:00:00,888.0,527.0,115.0,1153.0,0.0,78.0
2024-10-09 22:00:00,966.0,615.0,134.0,1113.0,20.0,99.0
2024-10-09 23:00:00,971.0,928.0,168.0,1036.0,17.0,82.0
2024-10-10 00:00:00,971.0,1160.0,191.0,816.0,233.0,92.0
2024-10-10 01:00:00,1012.0,1385.0,231.0,274.0,254.0,112.0
2024-10-10 02:00:00,1048.0,1401.0,248.0,3.0,349.0,110.0
2024-10-10 03:00:00,1006.0,1492.0,239.0,0.0,148.0,72.0
2024-10-10 04:00:00,895.0,1460.0,222.0,0.0,136.0,85.0
2024-10-10 05:00:00,873.0,1372.0,223.0,0.0,136.0,78.0
2024-10-10 06:00:00,753.0,1271.0,242.0,0.0,136.0,82.0
2024-10-10 07:00:00,652.0,1270.0,243.0,0.0,135.0,67.0
2024-10-10 08:00:00,708.0,1245.0,235.0,0.0,128.0,67.0
2024-10-10 09:00:00,639.0,1245.0,229.0,0.0,131.0,71.0
2024-10-10 10:00:00,540.0,1245.0,220.0,0.0,130.0,57.0
2024-10-10 11:00:00,447.0,1245.0,213.0,0.0,131.0,49.0
2024-10-10 12:00:00,540.0,1246.0,213.0,0.0,131.0,32.0
2024-10-10 13:00:00,650.0,1245.0,225.0,0.0,131.0,34.0
2024-10-10 14:00:00,765.0,1250.0,240.0,1.0,131.0,48.0
2024-10-10 15:00:00,754.0,1194.0,216.0,192.0,130.0,50.0
2024-10-10 16:00:00,664.0,911.0,194.0,452.0,131.0,34.0
2024-10-10 17:00:00,547.0,699.0,133.0,936.0,131.0,28.0
2024-10-10 18:00:00,540.0,699.0,142.0,968.0,130.0,24.0
2024-10-10 19:00:00,583.0,663.0,156.0,974.0,131.0,100.0
2024-10-10 20:00:00,698.0,697.0,214.0,880.0,127.0,187.0
2024-10-10 21:00:00,817.0,760.0,238.0,932.0,125.0,185.0
2024-10-10 22:00:00,908.0,767.0,227.0,974.0,125.0,195.0
2024-10-10 23:00:00,980.0,771.0,236.0,875.0,128.0,163.0
2024-10-11 00:00:00,1034.0,920.0,239.0,586.0,367.0,136.0
2024-10-11 01:00:00,1043.0,1156.0,247.0,194.0,365.0,164.0
2024-10-11 02:00:00,1128.0,1235.0,249.0,17.0,366.0,150.0
2024-10-11 03:00:00,1090.0,1234.0,244.0,54.0,364.0,81.0
2024-10-11 04:00:00,1087.0,1235.0,247.0,57.0,357.0,72.0
2024-10-11 05:00:00,1086.0,1241.0,250.0,54.0,253.0,85.0
2024-10-11 06:00:00,1064.0,1242.0,251.0,2.0,20.0,76.0
2024-10-11 07:00:00,951.0,1241.0,249.0,0.0,15.0,65.0
2024-10-11 08:00:00,850.0,1241.0,250.0,0.0,15.0,58.0
2024-10-11 09:00:00,753.0,1244.0,239.0,0.0,14.0,58.0
2024-10-11 10:00:00,655.0,1244.0,228.0,0.0,14.0,49.0
2024-10-11 11:00:00,655.0,1245.0,224.0,0.0,13.0,32.0
2024-10-11 12:00:00,693.0,1246.0,224.0,0.0,15.0,37.0
2024-10-11 13:00:00,795.0,1246.0,234.0,4.0,17.0,50.0
2024-10-11 14:00:00,920.0,1247.0,220.0,113.0,17.0,38.0
2024-10-11 15:00:00,932.0,1249.0,213.0,194.0,19.0,21.0
2024-10-11 16:00:00,844.0,1109.0,201.0,765.0,124.0,12.0
2024-10-11 17:00:00,737.0,681.0,146.0,1060.0,128.0,13.0
2024-10-11 18:00:00,741.0,611.0,163.0,1140.0,127.0,33.0
2024-10-11 19:00:00,913.0,663.0,151.0,1160.0,126.0,90.0
2024-10-11 20:00:00,980.0,747.0,198.0,1107.0,126.0,172.0
2024-10-11 21:00:00,1043.0,760.0,221.0,1099.0,125.0,209.0
2024-10-11 22:00:00,1079.0,767.0,216.0,979.0,124.0,251.0
2024-10-11 23:00:00,1071.0,917.0,234.0,642.0,124.0,235.0
2024-10-12 00:00:00,1135.0,1355.0,251.0,410.0,124.0,220.0
2024-10-12 01:00:00,1189.0,1429.0,255.0,287.0,130.0,182.0
2024-10-12 02:00:00,1111.0,1426.0,253.0,77.0,357.0,111.0
2024-10-12 03:00:00,1097.0,1426.0,247.0,0.0,365.0,47.0
2024-10-12 04:00:00,1166.0,1348.0,250.0,0.0,136.0,65.0
2024-10-12 05:00:00,1133.0,1266.0,251.0,0.0,132.0,51.0
2024-10-12 06:00:00,1173.0,1267.0,251.0,0.0,130.0,34.0
2024-10-12 07:00:00,1069.0,1242.0,252.0,0.0,131.0,33.0
2024-10-12 08:00:00,953.0,1240.0,246.0,0.0,133.0,37.0
2024-10-12 09:00:00,820.0,1247.0,230.0,0.0,133.0,40.0
2024-10-12 10:00:00,678.0,1240.0,223.0,0.0,132.0,45.0
2024-10-12 11:00:00,593.0,1053.0,223.0,0.0,132.0,43.0
2024-10-12 12:00:00,554.0,1001.0,219.0,0.0,133.0,57.0
2024-10-12 13:00:00,616.0,999.0,217.0,0.0,132.0,65.0
2024-10-12 14:00:00,858.0,1001.0,204.0,0.0,138.0,67.0
2024-10-12 15:00:00,737.0,807.0,208.0,189.0,126.0,66.0
2024-10-12 16:00:00,472.0,459.0,144.0,808.0,47.0,64.0
2024-10-12 17:00:00,395.0,445.0,106.0,1089.0,47.0,40.0
2024-10-12 18:00:00,392.0,446.0,107.0,1161.0,47.0,89.0
2024-10-12 19:00:00,390.0,449.0,107.0,1181.0,47.0,161.0
2024-10-12 20:00:00,389.0,445.0,108.0,1175.0,47.0,188.0
2024-10-12 21:00:00,390.0,485.0,130.0,1152.0,49.0,170.0
2024-10-12 22:00:00,394.0,474.0,150.0,1115.0,51.0,142.0
2024-10-12 23:00:00,517.0,510.0,149.0,1044.0,53.0,159.0
2024-10-13 00:00:00,794.0,796.0,187.0,815.0,44.0,207.0
2024-10-13 01:00:00,1086.0,1235.0,246.0,298.0,46.0,213.0
2024-10-13 02:00:00,1135.0,1236.0,245.0,159.0,36.0,170.0
2024-10-13 03:00:00,1153.0,1236.0,238.0,158.0,34.0,132.0
2024-10-13 04:00:00,1142.0,1237.0,231.0,138.0,34.0,157.0
2024-10-13 05:00:00,1169.0,1242.0,249.0,6.0,34.0,137.0
2024-10-13 06:00:00,1140.0,1240.0,249.0,0.0,39.0,109.0
2024-10-13 07:00:00,1103.0,1206.0,239.0,0.0,46.0,66.0
2024-10-13 08:00:00,860.0,791.0,240.0,0.0,132.0,50.0
2024-10-13 09:00:00,636.0,761.0,223.0,0.0,132.0,40.0
2024-10-13 10:00:00,526.0,761.0,216.0,0.0,126.0,43.0
2024-10-13 11:00:00,488.0,760.0,214.0,0.0,126.0,43.0
2024-10-13 12:00:00,484.0,762.0,218.0,0.0,126.0,33.0
2024-10-13 13:00:00,492.0,762.0,218.0,0.0,126.0,10.0
2024-10-13 14:00:00,688.0,763.0,210.0,19.0,127.0,2.0
2024-10-13 15:00:00,554.0,591.0,180.0,280.0,122.0,3.0
2024-10-13 16:00:00,406.0,315.0,122.0,799.0,0.0,1.0
2024-10-13 17:00:00,395.0,302.0,113.0,1077.0,0.0,1.0
2024-10-13 18:00:00,428.0,303.0,110.0,1148.0,0.0,0.0
2024-10-13 19:00:00,394.0,302.0,133.0,1175.0,0.0,10.0
2024-10-13 20:00:00,391.0,303.0,118.0,1176.0,0.0,56.0
2024-10-13 21:00:00,389.0,333.0,124.0,1159.0,0.0,99.0
2024-10-13 22:00:00,388.0,331.0,111.0,1115.0,0.0,107.0
2024-10-13 23:00:00,479.0,325.0,128.0,1024.0,0.0,99.0
2024-10-14 00:00:00,768.0,428.0,167.0,791.0,21.0,69.0
2024-10-14 01:00:00,1052.0,719.0,223.0,358.0,22.0,79.0
2024-10-14 02:00:00,1138.0,764.0,232.0,116.0,257.0,50.0
2024-10-14 03:00:00,1182.0,763.0,246.0,62.0,259.0,42.0
2024-10-14 04:00:00,1141.0,764.0,246.0,109.0,254.0,61.0
2024-10-14 05:00:00,1192.0,763.0,241.0,67.0,19.0,59.0
2024-10-14 06:00:00,1188.0,764.0,246.0,3.0,18.0,32.0
2024-10-14 07:00:00,1058.0,765.0,245.0,0.0,18.0,11.0
2024-10-14 08:00:00,944.0,778.0,236.0,0.0,18.0,13.0
2024-10-14 09:00:00,825.0,779.0,221.0,0.0,18.0,9.0
2024-10-14 10:00:00,720.0,779.0,219.0,0.0,18.0,2.0
2024-10-14 11:00:00,604.0,777.0,218.0,0.0,18.0,0.0
2024-10-14 12:00:00,703.0,779.0,228.0,0.0,18.0,1.0
2024-10-14 13:00:00,826.0,778.0,234.0,4.0,19.0,1.0
2024-10-14 14:00:00,959.0,781.0,243.0,93.0,18.0,22.0
2024-10-14 15:00:00,811.0,778.0,237.0,166.0,40.0,22.0
2024-10-14 16:00:00,550.0,482.0,180.0,764.0,127.0,4.0
2024-10-14 17:00:00,410.0,411.0,151.0,1071.0,131.0,0.0
2024-10-14 18:00:00,399.0,402.0,194.0,1152.0,131.0,0.0
2024-10-14 19:00:00,398.0,420.0,148.0,1173.0,132.0,0.0
2024-10-14 20:00:00,394.0,350.0,139.0,1166.0,131.0,0.0
2024-10-14 21:00:00,388.0,370.0,149.0,1152.0,132.0,13.0
2024-10-14 22:00:00,391.0,357.0,182.0,1109.0,132.0,1.0
2024-10-14 23:00:00,507.0,504.0,181.0,1018.0,131.0,0.0
2024-10-15 00:00:00,769.0,464.0,183.0,774.0,131.0,15.0
2024-10-15 01:00:00,1047.0,738.0,235.0,327.0,133.0,46.0
2024-10-15 02:00:00,1054.0,778.0,232.0,127.0,366.0,45.0
2024-10-15 03:00:00,1110.0,777.0,237.0,114.0,367.0,54.0
2024-10-15 04:00:00,1149.0,777.0,229.0,109.0,122.0,13.0
2024-10-15 05:00:00,1171.0,777.0,243.0,5.0,21.0,7.0
2024-10-15 06:00:00,1041.0,777.0,246.0,0.0,21.0,4.0
2024-10-15 07:00:00,1039.0,778.0,246.0,0.0,21.0,2.0
2024-10-15 08:00:00,935.0,797.0,246.0,0.0,22.0,3.0
2024-10-15 09:00:00,877.0,794.0,229.0,0.0,22.0,3.0
2024-10-15 10:00:00,756.0,788.0,228.0,0.0,22.0,0.0
2024-10-15 11:00:00,694.0,788.0,228.0,0.0,22.0,0.0
2024-10-15 12:00:00,687.0,787.0,234.0,0.0,22.0,0.0
2024-10-15 13:00:00,787.0,788.0,234.0,0.0,22.0,0.0
2024-10-15 14:00:00,926.0,788.0,221.0,1.0,22.0,1.0
2024-10-15 15:00:00,899.0,788.0,226.0,174.0,26.0,3.0
2024-10-15 16:00:00,680.0,635.0,197.0,768.0,31.0,0.0
2024-10-15 17:00:00,568.0,456.0,147.0,1065.0,33.0,0.0
2024-10-15 18:00:00,589.0,428.0,148.0,1140.0,33.0,0.0
2024-10-15 19:00:00,625.0,529.0,166.0,1164.0,37.0,0.0
2024-10-15 20:00:00,502.0,540.0,234.0,1159.0,138.0,0.0
2024-10-15 21:00:00,426.0,540.0,201.0,1143.0,136.0,0.0
2024-10-15 22:00:00,485.0,499.0,190.0,1093.0,135.0,0.0
2024-10-15 23:00:00,691.0,477.0,152.0,1004.0,135.0,1.0
2024-10-16 00:00:00,914.0,608.0,216.0,771.0,134.0,7.0
2024-10-16 01:00:00,1113.0,774.0,231.0,318.0,145.0,2.0
2024-10-16 02:00:00,1129.0,787.0,237.0,93.0,370.0,4.0
2024-10-16 03:00:00,1135.0,788.0,239.0,61.0,373.0,15.0
2024-10-16 04:00:00,1142.0,788.0,240.0,126.0,364.0,6.0
2024-10-16 05:00:00,1142.0,788.0,240.0,6.0,265.0,3.0
2024-10-16 06:00:00,1141.0,782.0,244.0,0.0,30.0,2.0
2024-10-16 07:00:00,1140.0,792.0,244.0,0.0,28.0,29.0
2024-10-16 08:00:00,1141.0,796.0,243.0,0.0,31.0,36.0
2024-10-16 09:00:00,1078.0,812.0,236.0,0.0,32.0,29.0
2024-10-16 10:00:00,975.0,820.0,230.0,0.0,32.0,19.0
2024-10-16 11:00:00,944.0,800.0,228.0,0.0,24.0,34.0
2024-10-16 12:00:00,966.0,816.0,230.0,0.0,25.0,24.0
2024-10-16 13:00:00,1092.0,865.0,231.0,11.0,29.0,20.0
2024-10-16 14:00:00,1101.0,555.0,224.0,24.0,30.0,29.0
2024-10-16 15:00:00,1108.0,715.0,215.0,253.0,32.0,45.0
2024-10-16 16:00:00,972.0,534.0,166.0,755.0,43.0,56.0
2024-10-16 17:00:00,809.0,512.0,135.0,1039.0,52.0,33.0
2024-10-16 18:00:00,800.0,481.0,133.0,1107.0,48.0,38.0
2024-10-16 19:00:00,755.0,429.0,133.0,1112.0,52.0,78.0
2024-10-16 20:00:00,764.0,458.0,138.0,1152.0,52.0,94.0
2024-10-16 21:00:00,782.0,421.0,147.0,1148.0,52.0,126.0
2024-10-16 22:00:00,788.0,432.0,148.0,1095.0,52.0,131.0
2024-10-16 23:00:00,864.0,447.0,135.0,852.0,48.0,159.0
2024-10-17 00:00:00,863.0,467.0,168.0,478.0,52.0,209.0
2024-10-17 01:00:00,973.0,654.0,219.0,313.0,52.0,193.0
2024-10-17 02:00:00,1005.0,653.0,229.0,118.0,284.0,133.0
2024-10-17 03:00:00,1012.0,472.0,231.0,109.0,294.0,105.0
2024-10-17 04:00:00,1049.0,500.0,235.0,5.0,294.0,124.0
2024-10-17 05:00:00,953.0,504.0,239.0,0.0,294.0,156.0
2024-10-17 06:00:00,952.0,503.0,243.0,0.0,57.0,143.0
2024-10-17 07:00:00,1035.0,507.0,243.0,0.0,54.0,160.0
2024-10-17 08:00:00,1127.0,507.0,243.0,0.0,54.0,196.0
2024-10-17 09:00:00,1085.0,505.0,236.0,0.0,54.0,183.0
2024-10-17 10:00:00,1096.0,474.0,231.0,0.0,54.0,146.0
2024-10-17 11:00:00,1133.0,474.0,231.0,0.0,54.0,101.0
2024-10-17 12:00:00,1136.0,504.0,237.0,0.0,54.0,35.0
2024-10-17 13:00:00,1129.0,521.0,236.0,0.0,51.0,89.0
2024-10-17 14:00:00,1042.0,524.0,221.0,0.0,282.0,106.0
2024-10-17 15:00:00,1029.0,516.0,218.0,152.0,279.0,63.0
2024-10-17 16:00:00,922.0,378.0,155.0,768.0,37.0,116.0
2024-10-17 17:00:00,802.0,288.0,136.0,1072.0,31.0,179.0
2024-10-17 18:00:00,690.0,290.0,130.0,1153.0,120.0,260.0
2024-10-17 19:00:00,570.0,294.0,130.0,1181.0,121.0,262.0
2024-10-17 20:00:00,488.0,294.0,130.0,1185.0,123.0,268.0
2024-10-17 21:00:00,538.0,284.0,130.0,1175.0,124.0,273.0
2024-10-17 22:00:00,538.0,286.0,131.0,1141.0,125.0,237.0
2024-10-17 23:00:00,595.0,273.0,135.0,994.0,125.0,214.0
2024-10-18 00:00:00,857.0,319.0,142.0,652.0,138.0,127.0
2024-10-18 01:00:00,1007.0,480.0,218.0,184.0,366.0,167.0
2024-10-18 02:00:00,1085.0,528.0,234.0,123.0,364.0,180.0
2024-10-18 03:00:00,1117.0,516.0,228.0,157.0,365.0,156.0
2024-10-18 04:00:00,1110.0,516.0,224.0,153.0,364.0,95.0
2024-10-18 05:00:00,1088.0,525.0,233.0,27.0,362.0,231.0
2024-10-18 06:00:00,1049.0,508.0,242.0,0.0,361.0,250.0
2024-10-18 07:00:00,1057.0,508.0,241.0,0.0,122.0,98.0
2024-10-18 08:00:00,1023.0,499.0,241.0,0.0,120.0,55.0
2024-10-18 09:00:00,1016.0,472.0,234.0,0.0,120.0,25.0
2024-10-18 10:00:00,968.0,474.0,227.0,0.0,120.0,71.0
2024-10-18 11:00:00,925.0,482.0,228.0,0.0,120.0,105.0
2024-10-18 12:00:00,887.0,505.0,227.0,0.0,121.0,109.0
2024-10-18 13:00:00,860.0,515.0,225.0,0.0,118.0,110.0
2024-10-18 14:00:00,875.0,520.0,217.0,2.0,112.0,117.0
2024-10-18 15:00:00,764.0,527.0,223.0,127.0,104.0,126.0
2024-10-18 16:00:00,561.0,486.0,195.0,660.0,103.0,142.0
2024-10-18 17:00:00,412.0,336.0,134.0,862.0,102.0,146.0
2024-10-18 18:00:00,426.0,421.0,139.0,904.0,0.0,115.0
2024-10-18 19:00:00,396.0,354.0,140.0,1075.0,0.0,76.0
2024-10-18 20:00:00,390.0,295.0,139.0,1064.0,0.0,106.0
2024-10-18 21:00:00,395.0,295.0,133.0,1185.0,0.0,118.0
2024-10-18 22:00:00,395.0,319.0,131.0,1114.0,0.0,39.0
2024-10-18 23:00:00,392.0,306.0,139.0,1085.0,100.0,39.0
2024-10-19 00:00:00,554.0,342.0,156.0,786.0,103.0,58.0
2024-10-19 01:00:00,823.0,505.0,225.0,292.0,103.0,100.0
2024-10-19 02:00:00,958.0,669.0,233.0,117.0,103.0,99.0
2024-10-19 03:00:00,947.0,516.0,234.0,114.0,102.0,126.0
2024-10-19 04:00:00,894.0,449.0,229.0,109.0,279.0,121.0
2024-10-19 05:00:00,882.0,447.0,246.0,5.0,296.0,73.0
2024-10-19 06:00:00,809.0,444.0,241.0,0.0,288.0,51.0
2024-10-19 07:00:00,719.0,444.0,241.0,0.0,286.0,89.0
2024-10-19 08:00:00,606.0,449.0,239.0,0.0,99.0,116.0
2024-10-19 09:00:00,490.0,450.0,225.0,0.0,99.0,129.0
2024-10-19 10:00:00,458.0,426.0,211.0,0.0,99.0,128.0
2024-10-19 11:00:00,458.0,429.0,208.0,0.0,99.0,124.0
2024-10-19 12:00:00,488.0,430.0,216.0,0.0,99.0,86.0
2024-10-19 13:00:00,504.0,431.0,212.0,0.0,100.0,89.0
2024-10-19 14:00:00,492.0,432.0,191.0,4.0,99.0,64.0
2024-10-19 15:00:00,411.0,458.0,194.0,173.0,99.0,55.0
2024-10-19 16:00:00,396.0,355.0,142.0,453.0,101.0,69.0
2024-10-19 17:00:00,393.0,276.0,134.0,887.0,0.0,66.0
2024-10-19 18:00:00,392.0,276.0,128.0,1145.0,0.0,55.0
2024-10-19 19:00:00,391.0,276.0,126.0,1178.0,0.0,45.0
2024-10-19 20:00:00,391.0,277.0,113.0,1179.0,0.0,49.0
2024-10-19 21:00:00,392.0,277.0,111.0,1174.0,0.0,74.0
2024-10-19 22:00:00,391.0,276.0,111.0,1138.0,0.0,51.0
2024-10-19 23:00:00,389.0,275.0,113.0,1038.0,100.0,35.0
2024-10-20 00:00:00,487.0,296.0,146.0,763.0,196.0,31.0
2024-10-20 01:00:00,776.0,438.0,225.0,237.0,208.0,34.0
2024-10-20 02:00:00,1013.0,455.0,232.0,140.0,258.0,26.0
2024-10-20 03:00:00,988.0,455.0,240.0,115.0,258.0,16.0
2024-10-20 04:00:00,952.0,456.0,234.0,109.0,259.0,11.0
2024-10-20 05:00:00,968.0,457.0,246.0,5.0,259.0,22.0
2024-10-20 06:00:00,1072.0,458.0,242.0,0.0,258.0,10.0
2024-10-20 07:00:00,967.0,458.0,236.0,0.0,245.0,15.0
2024-10-20 08:00:00,851.0,478.0,214.0,0.0,12.0,13.0
2024-10-20 09:00:00,732.0,473.0,199.0,0.0,9.0,23.0
2024-10-20 10:00:00,614.0,471.0,199.0,0.0,9.0,40.0
2024-10-20 11:00:00,544.0,471.0,199.0,0.0,9.0,24.0
2024-10-20 12:00:00,601.0,472.0,205.0,0.0,10.0,4.0
2024-10-20 13:00:00,710.0,471.0,210.0,0.0,9.0,0.0
2024-10-20 14:00:00,829.0,475.0,209.0,0.0,10.0,0.0
2024-10-20 15:00:00,665.0,446.0,204.0,92.0,10.0,1.0
2024-10-20 16:00:00,436.0,282.0,129.0,714.0,12.0,0.0
2024-10-20 17:00:00,394.0,277.0,111.0,1044.0,0.0,2.0
2024-10-20 18:00:00,394.0,278.0,110.0,1131.0,0.0,0.0
2024-10-20 19:00:00,391.0,277.0,110.0,1154.0,0.0,0.0
2024-10-20 20:00:00,390.0,277.0,113.0,1150.0,0.0,0.0
2024-10-20 21:00:00,389.0,275.0,123.0,1141.0,0.0,0.0
2024-10-20 22:00:00,390.0,274.0,115.0,1101.0,0.0,0.0
2024-10-20 23:00:00,485.0,277.0,128.0,1012.0,4.0,0.0
2024-10-21 00:00:00,748.0,343.0,153.0,746.0,195.0,11.0
2024-10-21 01:00:00,1050.0,468.0,214.0,283.0,255.0,17.0
2024-10-21 02:00:00,1158.0,605.0,212.0,143.0,344.0,5.0
2024-10-21 03:00:00,1166.0,724.0,213.0,115.0,344.0,8.0
2024-10-21 04:00:00,1154.0,715.0,208.0,109.0,344.0,20.0
2024-10-21 05:00:00,1155.0,719.0,216.0,5.0,342.0,57.0
2024-10-21 06:00:00,1059.0,706.0,224.0,0.0,107.0,91.0
2024-10-21 07:00:00,875.0,720.0,225.0,0.0,99.0,75.0
2024-10-21 08:00:00,613.0,707.0,216.0,0.0,99.0,95.0
2024-10-21 09:00:00,462.0,702.0,204.0,0.0,99.0,135.0
2024-10-21 10:00:00,457.0,679.0,196.0,0.0,99.0,114.0
2024-10-21 11:00:00,436.0,673.0,196.0,0.0,99.0,126.0
2024-10-21 12:00:00,441.0,447.0,207.0,0.0,99.0,119.0
2024-10-21 13:00:00,451.0,472.0,210.0,0.0,99.0,125.0
2024-10-21 14:00:00,538.0,481.0,211.0,0.0,100.0,103.0
2024-10-21 15:00:00,535.0,460.0,212.0,176.0,99.0,116.0
2024-10-21 16:00:00,413.0,287.0,126.0,711.0,99.0,100.0
2024-10-21 17:00:00,401.0,276.0,124.0,1032.0,93.0,91.0
2024-10-21 18:00:00,395.0,276.0,128.0,1095.0,10.0,141.0
2024-10-21 19:00:00,392.0,277.0,130.0,1151.0,9.0,185.0
2024-10-21 20:00:00,391.0,278.0,127.0,1151.0,10.0,194.0
2024-10-21 21:00:00,402.0,278.0,137.0,1081.0,18.0,199.0
2024-10-21 22:00:00,399.0,286.0,144.0,1084.0,102.0,174.0
2024-10-21 23:00:00,546.0,276.0,147.0,1008.0,102.0,129.0
2024-10-22 00:00:00,797.0,331.0,171.0,741.0,103.0,107.0
2024-10-22 01:00:00,1036.0,463.0,237.0,244.0,104.0,87.0
2024-10-22 02:00:00,1086.0,471.0,249.0,80.0,104.0,83.0
2024-10-22 03:00:00,1114.0,474.0,247.0,6.0,104.0,107.0
2024-10-22 04:00:00,1033.0,477.0,244.0,0.0,104.0,137.0
2024-10-22 05:00:00,1004.0,479.0,246.0,0.0,101.0,98.0
2024-10-22 06:00:00,752.0,478.0,246.0,0.0,81.0,97.0
2024-10-22 07:00:00,582.0,465.0,233.0,0.0,0.0,125.0
2024-10-22 08:00:00,409.0,477.0,229.0,0.0,0.0,81.0
2024-10-22 09:00:00,395.0,470.0,221.0,0.0,0.0,66.0
2024-10-22 10:00:00,393.0,460.0,218.0,0.0,0.0,80.0
2024-10-22 11:00:00,391.0,471.0,209.0,0.0,0.0,99.0
2024-10-22 12:00:00,391.0,468.0,216.0,0.0,0.0,83.0
2024-10-22 13:00:00,390.0,509.0,222.0,0.0,0.0,72.0
2024-10-22 14:00:00,388.0,677.0,217.0,0.0,0.0,72.0
2024-10-22 15:00:00,422.0,711.0,226.0,111.0,0.0,64.0
2024-10-22 16:00:00,402.0,548.0,163.0,746.0,0.0,47.0
2024-10-22 17:00:00,397.0,460.0,141.0,1063.0,0.0,31.0
2024-10-22 18:00:00,395.0,317.0,140.0,1137.0,0.0,19.0
2024-10-22 19:00:00,395.0,278.0,143.0,1152.0,0.0,43.0
2024-10-22 20:00:00,395.0,293.0,148.0,1148.0,0.0,70.0
2024-10-22 21:00:00,392.0,298.0,141.0,1135.0,0.0,90.0
2024-10-22 22:00:00,414.0,366.0,145.0,1098.0,0.0,96.0
2024-10-22 23:00:00,666.0,533.0,153.0,1007.0,0.0,73.0
2024-10-23 00:00:00,935.0,732.0,203.0,729.0,0.0,38.0
2024-10-23 01:00:00,1123.0,1076.0,244.0,280.0,0.0,42.0
2024-10-23 02:00:00,1142.0,1233.0,234.0,145.0,0.0,48.0
2024-10-23 03:00:00,1112.0,1256.0,237.0,116.0,0.0,64.0
2024-10-23 04:00:00,1004.0,1136.0,237.0,114.0,0.0,133.0
2024-10-23 05:00:00,1075.0,1014.0,250.0,36.0,0.0,117.0
2024-10-23 06:00:00,951.0,1006.0,251.0,0.0,0.0,109.0
2024-10-23 07:00:00,861.0,1009.0,236.0,0.0,0.0,70.0
2024-10-23 08:00:00,821.0,989.0,237.0,0.0,0.0,41.0
2024-10-23 09:00:00,793.0,981.0,231.0,0.0,0.0,34.0
2024-10-23 10:00:00,695.0,981.0,219.0,0.0,0.0,37.0
2024-10-23 11:00:00,591.0,981.0,215.0,0.0,0.0,41.0
2024-10-23 12:00:00,527.0,981.0,218.0,0.0,0.0,66.0
2024-10-23 13:00:00,554.0,981.0,218.0,0.0,0.0,75.0
2024-10-23 14:00:00,586.0,982.0,208.0,0.0,0.0,73.0
2024-10-23 15:00:00,553.0,905.0,203.0,117.0,0.0,58.0
2024-10-23 16:00:00,430.0,389.0,142.0,695.0,22.0,44.0
2024-10-23 17:00:00,414.0,301.0,123.0,1012.0,0.0,43.0
2024-10-23 18:00:00,394.0,356.0,126.0,1089.0,0.0,39.0
2024-10-23 19:00:00,391.0,422.0,127.0,1103.0,0.0,66.0
2024-10-23 20:00:00,424.0,405.0,136.0,1094.0,0.0,99.0
2024-10-23 21:00:00,701.0,417.0,154.0,1078.0,0.0,126.0
2024-10-23 22:00:00,997.0,349.0,180.0,1037.0,0.0,183.0
2024-10-23 23:00:00,1114.0,413.0,180.0,943.0,0.0,225.0
2024-10-24 00:00:00,1145.0,575.0,227.0,651.0,225.0,232.0
2024-10-24 01:00:00,1147.0,874.0,248.0,198.0,234.0,185.0
2024-10-24 02:00:00,1153.0,1087.0,249.0,80.0,234.0,232.0
2024-10-24 03:00:00,1142.0,1110.0,249.0,3.0,230.0,274.0
2024-10-24 04:00:00,1138.0,1113.0,243.0,0.0,0.0,266.0
2024-10-24 05:00:00,1073.0,983.0,246.0,0.0,8.0,278.0
2024-10-24 06:00:00,1073.0,817.0,238.0,0.0,101.0,274.0
2024-10-24 07:00:00,1039.0,490.0,234.0,0.0,102.0,262.0
2024-10-24 08:00:00,979.0,461.0,235.0,0.0,101.0,256.0
2024-10-24 09:00:00,840.0,461.0,226.0,0.0,102.0,265.0
2024-10-24 10:00:00,796.0,327.0,213.0,0.0,129.0,217.0
2024-10-24 11:00:00,731.0,204.0,214.0,0.0,102.0,183.0
2024-10-24 12:00:00,828.0,204.0,220.0,0.0,102.0,98.0
2024-10-24 13:00:00,830.0,195.0,218.0,0.0,103.0,167.0
2024-10-24 14:00:00,743.0,209.0,208.0,2.0,103.0,172.0
2024-10-24 15:00:00,708.0,189.0,174.0,143.0,103.0,151.0
2024-10-24 16:00:00,550.0,151.0,127.0,498.0,103.0,121.0
2024-10-24 17:00:00,405.0,139.0,121.0,844.0,102.0,102.0
2024-10-24 18:00:00,392.0,143.0,137.0,868.0,103.0,97.0
2024-10-24 19:00:00,417.0,166.0,157.0,822.0,103.0,92.0
2024-10-24 20:00:00,535.0,240.0,163.0,753.0,103.0,84.0
2024-10-24 21:00:00,644.0,310.0,154.0,772.0,110.0,102.0
2024-10-24 22:00:00,621.0,290.0,160.0,788.0,342.0,82.0
2024-10-24 23:00:00,808.0,334.0,163.0,686.0,145.0,66.0
2024-10-25 00:00:00,983.0,423.0,206.0,518.0,295.0,60.0
2024-10-25 01:00:00,1129.0,696.0,248.0,145.0,112.0,63.0
2024-10-25 02:00:00,1129.0,826.0,250.0,57.0,100.0,47.0
2024-10-25 03:00:00,1112.0,738.0,249.0,55.0,104.0,37.0
2024-10-25 04:00:00,1074.0,724.0,245.0,3.0,95.0,23.0
2024-10-25 05:00:00,1093.0,724.0,251.0,0.0,0.0,14.0
2024-10-25 06:00:00,1133.0,726.0,249.0,0.0,0.0,5.0
2024-10-25 07:00:00,974.0,824.0,243.0,0.0,0.0,1.0
2024-10-25 08:00:00,757.0,975.0,240.0,0.0,0.0,0.0
2024-10-25 09:00:00,622.0,977.0,224.0,0.0,0.0,0.0
2024-10-25 10:00:00,563.0,978.0,219.0,0.0,0.0,0.0
2024-10-25 11:00:00,562.0,978.0,218.0,0.0,0.0,0.0
2024-10-25 12:00:00,608.0,979.0,223.0,0.0,0.0,0.0
2024-10-25 13:00:00,532.0,980.0,223.0,0.0,0.0,0.0
2024-10-25 14:00:00,770.0,983.0,221.0,0.0,0.0,0.0
2024-10-25 15:00:00,854.0,928.0,219.0,101.0,0.0,0.0
2024-10-25 16:00:00,649.0,448.0,186.0,637.0,99.0,0.0
2024-10-25 17:00:00,420.0,314.0,150.0,960.0,103.0,0.0
2024-10-25 18:00:00,393.0,278.0,146.0,1035.0,104.0,0.0
2024-10-25 19:00:00,390.0,277.0,145.0,1050.0,104.0,0.0
2024-10-25 20:00:00,390.0,279.0,145.0,1048.0,103.0,0.0
2024-10-25 21:00:00,391.0,278.0,146.0,1029.0,102.0,0.0
2024-10-25 22:00:00,414.0,278.0,151.0,986.0,102.0,0.0
2024-10-25 23:00:00,657.0,280.0,155.0,893.0,103.0,0.0
2024-10-26 00:00:00,940.0,409.0,188.0,605.0,103.0,0.0
2024-10-26 01:00:00,1129.0,790.0,238.0,244.0,103.0,0.0
2024-10-26 02:00:00,1139.0,1016.0,235.0,158.0,103.0,0.0
2024-10-26 03:00:00,1145.0,1037.0,231.0,111.0,104.0,1.0
2024-10-26 04:00:00,1147.0,1003.0,232.0,106.0,94.0,2.0
2024-10-26 05:00:00,1140.0,1015.0,246.0,57.0,0.0,3.0
2024-10-26 06:00:00,1136.0,1024.0,244.0,3.0,0.0,4.0
2024-10-26 07:00:00,1038.0,1027.0,242.0,0.0,0.0,6.0
2024-10-26 08:00:00,901.0,907.0,237.0,0.0,0.0,8.0
2024-10-26 09:00:00,822.0,577.0,230.0,0.0,0.0,6.0
2024-10-26 10:00:00,764.0,508.0,219.0,0.0,0.0,0.0
2024-10-26 11:00:00,666.0,507.0,218.0,0.0,0.0,2.0
2024-10-26 12:00:00,635.0,509.0,219.0,0.0,0.0,4.0
2024-10-26 13:00:00,646.0,507.0,218.0,0.0,0.0,8.0
2024-10-26 14:00:00,773.0,507.0,213.0,0.0,0.0,13.0
2024-10-26 15:00:00,856.0,488.0,211.0,79.0,5.0,12.0
2024-10-26 16:00:00,610.0,383.0,150.0,508.0,104.0,1.0
2024-10-26 17:00:00,405.0,329.0,134.0,801.0,104.0,0.0
2024-10-26 18:00:00,392.0,327.0,132.0,921.0,104.0,0.0
2024-10-26 19:00:00,390.0,327.0,128.0,1018.0,104.0,0.0
2024-10-26 20:00:00,390.0,330.0,131.0,1001.0,104.0,0.0
2024-10-26 21:00:00,389.0,332.0,135.0,989.0,104.0,0.0
2024-10-26 22:00:00,430.0,331.0,144.0,1018.0,104.0,0.0
2024-10-26 23:00:00,703.0,346.0,152.0,847.0,104.0,0.0
2024-10-27 00:00:00,989.0,375.0,223.0,466.0,104.0,2.0
2024-10-27 01:00:00,1133.0,559.0,240.0,201.0,105.0,3.0
2024-10-27 02:00:00,1136.0,882.0,239.0,109.0,104.0,0.0
2024-10-27 03:00:00,1143.0,1020.0,249.0,10.0,104.0,0.0
2024-10-27 04:00:00,1142.0,1022.0,249.0,108.0,93.0,1.0
2024-10-27 05:00:00,1141.0,1027.0,238.0,103.0,0.0,0.0
2024-10-27 06:00:00,1120.0,1027.0,231.0,93.0,0.0,2.0
2024-10-27 07:00:00,941.0,1012.0,233.0,4.0,0.0,2.0
2024-10-27 08:00:00,776.0,533.0,236.0,0.0,0.0,4.0
2024-10-27 09:00:00,698.0,476.0,224.0,0.0,0.0,9.0
2024-10-27 10:00:00,550.0,475.0,219.0,0.0,0.0,17.0
2024-10-27 11:00:00,489.0,475.0,218.0,0.0,0.0,36.0
2024-10-27 12:00:00,444.0,465.0,222.0,0.0,0.0,24.0
2024-10-27 13:00:00,433.0,473.0,218.0,0.0,0.0,56.0
2024-10-27 14:00:00,436.0,455.0,204.0,1.0,0.0,66.0
2024-10-27 15:00:00,494.0,506.0,210.0,69.0,0.0,89.0
2024-10-27 16:00:00,400.0,476.0,179.0,229.0,0.0,63.0
2024-10-27 17:00:00,396.0,242.0,159.0,600.0,0.0,115.0
2024-10-27 18:00:00,392.0,178.0,121.0,679.0,0.0,125.0
2024-10-27 19:00:00,410.0,185.0,125.0,819.0,1.0,99.0
2024-10-27 20:00:00,394.0,183.0,130.0,725.0,103.0,151.0
2024-10-27 21:00:00,393.0,187.0,132.0,687.0,102.0,203.0
2024-10-27 22:00:00,426.0,197.0,134.0,684.0,102.0,259.0
2024-10-27 23:00:00,587.0,215.0,143.0,416.0,104.0,217.0
2024-10-28 00:00:00,882.0,301.0,234.0,116.0,106.0,233.0
2024-10-28 01:00:00,1124.0,336.0,236.0,14.0,106.0,218.0
2024-10-28 02:00:00,1142.0,333.0,236.0,55.0,105.0,153.0
2024-10-28 03:00:00,1143.0,343.0,236.0,65.0,105.0,193.0
2024-10-28 04:00:00,1133.0,455.0,237.0,5.0,95.0,151.0
2024-10-28 05:00:00,989.0,566.0,240.0,41.0,0.0,185.0
2024-10-28 06:00:00,957.0,568.0,230.0,2.0,0.0,97.0
2024-10-28 07:00:00,737.0,559.0,213.0,0.0,0.0,50.0
2024-10-28 08:00:00,618.0,547.0,230.0,0.0,0.0,98.0
2024-10-28 09:00:00,486.0,539.0,195.0,0.0,0.0,186.0
2024-10-28 10:00:00,437.0,549.0,210.0,0.0,0.0,249.0
2024-10-28 11:00:00,395.0,467.0,149.0,0.0,0.0,257.0
2024-10-28 12:00:00,391.0,475.0,157.0,0.0,0.0,259.0
2024-10-28 13:00:00,416.0,558.0,223.0,0.0,0.0,236.0
2024-10-28 14:00:00,657.0,573.0,227.0,0.0,0.0,225.0
2024-10-28 15:00:00,715.0,572.0,227.0,66.0,0.0,221.0
2024-10-28 16:00:00,638.0,544.0,215.0,569.0,0.0,162.0
2024-10-28 17:00:00,532.0,379.0,140.0,902.0,0.0,119.0
2024-10-28 18:00:00,403.0,329.0,136.0,1050.0,0.0,176.0
2024-10-28 19:00:00,394.0,348.0,118.0,1151.0,0.0,223.0
2024-10-28 20:00:00,391.0,316.0,116.0,1056.0,103.0,254.0
2024-10-28 21:00:00,391.0,315.0,116.0,1120.0,105.0,263.0
2024-10-28 22:00:00,390.0,315.0,117.0,1111.0,104.0,271.0
2024-10-28 23:00:00,395.0,322.0,125.0,989.0,104.0,265.0
2024-10-29 00:00:00,536.0,413.0,156.0,647.0,101.0,265.0
2024-10-29 01:00:00,780.0,563.0,228.0,99.0,101.0,248.0
2024-10-29 02:00:00,1049.0,564.0,243.0,1.0,105.0,104.0
2024-10-29 03:00:00,1091.0,571.0,244.0,2.0,292.0,115.0
2024-10-29 04:00:00,975.0,573.0,243.0,113.0,277.0,244.0
2024-10-29 05:00:00,908.0,575.0,239.0,109.0,179.0,237.0
2024-10-29 06:00:00,635.0,573.0,238.0,5.0,180.0,236.0
2024-10-29 07:00:00,516.0,567.0,229.0,0.0,220.0,214.0
2024-10-29 08:00:00,549.0,563.0,227.0,0.0,230.0,217.0
2024-10-29 09:00:00,670.0,560.0,213.0,0.0,0.0,125.0
2024-10-29 10:00:00,636.0,552.0,208.0,0.0,0.0,78.0
2024-10-29 11:00:00,636.0,569.0,207.0,0.0,0.0,42.0
2024-10-29 12:00:00,731.0,569.0,213.0,0.0,0.0,31.0
2024-10-29 13:00:00,794.0,565.0,220.0,0.0,0.0,10.0
2024-10-29 14:00:00,1002.0,563.0,214.0,2.0,182.0,3.0
2024-10-29 15:00:00,1071.0,567.0,214.0,111.0,227.0,4.0
2024-10-29 16:00:00,928.0,425.0,151.0,578.0,0.0,4.0
2024-10-29 17:00:00,651.0,315.0,110.0,904.0,0.0,5.0
2024-10-29 18:00:00,414.0,315.0,109.0,987.0,0.0,5.0
2024-10-29 19:00:00,401.0,316.0,111.0,901.0,0.0,3.0
2024-10-29 20:00:00,429.0,314.0,109.0,846.0,0.0,3.0
2024-10-29 21:00:00,432.0,313.0,104.0,951.0,100.0,3.0
2024-10-29 22:00:00,435.0,319.0,112.0,870.0,101.0,12.0
2024-10-29 23:00:00,491.0,320.0,142.0,805.0,101.0,9.0
2024-10-30 00:00:00,761.0,361.0,173.0,572.0,111.0,4.0
2024-10-30 01:00:00,1066.0,543.0,214.0,196.0,346.0,4.0
2024-10-30 02:00:00,1131.0,773.0,234.0,130.0,343.0,4.0
2024-10-30 03:00:00,1040.0,720.0,234.0,132.0,341.0,4.0
2024-10-30 04:00:00,1055.0,650.0,236.0,131.0,342.0,15.0
2024-10-30 05:00:00,1119.0,661.0,251.0,6.0,559.0,8.0
2024-10-30 06:00:00,1099.0,573.0,250.0,0.0,0.0,4.0
2024-10-30 07:00:00,1094.0,579.0,233.0,0.0,0.0,2.0
2024-10-30 08:00:00,1089.0,598.0,249.0,0.0,0.0,3.0
2024-10-30 09:00:00,1042.0,575.0,237.0,0.0,0.0,3.0
2024-10-30 10:00:00,1039.0,574.0,218.0,0.0,0.0,0.0
2024-10-30 11:00:00,990.0,574.0,218.0,0.0,0.0,0.0
2024-10-30 12:00:00,949.0,575.0,223.0,0.0,0.0,0.0
2024-10-30 13:00:00,887.0,579.0,243.0,0.0,30.0,0.0
2024-10-30 14:00:00,1026.0,577.0,222.0,2.0,184.0,0.0
2024-10-30 15:00:00,1125.0,576.0,220.0,128.0,227.0,0.0
2024-10-30 16:00:00,950.0,457.0,180.0,533.0,181.0,0.0
2024-10-30 17:00:00,698.0,330.0,135.0,815.0,3.0,0.0
2024-10-30 18:00:00,504.0,317.0,141.0,1019.0,102.0,0.0
2024-10-30 19:00:00,399.0,319.0,130.0,1132.0,103.0,0.0
2024-10-30 20:00:00,393.0,317.0,131.0,1085.0,104.0,0.0
2024-10-30 21:00:00,390.0,317.0,134.0,1048.0,103.0,0.0
2024-10-30 22:00:00,411.0,316.0,143.0,951.0,103.0,0.0
2024-10-30 23:00:00,656.0,316.0,142.0,999.0,104.0,0.0
2024-10-31 00:00:00,967.0,400.0,164.0,675.0,103.0,0.0
2024-10-31 01:00:00,1144.0,696.0,241.0,246.0,111.0,14.0
2024-10-31 02:00:00,1144.0,831.0,247.0,118.0,340.0,9.0
2024-10-31 03:00:00,1101.0,831.0,249.0,114.0,344.0,31.0
2024-10-31 04:00:00,1099.0,832.0,231.0,109.0,334.0,14.0
2024-10-31 05:00:00,1151.0,832.0,231.0,5.0,234.0,15.0
2024-10-31 06:00:00,1064.0,833.0,242.0,0.0,230.0,24.0
2024-10-31 07:00:00,1141.0,832.0,237.0,0.0,0.0,35.0
2024-10-31 08:00:00,1038.0,656.0,236.0,0.0,0.0,48.0
2024-10-31 09:00:00,944.0,510.0,225.0,0.0,0.0,93.0
2024-10-31 10:00:00,858.0,538.0,220.0,0.0,0.0,144.0
2024-10-31 11:00:00,798.0,493.0,215.0,0.0,0.0,144.0
2024-10-31 12:00:00,825.0,506.0,222.0,0.0,0.0,109.0
2024-10-31 13:00:00,741.0,548.0,230.0,0.0,0.0,81.0
2024-10-31 14:00:00,828.0,566.0,218.0,0.0,0.0,97.0
2024-10-31 15:00:00,874.0,539.0,222.0,59.0,0.0,146.0
2024-10-31 16:00:00,643.0,358.0,149.0,536.0,0.0,198.0
2024-10-31 17:00:00,420.0,317.0,115.0,919.0,0.0,205.0
2024-10-31 18:00:00,391.0,316.0,112.0,1104.0,0.0,168.0
2024-10-31 19:00:00,390.0,316.0,111.0,1117.0,1.0,206.0
2024-10-31 20:00:00,390.0,314.0,111.0,1080.0,0.0,237.0
2024-10-31 21:00:00,391.0,315.0,111.0,1073.0,0.0,254.0
2024-10-31 22:00:00,391.0,314.0,113.0,1027.0,0.0,255.0
2024-10-31 23:00:00,415.0,315.0,122.0,975.0,100.0,234.0
2024-11-01 00:00:00,663.0,340.0,149.0,617.0,102.0,171.0
2024-11-01 01:00:00,947.0,516.0,207.0,201.0,333.0,125.0
2024-11-01 02:00:00,1127.0,641.0,234.0,137.0,343.0,157.0
2024-11-01 03:00:00,1140.0,530.0,230.0,84.0,345.0,197.0
2024-11-01 04:00:00,1141.0,509.0,232.0,4.0,334.0,188.0
2024-11-01 05:00:00,1139.0,519.0,229.0,0.0,234.0,157.0
2024-11-01 06:00:00,1044.0,520.0,233.0,0.0,233.0,105.0
2024-11-01 07:00:00,1026.0,565.0,230.0,0.0,233.0,76.0
2024-11-01 08:00:00,893.0,739.0,227.0,0.0,233.0,29.0
2024-11-01 09:00:00,834.0,724.0,218.0,0.0,233.0,16.0
2024-11-01 10:00:00,839.0,717.0,217.0,0.0,233.0,2.0
2024-11-01 11:00:00,970.0,695.0,227.0,0.0,233.0,1.0
2024-11-01 12:00:00,980.0,706.0,232.0,0.0,232.0,1.0
2024-11-01 13:00:00,983.0,746.0,229.0,0.0,234.0,0.0
2024-11-01 14:00:00,1075.0,753.0,222.0,4.0,233.0,0.0
2024-11-01 15:00:00,1082.0,763.0,218.0,144.0,231.0,0.0
2024-11-01 16:00:00,936.0,714.0,209.0,564.0,0.0,0.0
2024-11-01 17:00:00,726.0,568.0,153.0,943.0,0.0,0.0
2024-11-01 18:00:00,616.0,510.0,146.0,1008.0,0.0,0.0
2024-11-01 19:00:00,539.0,477.0,144.0,1043.0,4.0,0.0
2024-11-01 20:00:00,445.0,498.0,145.0,903.0,104.0,0.0
2024-11-01 21:00:00,492.0,613.0,147.0,936.0,104.0,0.0
2024-11-01 22:00:00,546.0,527.0,139.0,865.0,105.0,0.0
2024-11-01 23:00:00,749.0,627.0,141.0,748.0,104.0,14.0
2024-11-02 00:00:00,831.0,720.0,173.0,533.0,104.0,19.0
2024-11-02 01:00:00,1016.0,852.0,238.0,182.0,104.0,23.0
2024-11-02 02:00:00,1020.0,750.0,245.0,115.0,326.0,34.0
2024-11-02 03:00:00,1011.0,737.0,243.0,110.0,344.0,14.0
2024-11-02 04:00:00,982.0,751.0,243.0,62.0,334.0,16.0
2024-11-02 05:00:00,1093.0,779.0,242.0,2.0,232.0,17.0
2024-11-02 06:00:00,1094.0,964.0,245.0,0.0,0.0,20.0
2024-11-02 07:00:00,1147.0,1075.0,245.0,0.0,0.0,40.0
2024-11-02 08:00:00,1023.0,1054.0,236.0,0.0,0.0,46.0
2024-11-02 09:00:00,937.0,976.0,234.0,0.0,0.0,54.0
2024-11-02 10:00:00,846.0,935.0,226.0,0.0,0.0,51.0
2024-11-02 11:00:00,790.0,882.0,224.0,0.0,0.0,35.0
2024-11-02 12:00:00,787.0,824.0,226.0,0.0,0.0,63.0
2024-11-02 13:00:00,815.0,989.0,227.0,2.0,0.0,68.0
2024-11-02 14:00:00,884.0,728.0,211.0,54.0,0.0,63.0
2024-11-02 15:00:00,979.0,689.0,208.0,66.0,0.0,82.0
2024-11-02 16:00:00,795.0,839.0,196.0,100.0,0.0,86.0
2024-11-02 17:00:00,674.0,996.0,171.0,307.0,0.0,78.0
2024-11-02 18:00:00,592.0,798.0,141.0,728.0,0.0,44.0
2024-11-02 19:00:00,534.0,554.0,134.0,925.0,0.0,65.0
2024-11-02 20:00:00,534.0,543.0,131.0,922.0,0.0,67.0
2024-11-02 21:00:00,483.0,530.0,123.0,936.0,0.0,117.0
2024-11-02 22:00:00,392.0,458.0,106.0,901.0,0.0,231.0
2024-11-02 23:00:00,391.0,444.0,114.0,909.0,63.0,226.0
2024-11-03 00:00:00,390.0,771.0,144.0,549.0,95.0,156.0
2024-11-03 01:00:00,390.0,1039.0,209.0,166.0,337.0,120.0
2024-11-03 02:00:00,389.0,1148.0,226.0,113.0,329.0,118.0
2024-11-03 03:00:00,0.0,103.0,230.0,0.0,0.0,0.0
2024-11-03 04:00:00,0.0,103.0,230.0,0.0,0.0,0.0
2024-11-03 05:00:00,0.0,103.0,243.0,0.0,0.0,0.0
2024-11-03 06:00:00,0.0,103.0,246.0,0.0,0.0,0.0
2024-11-03 07:00:00,0.0,103.0,246.0,0.0,0.0,0.0
2024-11-03 08:00:00,0.0,103.0,244.0,0.0,0.0,0.0
2024-11-03 09:00:00,0.0,103.0,233.0,0.0,0.0,0.0
2024-11-03 10:00:00,0.0,103.0,226.0,0.0,0.0,0.0
2024-11-03 11:00:00,0.0,103.0,228.0,0.0,0.0,0.0
2024-11-03 12:00:00,0.0,103.0,228.0,0.0,0.0,0.0
2024-11-03 13:00:00,0.0,103.0,225.0,0.0,0.0,0.0
2024-11-03 14:00:00,0.0,103.0,225.0,0.0,0.0,0.0
2024-11-03 15:00:00,0.0,103.0,209.0,0.0,0.0,0.0
2024-11-03 16:00:00,0.0,103.0,146.0,0.0,0.0,0.0
2024-11-03 17:00:00,0.0,103.0,116.0,0.0,0.0,0.0
2024-11-03 18:00:00,402.0,692.0,117.0,874.0,0.0,65.0
2024-11-03 19:00:00,393.0,474.0,119.0,999.0,0.0,161.0
2024-11-03 20:00:00,391.0,447.0,115.0,973.0,0.0,182.0
2024-11-03 21:00:00,391.0,400.0,115.0,959.0,0.0,184.0
2024-11-03 22:00:00,391.0,615.0,118.0,939.0,0.0,169.0
2024-11-03 23:00:00,413.0,537.0,133.0,899.0,0.0,97.0
2024-11-04 00:00:00,525.0,586.0,145.0,884.0,0.0,82.0
2024-11-04 01:00:00,525.0,622.0,166.0,783.0,10.0,89.0
2024-11-04 02:00:00,523.0,949.0,228.0,137.0,221.0,184.0
2024-11-04 03:00:00,680.0,1089.0,237.0,111.0,246.0,134.0
2024-11-04 04:00:00,754.0,1070.0,239.0,59.0,245.0,140.0
2024-11-04 05:00:00,893.0,1038.0,239.0,54.0,245.0,130.0
2024-11-04 06:00:00,925.0,1039.0,245.0,2.0,248.0,122.0
2024-11-04 07:00:00,815.0,1041.0,246.0,0.0,246.0,88.0
2024-11-04 08:00:00,650.0,1023.0,245.0,0.0,246.0,91.0
2024-11-04 09:00:00,539.0,1024.0,240.0,0.0,246.0,85.0
2024-11-04 10:00:00,454.0,1028.0,226.0,0.0,245.0,92.0
2024-11-04 11:00:00,398.0,980.0,222.0,0.0,245.0,77.0
2024-11-04 12:00:00,394.0,989.0,222.0,0.0,245.0,70.0
2024-11-04 13:00:00,434.0,1001.0,222.0,0.0,248.0,90.0
2024-11-04 14:00:00,503.0,1027.0,224.0,0.0,247.0,137.0
2024-11-04 15:00:00,440.0,1002.0,210.0,59.0,241.0,151.0
2024-11-04 16:00:00,406.0,538.0,143.0,572.0,192.0,91.0
2024-11-04 17:00:00,402.0,433.0,117.0,979.0,10.0,81.0
2024-11-04 18:00:00,398.0,471.0,112.0,1109.0,3.0,81.0
2024-11-04 19:00:00,393.0,469.0,111.0,1128.0,3.0,89.0
2024-11-04 20:00:00,392.0,456.0,111.0,1116.0,11.0,71.0
2024-11-04 21:00:00,391.0,460.0,110.0,1125.0,109.0,62.0
2024-11-04 22:00:00,391.0,455.0,111.0,1099.0,79.0,33.0
2024-11-04 23:00:00,0.0,103.0,121.0,0.0,0.0,0.0
2024-11-05 00:00:00,0.0,103.0,155.0,0.0,0.0,0.0
2024-11-05 01:00:00,0.0,103.0,218.0,0.0,0.0,0.0
2024-11-05 02:00:00,0.0,103.0,221.0,0.0,0.0,0.0
2024-11-05 03:00:00,1132.0,1023.0,243.0,114.0,353.0,0.0
2024-11-05 04:00:00,1105.0,1027.0,243.0,109.0,338.0,1.0
2024-11-05 05:00:00,1123.0,1021.0,244.0,5.0,332.0,7.0
2024-11-05 06:00:00,1125.0,1029.0,245.0,0.0,243.0,23.0
2024-11-05 07:00:00,1125.0,1019.0,245.0,0.0,241.0,20.0
2024-11-05 08:00:00,1089.0,880.0,244.0,0.0,243.0,40.0
2024-11-05 09:00:00,940.0,698.0,243.0,0.0,243.0,50.0
2024-11-05 10:00:00,779.0,710.0,236.0,0.0,241.0,43.0
2024-11-05 11:00:00,830.0,755.0,232.0,0.0,8.0,45.0
2024-11-05 12:00:00,788.0,692.0,229.0,0.0,3.0,49.0
2024-11-05 13:00:00,829.0,678.0,234.0,2.0,3.0,71.0
2024-11-05 14:00:00,888.0,715.0,233.0,55.0,3.0,54.0
2024-11-05 15:00:00,764.0,711.0,229.0,109.0,3.0,46.0
2024-11-05 16:00:00,584.0,527.0,167.0,506.0,11.0,66.0
2024-11-05 17:00:00,418.0,452.0,131.0,787.0,12.0,46.0
2024-11-05 18:00:00,399.0,486.0,120.0,711.0,11.0,29.0
2024-11-05 19:00:00,392.0,488.0,126.0,877.0,11.0,9.0
2024-11-05 20:00:00,392.0,483.0,131.0,901.0,12.0,25.0
2024-11-05 21:00:00,391.0,485.0,125.0,875.0,117.0,188.0
2024-11-05 22:00:00,393.0,471.0,117.0,659.0,119.0,221.0
2024-11-05 23:00:00,460.0,523.0,132.0,562.0,120.0,138.0
2024-11-06 00:00:00,624.0,726.0,195.0,414.0,354.0,189.0
2024-11-06 01:00:00,770.0,768.0,224.0,165.0,346.0,112.0
2024-11-06 02:00:00,934.0,750.0,243.0,105.0,330.0,124.0
2024-11-06 03:00:00,1109.0,733.0,247.0,8.0,361.0,140.0
2024-11-06 04:00:00,1083.0,712.0,249.0,0.0,361.0,86.0
2024-11-06 05:00:00,1077.0,728.0,249.0,0.0,339.0,45.0
2024-11-06 06:00:00,1122.0,722.0,250.0,0.0,251.0,58.0
2024-11-06 07:00:00,1124.0,726.0,249.0,0.0,251.0,86.0
2024-11-06 08:00:00,1042.0,749.0,239.0,0.0,250.0,76.0
2024-11-06 09:00:00,863.0,760.0,234.0,0.0,251.0,105.0
2024-11-06 10:00:00,711.0,772.0,228.0,0.0,248.0,103.0
2024-11-06 11:00:00,832.0,766.0,226.0,0.0,12.0,95.0
2024-11-06 12:00:00,860.0,770.0,225.0,0.0,11.0,68.0
2024-11-06 13:00:00,937.0,778.0,224.0,0.0,12.0,76.0
2024-11-06 14:00:00,1051.0,774.0,229.0,0.0,12.0,61.0
2024-11-06 15:00:00,1078.0,756.0,232.0,53.0,12.0,59.0
2024-11-06 16:00:00,922.0,538.0,181.0,491.0,13.0,53.0
2024-11-06 17:00:00,744.0,445.0,147.0,837.0,16.0,66.0
2024-11-06 18:00:00,605.0,436.0,130.0,1024.0,20.0,69.0
2024-11-06 19:00:00,591.0,436.0,139.0,1048.0,20.0,64.0
2024-11-06 20:00:00,589.0,457.0,135.0,1054.0,24.0,62.0
2024-11-06 21:00:00,587.0,456.0,135.0,1149.0,118.0,103.0
2024-11-06 22:00:00,0.0,103.0,137.0,0.0,0.0,0.0
2024-11-06 23:00:00,0.0,103.0,147.0,0.0,0.0,0.0
2024-11-07 00:00:00,0.0,103.0,169.0,0.0,0.0,0.0
2024-11-07 01:00:00,0.0,103.0,232.0,0.0,0.0,0.0
2024-11-07 02:00:00,0.0,103.0,240.0,0.0,0.0,0.0
2024-11-07 03:00:00,0.0,103.0,238.0,0.0,0.0,0.0
2024-11-07 04:00:00,0.0,103.0,243.0,0.0,0.0,0.0
2024-11-07 05:00:00,0.0,103.0,239.0,0.0,0.0,0.0
2024-11-07 06:00:00,0.0,103.0,241.0,0.0,0.0,0.0
2024-11-07 07:00:00,0.0,103.0,240.0,0.0,0.0,0.0
2024-11-07 08:00:00,0.0,103.0,239.0,0.0,0.0,0.0
2024-11-07 09:00:00,0.0,103.0,237.0,0.0,0.0,0.0
2024-11-07 10:00:00,0.0,103.0,227.0,0.0,0.0,0.0
2024-11-07 11:00:00,0.0,103.0,227.0,0.0,0.0,0.0
2024-11-07 12:00:00,0.0,103.0,227.0,0.0,0.0,0.0
2024-11-07 13:00:00,0.0,103.0,229.0,0.0,0.0,0.0
2024-11-07 14:00:00,0.0,103.0,233.0,0.0,0.0,0.0
2024-11-07 15:00:00,1047.0,725.0,238.0,59.0,15.0,44.0
2024-11-07 16:00:00,887.0,537.0,177.0,492.0,25.0,73.0
2024-11-07 17:00:00,699.0,451.0,145.0,988.0,113.0,108.0
2024-11-07 18:00:00,597.0,452.0,131.0,1105.0,0.0,106.0
2024-11-07 19:00:00,592.0,452.0,137.0,965.0,0.0,65.0
2024-11-07 20:00:00,592.0,452.0,142.0,961.0,121.0,67.0
2024-11-07 21:00:00,704.0,452.0,136.0,953.0,128.0,63.0
2024-11-07 22:00:00,621.0,452.0,136.0,936.0,128.0,72.0
2024-11-07 23:00:00,795.0,503.0,142.0,830.0,281.0,60.0
2024-11-08 00:00:00,1016.0,669.0,196.0,501.0,331.0,42.0
2024-11-08 01:00:00,1144.0,917.0,242.0,59.0,577.0,25.0
2024-11-08 02:00:00,1151.0,1143.0,243.0,57.0,595.0,12.0
2024-11-08 03:00:00,1153.0,850.0,235.0,149.0,561.0,4.0
2024-11-08 04:00:00,1136.0,1021.0,240.0,149.0,587.0,
2024-11-08 05:00:00,1133.0,1087.0,241.0,150.0,554.0,
2024-11-08 06:00:00,1131.0,1071.0,253.0,134.0,420.0,
2024-11-08 07:00:00,1130.0,1071.0,252.0,,430.0,
2024-11-08 08:00:00,1135.0,964.0,251.0,,476.0,
2024-11-08 09:00:00,1129.0,985.0,245.0,0.0,499.0,0.0
2024-11-08 10:00:00,1010.0,1005.0,227.0,0.0,313.0,0.0
2024-11-08 11:00:00,852.0,1015.0,227.0,0.0,260.0,0.0
2024-11-08 12:00:00,711.0,1015.0,227.0,0.0,260.0,0.0
2024-11-08 13:00:00,654.0,1014.0,236.0,0.0,262.0,0.0
2024-11-08 14:00:00,655.0,1081.0,239.0,0.0,258.0,0.0
2024-11-08 15:00:00,838.0,1117.0,240.0,50.0,19.0,0.0
2024-11-08 16:00:00,730.0,973.0,194.0,440.0,18.0,0.0
2024-11-08 17:00:00,606.0,535.0,140.0,853.0,18.0,0.0
2024-11-08 18:00:00,600.0,519.0,124.0,1037.0,32.0,0.0
2024-11-08 19:00:00,589.0,493.0,125.0,943.0,128.0,6.0
2024-11-08 20:00:00,586.0,503.0,114.0,938.0,128.0,10.0
2024-11-08 21:00:00,588.0,508.0,113.0,927.0,128.0,42.0
2024-11-08 22:00:00,587.0,493.0,122.0,886.0,128.0,75.0
2024-11-08 23:00:00,597.0,537.0,123.0,838.0,128.0,80.0
2024-11-09 00:00:00,597.0,683.0,174.0,520.0,156.0,47.0
2024-11-09 01:00:00,590.0,1091.0,228.0,56.0,350.0,34.0
2024-11-09 02:00:00,607.0,1076.0,240.0,102.0,361.0,7.0
2024-11-09 03:00:00,635.0,981.0,237.0,150.0,357.0,1.0
2024-11-09 04:00:00,604.0,1035.0,232.0,150.0,340.0,0.0
2024-11-09 05:00:00,594.0,1078.0,224.0,150.0,336.0,0.0
2024-11-09 06:00:00,591.0,978.0,230.0,107.0,256.0,0.0
2024-11-09 07:00:00,644.0,978.0,254.0,0.0,257.0,0.0
2024-11-09 08:00:00,637.0,978.0,250.0,0.0,255.0,0.0
2024-11-09 09:00:00,777.0,976.0,236.0,0.0,19.0,0.0
2024-11-09 10:00:00,715.0,965.0,223.0,0.0,18.0,0.0
2024-11-09 11:00:00,634.0,990.0,225.0,0.0,18.0,1.0
2024-11-09 12:00:00,601.0,996.0,224.0,0.0,18.0,5.0
2024-11-09 13:00:00,594.0,993.0,219.0,0.0,18.0,3.0
2024-11-09 14:00:00,629.0,999.0,218.0,0.0,18.0,1.0
2024-11-09 15:00:00,523.0,881.0,210.0,41.0,18.0,1.0
2024-11-09 16:00:00,528.0,418.0,157.0,547.0,18.0,0.0
2024-11-09 17:00:00,488.0,408.0,122.0,939.0,0.0,0.0
2024-11-09 18:00:00,411.0,411.0,122.0,1048.0,0.0,0.0
2024-11-09 19:00:00,392.0,418.0,119.0,1037.0,0.0,2.0
2024-11-09 20:00:00,392.0,435.0,111.0,1028.0,0.0,2.0
2024-11-09 21:00:00,421.0,455.0,112.0,1013.0,0.0,2.0
2024-11-09 22:00:00,408.0,503.0,116.0,998.0,0.0,1.0
2024-11-09 23:00:00,401.0,494.0,120.0,909.0,0.0,0.0
2024-11-10 00:00:00,405.0,571.0,163.0,548.0,117.0,0.0
2024-11-10 01:00:00,530.0,658.0,217.0,169.0,127.0,0.0
2024-11-10 02:00:00,533.0,589.0,224.0,115.0,317.0,0.0
2024-11-10 03:00:00,507.0,601.0,243.0,109.0,314.0,0.0
2024-11-10 04:00:00,540.0,608.0,244.0,5.0,340.0,0.0
2024-11-10 05:00:00,640.0,669.0,240.0,1.0,347.0,0.0
2024-11-10 06:00:00,714.0,678.0,238.0,5.0,258.0,0.0
2024-11-10 07:00:00,735.0,682.0,239.0,0.0,256.0,0.0
2024-11-10 08:00:00,703.0,680.0,236.0,0.0,256.0,0.0
2024-11-10 09:00:00,604.0,679.0,222.0,0.0,256.0,2.0
2024-11-10 10:00:00,549.0,668.0,219.0,0.0,256.0,6.0
2024-11-10 11:00:00,578.0,675.0,218.0,0.0,19.0,12.0
2024-11-10 12:00:00,556.0,671.0,218.0,0.0,18.0,25.0
2024-11-10 13:00:00,549.0,669.0,219.0,0.0,18.0,29.0
2024-11-10 14:00:00,625.0,664.0,220.0,2.0,18.0,20.0
2024-11-10 15:00:00,633.0,666.0,209.0,98.0,18.0,35.0
2024-11-10 16:00:00,586.0,503.0,152.0,448.0,18.0,40.0
2024-11-10 17:00:00,537.0,407.0,112.0,870.0,0.0,40.0
2024-11-10 18:00:00,535.0,407.0,112.0,915.0,0.0,45.0
2024-11-10 19:00:00,662.0,437.0,111.0,926.0,0.0,56.0
2024-11-10 20:00:00,728.0,498.0,111.0,871.0,0.0,97.0
2024-11-10 21:00:00,628.0,486.0,123.0,875.0,0.0,159.0
2024-11-10 22:00:00,625.0,542.0,118.0,886.0,0.0,151.0
2024-11-10 23:00:00,616.0,551.0,129.0,753.0,101.0,176.0
2024-11-11 00:00:00,698.0,562.0,176.0,478.0,120.0,124.0
2024-11-11 01:00:00,790.0,732.0,216.0,147.0,136.0,164.0
2024-11-11 02:00:00,751.0,845.0,215.0,114.0,365.0,153.0
2024-11-11 03:00:00,702.0,848.0,219.0,109.0,368.0,131.0
2024-11-11 04:00:00,730.0,935.0,225.0,5.0,367.0,158.0
2024-11-11 05:00:00,870.0,937.0,229.0,0.0,356.0,164.0
2024-11-11 06:00:00,927.0,938.0,227.0,0.0,256.0,174.0
2024-11-11 07:00:00,902.0,937.0,237.0,0.0,256.0,156.0
2024-11-11 08:00:00,754.0,866.0,230.0,3.0,257.0,143.0
2024-11-11 09:00:00,624.0,839.0,224.0,76.0,257.0,161.0
2024-11-11 10:00:00,521.0,920.0,218.0,4.0,257.0,155.0
2024-11-11 11:00:00,467.0,888.0,219.0,0.0,258.0,156.0
2024-11-11 12:00:00,507.0,678.0,218.0,0.0,255.0,172.0
2024-11-11 13:00:00,611.0,898.0,224.0,0.0,23.0,185.0
2024-11-11 14:00:00,741.0,931.0,224.0,2.0,18.0,178.0
2024-11-11 15:00:00,678.0,871.0,211.0,98.0,18.0,155.0
2024-11-11 16:00:00,621.0,455.0,150.0,530.0,18.0,132.0
2024-11-11 17:00:00,535.0,410.0,119.0,922.0,18.0,120.0
2024-11-11 18:00:00,426.0,422.0,115.0,1032.0,18.0,140.0
2024-11-11 19:00:00,411.0,426.0,112.0,1050.0,18.0,110.0
2024-11-11 20:00:00,411.0,431.0,112.0,1036.0,18.0,184.0
2024-11-11 21:00:00,409.0,451.0,116.0,811.0,18.0,244.0
2024-11-11 22:00:00,410.0,457.0,129.0,889.0,28.0,261.0
2024-11-11 23:00:00,457.0,451.0,130.0,920.0,128.0,257.0
2024-11-12 00:00:00,425.0,555.0,175.0,503.0,117.0,255.0
2024-11-12 01:00:00,529.0,635.0,218.0,169.0,363.0,258.0
2024-11-12 02:00:00,646.0,664.0,215.0,119.0,335.0,215.0
2024-11-12 03:00:00,630.0,620.0,215.0,157.0,337.0,215.0
2024-11-12 04:00:00,699.0,675.0,224.0,4.0,311.0,248.0
2024-11-12 05:00:00,711.0,698.0,227.0,0.0,256.0,248.0
2024-11-12 06:00:00,757.0,705.0,227.0,0.0,257.0,243.0
2024-11-12 07:00:00,823.0,691.0,227.0,0.0,256.0,241.0
2024-11-12 08:00:00,721.0,688.0,223.0,0.0,257.0,193.0
2024-11-12 09:00:00,583.0,688.0,220.0,0.0,255.0,193.0
2024-11-12 10:00:00,535.0,688.0,218.0,0.0,23.0,236.0
2024-11-12 11:00:00,493.0,688.0,218.0,0.0,18.0,211.0
2024-11-12 12:00:00,498.0,682.0,217.0,0.0,18.0,244.0
2024-11-12 13:00:00,592.0,686.0,221.0,0.0,18.0,237.0
2024-11-12 14:00:00,685.0,687.0,221.0,3.0,18.0,183.0
2024-11-12 15:00:00,606.0,693.0,215.0,96.0,18.0,44.0
2024-11-12 16:00:00,511.0,500.0,171.0,521.0,18.0,60.0
2024-11-12 17:00:00,422.0,449.0,123.0,931.0,18.0,50.0
2024-11-12 18:00:00,412.0,450.0,119.0,1101.0,0.0,10.0
2024-11-12 19:00:00,410.0,448.0,126.0,1138.0,0.0,2.0
2024-11-12 20:00:00,438.0,441.0,120.0,1130.0,0.0,2.0
2024-11-12 21:00:00,426.0,450.0,122.0,1117.0,0.0,2.0
2024-11-12 22:00:00,431.0,453.0,139.0,1070.0,0.0,8.0
2024-11-12 23:00:00,458.0,461.0,136.0,950.0,16.0,12.0
2024-11-13 00:00:00,555.0,614.0,172.0,516.0,38.0,1.0
2024-11-13 01:00:00,606.0,833.0,225.0,50.0,262.0,0.0
2024-11-13 02:00:00,742.0,993.0,225.0,0.0,261.0,0.0
2024-11-13 03:00:00,785.0,1036.0,235.0,0.0,260.0,0.0
2024-11-13 04:00:00,671.0,1037.0,228.0,0.0,259.0,0.0
2024-11-13 05:00:00,685.0,1038.0,227.0,0.0,260.0,0.0
2024-11-13 06:00:00,691.0,1037.0,228.0,0.0,261.0,0.0
2024-11-13 07:00:00,691.0,1037.0,227.0,0.0,260.0,0.0
2024-11-13 08:00:00,612.0,1046.0,227.0,0.0,254.0,0.0
2024-11-13 09:00:00,530.0,1078.0,236.0,0.0,22.0,0.0
2024-11-13 10:00:00,542.0,1076.0,237.0,0.0,18.0,0.0
2024-11-13 11:00:00,544.0,923.0,235.0,0.0,18.0,0.0
2024-11-13 12:00:00,544.0,975.0,231.0,0.0,18.0,0.0
2024-11-13 13:00:00,540.0,983.0,234.0,0.0,18.0,0.0
2024-11-13 14:00:00,604.0,992.0,235.0,0.0,18.0,0.0
2024-11-13 15:00:00,655.0,992.0,248.0,35.0,18.0,0.0
2024-11-13 16:00:00,521.0,899.0,199.0,375.0,19.0,0.0
2024-11-13 17:00:00,420.0,551.0,151.0,771.0,19.0,2.0
2024-11-13 18:00:00,412.0,456.0,150.0,879.0,17.0,11.0
2024-11-13 19:00:00,404.0,460.0,146.0,897.0,18.0,31.0
2024-11-13 20:00:00,404.0,460.0,146.0,902.0,18.0,45.0
2024-11-13 21:00:00,401.0,459.0,154.0,897.0,17.0,51.0
2024-11-13 22:00:00,418.0,459.0,154.0,856.0,17.0,73.0
2024-11-13 23:00:00,614.0,488.0,155.0,744.0,17.0,91.0
2024-11-14 00:00:00,818.0,574.0,190.0,366.0,24.0,138.0
2024-11-14 01:00:00,1003.0,718.0,247.0,28.0,22.0,151.0
2024-11-14 02:00:00,1151.0,725.0,250.0,0.0,17.0,138.0
2024-11-14 03:00:00,1112.0,745.0,246.0,0.0,17.0,190.0
2024-11-14 04:00:00,1127.0,894.0,246.0,0.0,17.0,191.0
2024-11-14 05:00:00,1008.0,1031.0,233.0,0.0,17.0,213.0
2024-11-14 06:00:00,979.0,1046.0,231.0,0.0,18.0,216.0
2024-11-14 07:00:00,857.0,1019.0,232.0,0.0,19.0,225.0
2024-11-14 08:00:00,819.0,1070.0,231.0,0.0,19.0,229.0
2024-11-14 09:00:00,912.0,1081.0,227.0,0.0,19.0,216.0
2024-11-14 10:00:00,842.0,983.0,225.0,0.0,19.0,158.0
2024-11-14 11:00:00,762.0,966.0,225.0,0.0,19.0,184.0
2024-11-14 12:00:00,728.0,966.0,225.0,0.0,19.0,156.0
2024-11-14 13:00:00,732.0,978.0,231.0,0.0,19.0,131.0
2024-11-14 14:00:00,833.0,981.0,235.0,0.0,19.0,117.0
2024-11-14 15:00:00,827.0,982.0,228.0,29.0,19.0,133.0
2024-11-14 16:00:00,698.0,634.0,185.0,364.0,19.0,138.0
2024-11-14 17:00:00,517.0,451.0,142.0,761.0,20.0,121.0
2024-11-14 18:00:00,417.0,470.0,142.0,876.0,23.0,100.0
2024-11-14 19:00:00,408.0,470.0,147.0,890.0,24.0,87.0
2024-11-14 20:00:00,402.0,470.0,149.0,880.0,25.0,48.0
2024-11-14 21:00:00,401.0,474.0,154.0,865.0,25.0,52.0
2024-11-14 22:00:00,405.0,556.0,155.0,824.0,25.0,79.0
2024-11-14 23:00:00,536.0,600.0,151.0,726.0,24.0,60.0
2024-11-15 00:00:00,741.0,717.0,209.0,417.0,23.0,47.0
2024-11-15 01:00:00,934.0,818.0,243.0,37.0,23.0,70.0
2024-11-15 02:00:00,1114.0,1124.0,243.0,0.0,23.0,83.0
2024-11-15 03:00:00,1075.0,1160.0,246.0,0.0,24.0,116.0
2024-11-15 04:00:00,1072.0,997.0,242.0,0.0,24.0,87.0
2024-11-15 05:00:00,1064.0,978.0,242.0,0.0,25.0,87.0
2024-11-15 06:00:00,1153.0,970.0,241.0,0.0,25.0,90.0
2024-11-15 07:00:00,1160.0,964.0,241.0,0.0,25.0,83.0
2024-11-15 08:00:00,1128.0,964.0,241.0,0.0,25.0,47.0
2024-11-15 09:00:00,1100.0,968.0,228.0,0.0,25.0,32.0
2024-11-15 10:00:00,1006.0,967.0,225.0,0.0,25.0,30.0
2024-11-15 11:00:00,925.0,741.0,225.0,0.0,25.0,39.0
2024-11-15 12:00:00,900.0,694.0,225.0,0.0,25.0,37.0
2024-11-15 13:00:00,926.0,708.0,227.0,0.0,25.0,54.0
2024-11-15 14:00:00,1022.0,715.0,231.0,0.0,25.0,85.0
2024-11-15 15:00:00,899.0,720.0,231.0,29.0,25.0,113.0
2024-11-15 16:00:00,692.0,627.0,205.0,425.0,25.0,167.0
2024-11-15 17:00:00,499.0,449.0,127.0,844.0,25.0,226.0
2024-11-15 18:00:00,417.0,456.0,124.0,1003.0,25.0,270.0
2024-11-15 19:00:00,408.0,453.0,122.0,1049.0,25.0,291.0
2024-11-15 20:00:00,404.0,452.0,128.0,1048.0,25.0,290.0
2024-11-15 21:00:00,403.0,452.0,128.0,935.0,24.0,292.0
2024-11-15 22:00:00,404.0,452.0,128.0,778.0,23.0,292.0
2024-11-15 23:00:00,410.0,454.0,128.0,696.0,24.0,296.0
2024-11-16 00:00:00,560.0,477.0,136.0,449.0,20.0,164.0
2024-11-16 01:00:00,777.0,601.0,196.0,110.0,22.0,206.0
2024-11-16 02:00:00,978.0,687.0,222.0,60.0,27.0,186.0
2024-11-16 03:00:00,1078.0,686.0,235.0,59.0,29.0,141.0
2024-11-16 04:00:00,1082.0,680.0,227.0,59.0,26.0,156.0
2024-11-16 05:00:00,1080.0,686.0,227.0,5.0,26.0,149.0
2024-11-16 06:00:00,1081.0,686.0,232.0,0.0,26.0,63.0
2024-11-16 07:00:00,1079.0,686.0,236.0,0.0,26.0,51.0
2024-11-16 08:00:00,1030.0,688.0,236.0,0.0,26.0,32.0
2024-11-16 09:00:00,963.0,688.0,224.0,0.0,26.0,21.0
2024-11-16 10:00:00,1021.0,688.0,221.0,0.0,25.0,18.0
2024-11-16 11:00:00,947.0,689.0,221.0,0.0,25.0,20.0
2024-11-16 12:00:00,881.0,687.0,221.0,0.0,25.0,35.0
2024-11-16 13:00:00,884.0,687.0,223.0,5.0,25.0,40.0
2024-11-16 14:00:00,862.0,661.0,216.0,82.0,25.0,26.0
2024-11-16 15:00:00,725.0,668.0,204.0,30.0,25.0,20.0
2024-11-16 16:00:00,579.0,530.0,159.0,399.0,25.0,31.0
2024-11-16 17:00:00,434.0,535.0,116.0,884.0,0.0,38.0
2024-11-16 18:00:00,398.0,492.0,112.0,1050.0,0.0,54.0
2024-11-16 19:00:00,377.0,456.0,111.0,1011.0,0.0,71.0
2024-11-16 20:00:00,159.0,548.0,113.0,994.0,25.0,92.0
2024-11-16 21:00:00,221.0,510.0,124.0,961.0,22.0,75.0
2024-11-16 22:00:00,243.0,454.0,121.0,921.0,24.0,105.0
2024-11-16 23:00:00,226.0,484.0,121.0,777.0,24.0,56.0
2024-11-17 00:00:00,304.0,589.0,136.0,433.0,24.0,71.0
2024-11-17 01:00:00,383.0,769.0,218.0,107.0,24.0,58.0
2024-11-17 02:00:00,478.0,814.0,230.0,77.0,260.0,53.0
2024-11-17 03:00:00,734.0,524.0,241.0,0.0,231.0,69.0
2024-11-17 04:00:00,0.0,103.0,242.0,0.0,0.0,0.0
2024-11-17 05:00:00,0.0,103.0,237.0,0.0,0.0,0.0
2024-11-17 06:00:00,0.0,103.0,244.0,0.0,0.0,0.0
2024-11-17 07:00:00,0.0,103.0,243.0,0.0,0.0,0.0
2024-11-17 08:00:00,0.0,103.0,243.0,0.0,0.0,0.0
2024-11-17 09:00:00,0.0,103.0,237.0,0.0,0.0,0.0
2024-11-17 10:00:00,0.0,103.0,221.0,0.0,0.0,0.0
2024-11-17 11:00:00,0.0,103.0,221.0,0.0,0.0,0.0
2024-11-17 12:00:00,0.0,103.0,221.0,0.0,0.0,0.0
2024-11-17 13:00:00,0.0,103.0,223.0,0.0,0.0,0.0
2024-11-17 14:00:00,0.0,103.0,222.0,0.0,0.0,0.0
2024-11-17 15:00:00,0.0,103.0,205.0,0.0,0.0,0.0
2024-11-17 16:00:00,0.0,103.0,165.0,0.0,0.0,0.0
2024-11-17 17:00:00,0.0,103.0,112.0,0.0,0.0,0.0
2024-11-17 18:00:00,0.0,103.0,114.0,0.0,0.0,0.0
2024-11-17 19:00:00,0.0,103.0,107.0,0.0,0.0,0.0
2024-11-17 20:00:00,0.0,103.0,106.0,0.0,0.0,0.0
2024-11-17 21:00:00,0.0,103.0,106.0,0.0,0.0,0.0
2024-11-17 22:00:00,0.0,103.0,106.0,0.0,0.0,0.0
2024-11-17 23:00:00,0.0,103.0,109.0,0.0,0.0,0.0
2024-11-18 00:00:00,0.0,103.0,162.0,0.0,0.0,0.0
2024-11-18 01:00:00,0.0,103.0,211.0,0.0,0.0,0.0
2024-11-18 02:00:00,0.0,103.0,211.0,0.0,0.0,0.0
2024-11-18 03:00:00,0.0,103.0,220.0,0.0,0.0,0.0
2024-11-18 04:00:00,0.0,103.0,229.0,0.0,0.0,0.0
2024-11-18 05:00:00,0.0,103.0,224.0,0.0,0.0,0.0
2024-11-18 06:00:00,0.0,103.0,225.0,0.0,0.0,0.0
2024-11-18 07:00:00,0.0,103.0,229.0,0.0,0.0,0.0
2024-11-18 08:00:00,0.0,103.0,229.0,0.0,0.0,0.0
2024-11-18 09:00:00,797.0,972.0,227.0,0.0,28.0,127.0
2024-11-18 10:00:00,708.0,973.0,225.0,0.0,28.0,138.0
2024-11-18 11:00:00,606.0,793.0,225.0,0.0,28.0,189.0
2024-11-18 12:00:00,524.0,688.0,225.0,0.0,28.0,253.0
2024-11-18 13:00:00,522.0,710.0,227.0,0.0,28.0,251.0
2024-11-18 14:00:00,629.0,720.0,227.0,0.0,28.0,228.0
2024-11-18 15:00:00,658.0,728.0,222.0,21.0,27.0,251.0
2024-11-18 16:00:00,621.0,537.0,171.0,316.0,28.0,247.0
2024-11-18 17:00:00,483.0,455.0,122.0,817.0,27.0,232.0
2024-11-18 18:00:00,425.0,462.0,116.0,994.0,27.0,240.0
2024-11-18 19:00:00,419.0,470.0,116.0,1019.0,28.0,155.0
2024-11-18 20:00:00,417.0,450.0,111.0,980.0,28.0,114.0
2024-11-18 21:00:00,416.0,450.0,111.0,940.0,27.0,238.0
2024-11-18 22:00:00,415.0,456.0,114.0,901.0,27.0,191.0
2024-11-18 23:00:00,416.0,484.0,136.0,774.0,27.0,206.0
2024-11-19 00:00:00,435.0,509.0,165.0,383.0,31.0,188.0
2024-11-19 01:00:00,614.0,724.0,242.0,75.0,23.0,95.0
2024-11-19 02:00:00,809.0,787.0,248.0,57.0,23.0,81.0
2024-11-19 03:00:00,1022.0,969.0,251.0,57.0,23.0,56.0
2024-11-19 04:00:00,1068.0,978.0,251.0,54.0,23.0,31.0
2024-11-19 05:00:00,1029.0,979.0,250.0,7.0,23.0,34.0
2024-11-19 06:00:00,868.0,981.0,235.0,109.0,23.0,27.0
2024-11-19 07:00:00,735.0,972.0,230.0,109.0,23.0,23.0
2024-11-19 08:00:00,800.0,969.0,230.0,5.0,23.0,13.0
2024-11-19 09:00:00,657.0,969.0,221.0,0.0,23.0,24.0
2024-11-19 10:00:00,560.0,970.0,219.0,0.0,23.0,21.0
2024-11-19 11:00:00,499.0,969.0,219.0,0.0,24.0,11.0
2024-11-19 12:00:00,471.0,979.0,219.0,0.0,22.0,4.0
2024-11-19 13:00:00,507.0,980.0,221.0,0.0,23.0,4.0
2024-11-19 14:00:00,628.0,984.0,237.0,0.0,23.0,0.0
2024-11-19 15:00:00,745.0,951.0,230.0,18.0,23.0,0.0
2024-11-19 16:00:00,858.0,678.0,188.0,278.0,25.0,0.0
2024-11-19 17:00:00,589.0,555.0,148.0,797.0,25.0,0.0
2024-11-19 18:00:00,554.0,458.0,139.0,971.0,23.0,0.0
2024-11-19 19:00:00,633.0,383.0,147.0,885.0,23.0,0.0
2024-11-19 20:00:00,688.0,405.0,140.0,869.0,25.0,3.0
2024-11-19 21:00:00,692.0,330.0,126.0,856.0,25.0,2.0
2024-11-19 22:00:00,637.0,351.0,112.0,933.0,25.0,0.0
2024-11-19 23:00:00,546.0,593.0,121.0,803.0,25.0,2.0
2024-11-20 00:00:00,647.0,684.0,149.0,420.0,24.0,10.0
2024-11-20 01:00:00,837.0,948.0,237.0,180.0,25.0,11.0
2024-11-20 02:00:00,1028.0,983.0,244.0,126.0,25.0,7.0
2024-11-20 03:00:00,1144.0,1071.0,244.0,112.0,25.0,2.0
2024-11-20 04:00:00,1149.0,1164.0,245.0,57.0,23.0,0.0
2024-11-20 05:00:00,1147.0,1142.0,252.0,3.0,24.0,0.0
2024-11-20 06:00:00,1124.0,946.0,252.0,0.0,70.0,0.0
2024-11-20 07:00:00,979.0,956.0,243.0,0.0,24.0,0.0
2024-11-20 08:00:00,916.0,930.0,243.0,0.0,24.0,0.0
2024-11-20 09:00:00,1032.0,911.0,236.0,0.0,24.0,6.0
2024-11-20 10:00:00,1003.0,902.0,234.0,0.0,23.0,5.0
2024-11-20 11:00:00,939.0,910.0,234.0,0.0,24.0,38.0
2024-11-20 12:00:00,925.0,917.0,234.0,0.0,23.0,35.0
2024-11-20 13:00:00,930.0,902.0,236.0,0.0,27.0,35.0
2024-11-20 14:00:00,953.0,871.0,238.0,0.0,213.0,21.0
2024-11-20 15:00:00,837.0,753.0,242.0,17.0,216.0,18.0
2024-11-20 16:00:00,660.0,610.0,209.0,375.0,212.0,9.0
2024-11-20 17:00:00,479.0,613.0,153.0,816.0,31.0,19.0
2024-11-20 18:00:00,437.0,632.0,153.0,1024.0,28.0,35.0
2024-11-20 19:00:00,403.0,609.0,153.0,1081.0,28.0,83.0
2024-11-20 20:00:00,398.0,639.0,152.0,1053.0,28.0,114.0
2024-11-20 21:00:00,398.0,669.0,152.0,1013.0,28.0,133.0
2024-11-20 22:00:00,558.0,600.0,142.0,834.0,0.0,162.0
2024-11-20 23:00:00,552.0,609.0,140.0,851.0,28.0,139.0
2024-11-21 00:00:00,752.0,667.0,189.0,467.0,28.0,132.0
2024-11-21 01:00:00,956.0,770.0,233.0,167.0,28.0,170.0
2024-11-21 02:00:00,1123.0,798.0,236.0,120.0,28.0,148.0
2024-11-21 03:00:00,1149.0,979.0,245.0,5.0,28.0,101.0
2024-11-21 04:00:00,1156.0,993.0,245.0,0.0,27.0,96.0
2024-11-21 05:00:00,1148.0,994.0,244.0,0.0,27.0,120.0
2024-11-21 06:00:00,1017.0,993.0,242.0,0.0,26.0,48.0
2024-11-21 07:00:00,984.0,992.0,243.0,0.0,26.0,63.0
2024-11-21 08:00:00,1000.0,990.0,238.0,0.0,23.0,110.0
2024-11-21 09:00:00,947.0,990.0,234.0,0.0,24.0,81.0
2024-11-21 10:00:00,851.0,991.0,233.0,0.0,23.0,52.0
2024-11-21 11:00:00,812.0,992.0,233.0,0.0,23.0,97.0
2024-11-21 12:00:00,801.0,983.0,233.0,0.0,23.0,124.0
2024-11-21 13:00:00,785.0,992.0,236.0,5.0,23.0,143.0
2024-11-21 14:00:00,883.0,994.0,239.0,11.0,23.0,110.0
2024-11-21 15:00:00,831.0,993.0,238.0,41.0,23.0,113.0
2024-11-21 16:00:00,731.0,762.0,210.0,330.0,24.0,69.0
2024-11-21 17:00:00,586.0,611.0,140.0,900.0,24.0,62.0
2024-11-21 18:00:00,450.0,611.0,142.0,1043.0,24.0,99.0
2024-11-21 19:00:00,417.0,612.0,143.0,1056.0,24.0,187.0
2024-11-21 20:00:00,398.0,607.0,139.0,1045.0,25.0,193.0
2024-11-21 21:00:00,395.0,612.0,134.0,1026.0,25.0,160.0
2024-11-21 22:00:00,406.0,611.0,134.0,985.0,25.0,238.0
2024-11-21 23:00:00,567.0,611.0,134.0,855.0,25.0,239.0
2024-11-22 00:00:00,757.0,675.0,178.0,477.0,154.0,188.0
2024-11-22 01:00:00,953.0,733.0,239.0,135.0,23.0,151.0
2024-11-22 02:00:00,1112.0,872.0,239.0,114.0,25.0,159.0
2024-11-22 03:00:00,1102.0,910.0,242.0,26.0,25.0,154.0
2024-11-22 04:00:00,1101.0,903.0,242.0,0.0,25.0,126.0
2024-11-22 05:00:00,1100.0,969.0,242.0,0.0,25.0,80.0
2024-11-22 06:00:00,1126.0,1075.0,243.0,0.0,25.0,46.0
2024-11-22 07:00:00,1109.0,1224.0,236.0,0.0,25.0,62.0
2024-11-22 08:00:00,981.0,1143.0,235.0,0.0,25.0,31.0
2024-11-22 09:00:00,977.0,995.0,229.0,0.0,25.0,27.0
2024-11-22 10:00:00,903.0,970.0,222.0,0.0,25.0,42.0
2024-11-22 11:00:00,855.0,977.0,222.0,0.0,25.0,54.0
2024-11-22 12:00:00,786.0,859.0,226.0,1.0,113.0,55.0
2024-11-22 13:00:00,861.0,853.0,229.0,0.0,92.0,40.0
2024-11-22 14:00:00,909.0,735.0,233.0,0.0,25.0,26.0
2024-11-22 15:00:00,908.0,820.0,237.0,16.0,25.0,53.0
2024-11-22 16:00:00,730.0,543.0,196.0,331.0,25.0,53.0
2024-11-22 17:00:00,527.0,505.0,115.0,828.0,25.0,84.0
2024-11-22 18:00:00,406.0,481.0,119.0,1015.0,25.0,89.0
2024-11-22 19:00:00,407.0,452.0,145.0,1026.0,24.0,107.0
2024-11-22 20:00:00,405.0,452.0,145.0,1021.0,25.0,120.0
2024-11-22 21:00:00,404.0,452.0,145.0,1005.0,25.0,180.0
2024-11-22 22:00:00,410.0,519.0,145.0,960.0,24.0,204.0
2024-11-22 23:00:00,577.0,607.0,152.0,798.0,24.0,186.0
2024-11-23 00:00:00,797.0,635.0,185.0,446.0,24.0,198.0
2024-11-23 01:00:00,990.0,715.0,231.0,162.0,24.0,238.0
2024-11-23 02:00:00,1057.0,719.0,232.0,141.0,24.0,267.0
2024-11-23 03:00:00,1006.0,750.0,237.0,111.0,24.0,265.0
2024-11-23 04:00:00,951.0,969.0,237.0,5.0,24.0,259.0
2024-11-23 05:00:00,867.0,976.0,237.0,0.0,24.0,256.0
2024-11-23 06:00:00,937.0,969.0,238.0,0.0,24.0,243.0
2024-11-23 07:00:00,1113.0,966.0,229.0,0.0,24.0,247.0
2024-11-23 08:00:00,1009.0,701.0,228.0,0.0,240.0,249.0
2024-11-23 09:00:00,875.0,676.0,216.0,0.0,263.0,246.0
2024-11-23 10:00:00,764.0,689.0,213.0,0.0,263.0,255.0
2024-11-23 11:00:00,712.0,688.0,209.0,0.0,264.0,235.0
2024-11-23 12:00:00,695.0,695.0,210.0,0.0,263.0,188.0
2024-11-23 13:00:00,671.0,692.0,216.0,0.0,264.0,157.0
2024-11-23 14:00:00,596.0,697.0,216.0,0.0,264.0,171.0
2024-11-23 15:00:00,496.0,689.0,207.0,15.0,261.0,218.0
2024-11-23 16:00:00,479.0,567.0,178.0,299.0,35.0,245.0
2024-11-23 17:00:00,409.0,452.0,126.0,661.0,0.0,231.0
2024-11-23 18:00:00,402.0,450.0,117.0,687.0,0.0,187.0
2024-11-23 19:00:00,344.0,484.0,123.0,825.0,0.0,261.0
2024-11-23 20:00:00,214.0,477.0,120.0,744.0,0.0,276.0
2024-11-23 21:00:00,290.0,473.0,123.0,564.0,0.0,280.0
2024-11-23 22:00:00,294.0,483.0,146.0,544.0,0.0,279.0
2024-11-23 23:00:00,328.0,483.0,138.0,525.0,0.0,287.0
2024-11-24 00:00:00,387.0,574.0,167.0,277.0,20.0,292.0
2024-11-24 01:00:00,492.0,699.0,213.0,9.0,24.0,274.0
2024-11-24 02:00:00,540.0,703.0,225.0,0.0,24.0,243.0
2024-11-24 03:00:00,541.0,698.0,230.0,0.0,24.0,231.0
2024-11-24 04:00:00,541.0,801.0,216.0,12.0,24.0,250.0
2024-11-24 05:00:00,550.0,815.0,226.0,0.0,24.0,241.0
2024-11-24 06:00:00,502.0,807.0,224.0,0.0,24.0,250.0
2024-11-24 07:00:00,581.0,806.0,224.0,0.0,24.0,254.0
2024-11-24 08:00:00,713.0,778.0,224.0,0.0,24.0,230.0
2024-11-24 09:00:00,624.0,684.0,225.0,0.0,24.0,150.0
2024-11-24 10:00:00,537.0,656.0,214.0,0.0,24.0,87.0
2024-11-24 11:00:00,546.0,635.0,214.0,0.0,24.0,122.0
2024-11-24 12:00:00,536.0,626.0,214.0,0.0,24.0,65.0
2024-11-24 13:00:00,528.0,657.0,217.0,0.0,24.0,97.0
2024-11-24 14:00:00,530.0,678.0,216.0,0.0,24.0,165.0
2024-11-24 15:00:00,558.0,701.0,209.0,13.0,24.0,152.0
2024-11-24 16:00:00,447.0,617.0,168.0,294.0,23.0,139.0
2024-11-24 17:00:00,398.0,451.0,121.0,741.0,26.0,70.0
2024-11-24 18:00:00,397.0,456.0,114.0,869.0,0.0,31.0
2024-11-24 19:00:00,393.0,453.0,120.0,677.0,0.0,8.0
2024-11-24 20:00:00,393.0,451.0,115.0,672.0,0.0,7.0
2024-11-24 21:00:00,392.0,451.0,119.0,524.0,0.0,13.0
2024-11-24 22:00:00,403.0,452.0,115.0,680.0,0.0,22.0
2024-11-24 23:00:00,592.0,449.0,123.0,648.0,11.0,26.0
2024-11-25 00:00:00,823.0,590.0,157.0,325.0,28.0,30.0
2024-11-25 01:00:00,1046.0,707.0,210.0,38.0,39.0,25.0
2024-11-25 02:00:00,1124.0,715.0,223.0,23.0,263.0,12.0
2024-11-25 03:00:00,1143.0,712.0,229.0,24.0,268.0,3.0
2024-11-25 04:00:00,1147.0,719.0,227.0,44.0,268.0,1.0
2024-11-25 05:00:00,1151.0,722.0,225.0,45.0,266.0,1.0
2024-11-25 06:00:00,1153.0,721.0,224.0,43.0,29.0,0.0
2024-11-25 07:00:00,1150.0,721.0,229.0,2.0,23.0,0.0
2024-11-25 08:00:00,1042.0,718.0,229.0,0.0,24.0,0.0
2024-11-25 09:00:00,925.0,724.0,227.0,0.0,24.0,0.0
2024-11-25 10:00:00,834.0,716.0,220.0,0.0,24.0,0.0
2024-11-25 11:00:00,772.0,710.0,218.0,0.0,24.0,0.0
2024-11-25 12:00:00,736.0,724.0,218.0,0.0,24.0,0.0
2024-11-25 13:00:00,773.0,828.0,220.0,0.0,24.0,0.0
2024-11-25 14:00:00,879.0,955.0,220.0,0.0,24.0,0.0
2024-11-25 15:00:00,922.0,978.0,210.0,1.0,24.0,0.0
2024-11-25 16:00:00,1045.0,977.0,208.0,50.0,24.0,0.0
2024-11-25 17:00:00,973.0,968.0,213.0,137.0,24.0,0.0
2024-11-25 18:00:00,977.0,967.0,218.0,255.0,3.0,0.0
2024-11-25 19:00:00,1062.0,918.0,216.0,302.0,24.0,0.0
2024-11-25 20:00:00,1147.0,817.0,207.0,421.0,24.0,2.0
2024-11-25 21:00:00,1158.0,815.0,211.0,333.0,24.0,19.0
2024-11-25 22:00:00,1158.0,707.0,231.0,278.0,24.0,78.0
2024-11-25 23:00:00,1153.0,697.0,233.0,391.0,24.0,146.0
2024-11-26 00:00:00,1150.0,701.0,240.0,227.0,24.0,83.0
2024-11-26 01:00:00,1152.0,720.0,225.0,123.0,24.0,38.0
2024-11-26 02:00:00,1157.0,814.0,223.0,152.0,24.0,64.0
2024-11-26 03:00:00,1158.0,828.0,226.0,155.0,24.0,73.0
2024-11-26 04:00:00,1159.0,829.0,227.0,82.0,24.0,92.0
2024-11-26 05:00:00,1159.0,826.0,227.0,28.0,24.0,109.0
2024-11-26 06:00:00,1171.0,825.0,228.0,1.0,24.0,201.0
2024-11-26 07:00:00,1170.0,719.0,239.0,0.0,24.0,200.0
2024-11-26 08:00:00,1162.0,705.0,233.0,0.0,24.0,217.0
2024-11-26 09:00:00,1151.0,709.0,222.0,0.0,24.0,210.0
2024-11-26 10:00:00,1146.0,710.0,216.0,0.0,25.0,197.0
2024-11-26 11:00:00,1141.0,689.0,216.0,0.0,25.0,149.0
2024-11-26 12:00:00,1140.0,688.0,216.0,0.0,24.0,99.0
2024-11-26 13:00:00,1141.0,688.0,217.0,0.0,24.0,93.0
2024-11-26 14:00:00,1141.0,707.0,218.0,0.0,25.0,86.0
2024-11-26 15:00:00,1048.0,711.0,208.0,4.0,24.0,91.0
2024-11-26 16:00:00,839.0,709.0,196.0,92.0,20.0,63.0
2024-11-26 17:00:00,633.0,683.0,202.0,391.0,16.0,83.0
2024-11-26 18:00:00,512.0,611.0,209.0,556.0,11.0,118.0
2024-11-26 19:00:00,524.0,579.0,193.0,658.0,10.0,152.0
2024-11-26 20:00:00,568.0,537.0,169.0,521.0,9.0,140.0
2024-11-26 21:00:00,602.0,652.0,196.0,526.0,9.0,142.0
2024-11-26 22:00:00,709.0,633.0,208.0,574.0,9.0,209.0
2024-11-26 23:00:00,794.0,685.0,215.0,423.0,9.0,225.0
2024-11-27 00:00:00,909.0,701.0,231.0,132.0,9.0,203.0
2024-11-27 01:00:00,1010.0,695.0,227.0,115.0,9.0,120.0
2024-11-27 02:00:00,967.0,705.0,229.0,86.0,9.0,37.0
2024-11-27 03:00:00,979.0,689.0,233.0,58.0,9.0,32.0
2024-11-27 04:00:00,913.0,691.0,230.0,55.0,9.0,33.0
2024-11-27 05:00:00,911.0,689.0,233.0,3.0,9.0,61.0
2024-11-27 06:00:00,893.0,689.0,233.0,0.0,9.0,127.0
2024-11-27 07:00:00,979.0,696.0,238.0,0.0,9.0,76.0
2024-11-27 08:00:00,1115.0,688.0,237.0,0.0,9.0,37.0
2024-11-27 09:00:00,1145.0,693.0,230.0,0.0,9.0,31.0
2024-11-27 10:00:00,1146.0,661.0,225.0,0.0,9.0,28.0
2024-11-27 11:00:00,1144.0,610.0,214.0,0.0,9.0,11.0
2024-11-27 12:00:00,1144.0,620.0,215.0,0.0,9.0,6.0
2024-11-27 13:00:00,1143.0,597.0,214.0,0.0,9.0,16.0
2024-11-27 14:00:00,1144.0,649.0,220.0,0.0,9.0,37.0
2024-11-27 15:00:00,1143.0,663.0,219.0,3.0,9.0,87.0
2024-11-27 16:00:00,984.0,672.0,203.0,111.0,7.0,57.0
2024-11-27 17:00:00,776.0,665.0,206.0,441.0,3.0,35.0
2024-11-27 18:00:00,679.0,600.0,192.0,697.0,0.0,30.0
2024-11-27 19:00:00,658.0,562.0,137.0,733.0,0.0,36.0
2024-11-27 20:00:00,552.0,510.0,135.0,835.0,0.0,41.0
2024-11-27 21:00:00,544.0,487.0,128.0,871.0,0.0,32.0
2024-11-27 22:00:00,563.0,504.0,128.0,788.0,0.0,42.0
2024-11-27 23:00:00,690.0,558.0,131.0,718.0,0.0,36.0
2024-11-28 00:00:00,859.0,746.0,200.0,370.0,0.0,44.0
2024-11-28 01:00:00,964.0,850.0,219.0,100.0,0.0,46.0
2024-11-28 02:00:00,1050.0,806.0,235.0,111.0,0.0,44.0
2024-11-28 03:00:00,1100.0,894.0,233.0,87.0,0.0,40.0
2024-11-28 04:00:00,1100.0,1031.0,233.0,86.0,0.0,21.0
2024-11-28 05:00:00,1092.0,1031.0,233.0,82.0,0.0,25.0
2024-11-28 06:00:00,1089.0,1033.0,233.0,4.0,0.0,42.0
2024-11-28 07:00:00,1079.0,1036.0,241.0,6.0,186.0,30.0
2024-11-28 08:00:00,1147.0,1031.0,238.0,0.0,3.0,25.0
2024-11-28 09:00:00,1168.0,868.0,215.0,0.0,0.0,10.0
2024-11-28 10:00:00,1162.0,645.0,213.0,0.0,0.0,0.0
2024-11-28 11:00:00,1157.0,633.0,213.0,0.0,0.0,0.0
2024-11-28 12:00:00,1156.0,632.0,213.0,0.0,0.0,0.0
2024-11-28 13:00:00,1155.0,639.0,215.0,0.0,0.0,0.0
2024-11-28 14:00:00,1155.0,658.0,215.0,0.0,0.0,0.0
2024-11-28 15:00:00,1138.0,671.0,209.0,10.0,0.0,0.0
2024-11-28 16:00:00,1006.0,584.0,182.0,269.0,0.0,0.0
2024-11-28 17:00:00,842.0,413.0,127.0,697.0,0.0,0.0
2024-11-28 18:00:00,639.0,412.0,120.0,892.0,0.0,1.0
2024-11-28 19:00:00,588.0,431.0,110.0,926.0,0.0,12.0
2024-11-28 20:00:00,587.0,428.0,111.0,929.0,0.0,18.0
2024-11-28 21:00:00,589.0,427.0,109.0,922.0,0.0,23.0
2024-11-28 22:00:00,675.0,425.0,110.0,748.0,0.0,15.0
2024-11-28 23:00:00,766.0,568.0,150.0,640.0,0.0,14.0
2024-11-29 00:00:00,921.0,665.0,203.0,231.0,5.0,26.0
2024-11-29 01:00:00,1071.0,663.0,199.0,146.0,191.0,22.0
2024-11-29 02:00:00,1087.0,657.0,211.0,89.0,237.0,6.0
2024-11-29 03:00:00,1077.0,653.0,219.0,85.0,237.0,10.0
2024-11-29 04:00:00,1053.0,776.0,224.0,58.0,238.0,3.0
2024-11-29 05:00:00,1021.0,922.0,223.0,55.0,239.0,0.0
2024-11-29 06:00:00,1034.0,929.0,231.0,2.0,237.0,0.0
2024-11-29 07:00:00,1126.0,931.0,241.0,0.0,4.0,0.0
2024-11-29 08:00:00,1150.0,933.0,240.0,0.0,0.0,0.0
2024-11-29 09:00:00,1153.0,934.0,220.0,0.0,0.0,0.0
2024-11-29 10:00:00,1157.0,933.0,215.0,0.0,0.0,0.0
2024-11-29 11:00:00,1158.0,934.0,214.0,0.0,0.0,0.0
2024-11-29 12:00:00,1156.0,930.0,213.0,0.0,0.0,0.0
2024-11-29 13:00:00,1151.0,927.0,215.0,0.0,0.0,0.0
2024-11-29 14:00:00,1152.0,926.0,214.0,0.0,0.0,0.0
2024-11-29 15:00:00,1149.0,931.0,205.0,7.0,0.0,9.0
2024-11-29 16:00:00,1060.0,867.0,204.0,161.0,0.0,7.0
2024-11-29 17:00:00,895.0,670.0,194.0,375.0,0.0,8.0
2024-11-29 18:00:00,767.0,495.0,150.0,594.0,0.0,0.0
2024-11-29 19:00:00,857.0,554.0,186.0,619.0,0.0,0.0
2024-11-29 20:00:00,933.0,508.0,152.0,700.0,0.0,0.0
2024-11-29 21:00:00,939.0,570.0,192.0,632.0,0.0,0.0
2024-11-29 22:00:00,940.0,593.0,210.0,532.0,0.0,0.0
2024-11-29 23:00:00,942.0,690.0,207.0,298.0,0.0,0.0
2024-11-30 00:00:00,1089.0,878.0,203.0,150.0,0.0,0.0
2024-11-30 01:00:00,1041.0,922.0,209.0,121.0,0.0,0.0
2024-11-30 02:00:00,1123.0,928.0,217.0,85.0,0.0,2.0
2024-11-30 03:00:00,1096.0,932.0,229.0,81.0,0.0,2.0
2024-11-30 04:00:00,1101.0,935.0,230.0,29.0,0.0,2.0
2024-11-30 05:00:00,1114.0,937.0,235.0,0.0,0.0,2.0
2024-11-30 06:00:00,1126.0,934.0,236.0,0.0,0.0,2.0
2024-11-30 07:00:00,1157.0,934.0,239.0,24.0,0.0,2.0
2024-11-30 08:00:00,1136.0,917.0,229.0,0.0,0.0,2.0
2024-11-30 09:00:00,1082.0,834.0,221.0,0.0,0.0,2.0
2024-11-30 10:00:00,1013.0,834.0,213.0,0.0,0.0,0.0
2024-11-30 11:00:00,1005.0,832.0,213.0,0.0,0.0,0.0
2024-11-30 12:00:00,1002.0,831.0,212.0,0.0,0.0,0.0
2024-11-30 13:00:00,996.0,833.0,213.0,0.0,0.0,0.0
2024-11-30 14:00:00,995.0,830.0,214.0,0.0,0.0,0.0
2024-11-30 15:00:00,905.0,830.0,208.0,8.0,0.0,0.0
2024-11-30 16:00:00,797.0,660.0,206.0,230.0,0.0,0.0
2024-11-30 17:00:00,697.0,448.0,141.0,535.0,0.0,0.0
2024-11-30 18:00:00,625.0,372.0,123.0,820.0,0.0,0.0
2024-11-30 19:00:00,596.0,397.0,111.0,854.0,0.0,0.0
2024-11-30 20:00:00,625.0,424.0,105.0,968.0,0.0,0.0
2024-11-30 21:00:00,735.0,331.0,105.0,906.0,0.0,0.0
2024-11-30 22:00:00,838.0,382.0,115.0,817.0,0.0,0.0
2024-11-30 23:00:00,958.0,515.0,154.0,407.0,0.0,0.0
2024-12-01 00:00:00,1121.0,576.0,219.0,136.0,0.0,0.0
2024-12-01 01:00:00,1119.0,669.0,219.0,34.0,0.0,2.0
2024-12-01 02:00:00,1156.0,774.0,217.0,29.0,0.0,0.0
2024-12-01 03:00:00,1123.0,861.0,226.0,29.0,0.0,0.0
2024-12-01 04:00:00,1094.0,1022.0,227.0,29.0,0.0,0.0
2024-12-01 05:00:00,1076.0,1012.0,229.0,28.0,0.0,0.0
2024-12-01 06:00:00,1066.0,1085.0,223.0,1.0,0.0,0.0
2024-12-01 07:00:00,1129.0,1151.0,234.0,1.0,0.0,0.0
2024-12-01 08:00:00,1098.0,985.0,229.0,0.0,0.0,0.0
2024-12-01 09:00:00,925.0,951.0,236.0,0.0,0.0,0.0
2024-12-01 10:00:00,778.0,939.0,230.0,0.0,0.0,0.0
2024-12-01 11:00:00,699.0,935.0,219.0,0.0,0.0,0.0
2024-12-01 12:00:00,642.0,932.0,215.0,0.0,0.0,0.0
2024-12-01 13:00:00,630.0,946.0,215.0,0.0,0.0,0.0
2024-12-01 14:00:00,635.0,958.0,215.0,0.0,0.0,0.0
2024-12-01 15:00:00,747.0,976.0,210.0,5.0,0.0,0.0
2024-12-01 16:00:00,609.0,898.0,189.0,154.0,0.0,0.0
2024-12-01 17:00:00,430.0,683.0,157.0,494.0,0.0,0.0
2024-12-01 18:00:00,397.0,532.0,108.0,748.0,0.0,0.0
2024-12-01 19:00:00,394.0,560.0,104.0,817.0,0.0,0.0
2024-12-01 20:00:00,390.0,520.0,105.0,766.0,0.0,0.0
2024-12-01 21:00:00,392.0,510.0,105.0,798.0,0.0,4.0
2024-12-01 22:00:00,406.0,501.0,115.0,802.0,0.0,9.0
2024-12-01 23:00:00,595.0,518.0,133.0,562.0,0.0,9.0
2024-12-02 00:00:00,810.0,735.0,208.0,257.0,0.0,23.0
2024-12-02 01:00:00,976.0,902.0,242.0,155.0,2.0,11.0
2024-12-02 02:00:00,985.0,960.0,241.0,153.0,230.0,3.0
2024-12-02 03:00:00,942.0,960.0,241.0,32.0,232.0,1.0
2024-12-02 04:00:00,949.0,980.0,243.0,29.0,232.0,9.0
2024-12-02 05:00:00,940.0,981.0,245.0,28.0,232.0,4.0
2024-12-02 06:00:00,941.0,967.0,244.0,22.0,231.0,4.0
2024-12-02 07:00:00,966.0,968.0,244.0,4.0,176.0,0.0
2024-12-02 08:00:00,1015.0,971.0,239.0,53.0,0.0,0.0
2024-12-02 09:00:00,1060.0,971.0,235.0,3.0,0.0,0.0
2024-12-02 10:00:00,1024.0,970.0,229.0,0.0,0.0,0.0
2024-12-02 11:00:00,968.0,970.0,219.0,0.0,0.0,0.0
2024-12-02 12:00:00,932.0,970.0,219.0,0.0,0.0,0.0
2024-12-02 13:00:00,962.0,974.0,225.0,0.0,0.0,0.0
2024-12-02 14:00:00,1053.0,1046.0,226.0,0.0,0.0,0.0
2024-12-02 15:00:00,1061.0,1182.0,232.0,9.0,0.0,0.0
2024-12-02 16:00:00,911.0,1104.0,225.0,248.0,0.0,0.0
2024-12-02 17:00:00,722.0,837.0,183.0,683.0,0.0,0.0
2024-12-02 18:00:00,582.0,785.0,134.0,884.0,0.0,0.0
2024-12-02 19:00:00,441.0,841.0,130.0,973.0,0.0,0.0
2024-12-02 20:00:00,429.0,819.0,131.0,857.0,0.0,0.0
2024-12-02 21:00:00,423.0,713.0,135.0,842.0,0.0,0.0
2024-12-02 22:00:00,431.0,689.0,145.0,745.0,0.0,0.0
2024-12-02 23:00:00,586.0,739.0,159.0,626.0,0.0,0.0
2024-12-03 00:00:00,776.0,912.0,207.0,315.0,0.0,1.0
2024-12-03 01:00:00,957.0,1116.0,242.0,41.0,0.0,10.0
2024-12-03 02:00:00,1119.0,1008.0,248.0,81.0,0.0,8.0
2024-12-03 03:00:00,1148.0,975.0,247.0,59.0,0.0,0.0
2024-12-03 04:00:00,1154.0,974.0,238.0,151.0,0.0,0.0
2024-12-03 05:00:00,1159.0,974.0,236.0,107.0,0.0,0.0
2024-12-03 06:00:00,1157.0,973.0,238.0,15.0,0.0,0.0
2024-12-03 07:00:00,1150.0,941.0,238.0,1.0,0.0,0.0
2024-12-03 08:00:00,1149.0,881.0,238.0,0.0,0.0,0.0
2024-12-03 09:00:00,1176.0,727.0,232.0,0.0,0.0,0.0
2024-12-03 10:00:00,1151.0,606.0,223.0,0.0,0.0,0.0
2024-12-03 11:00:00,1145.0,605.0,219.0,0.0,0.0,0.0
2024-12-03 12:00:00,1137.0,592.0,218.0,0.0,0.0,0.0
2024-12-03 13:00:00,1134.0,620.0,222.0,0.0,0.0,0.0
2024-12-03 14:00:00,1187.0,624.0,233.0,2.0,0.0,0.0
2024-12-03 15:00:00,1163.0,633.0,246.0,5.0,0.0,0.0
2024-12-03 16:00:00,1126.0,730.0,239.0,180.0,0.0,0.0
2024-12-03 17:00:00,920.0,712.0,209.0,549.0,0.0,0.0
2024-12-03 18:00:00,707.0,668.0,164.0,706.0,0.0,0.0
2024-12-03 19:00:00,593.0,637.0,161.0,835.0,0.0,0.0
2024-12-03 20:00:00,503.0,556.0,162.0,798.0,0.0,0.0
2024-12-03 21:00:00,445.0,524.0,160.0,807.0,0.0,0.0
2024-12-03 22:00:00,526.0,525.0,160.0,739.0,0.0,0.0
2024-12-03 23:00:00,690.0,564.0,167.0,533.0,0.0,0.0
2024-12-04 00:00:00,907.0,719.0,217.0,326.0,0.0,8.0
2024-12-04 01:00:00,1109.0,739.0,250.0,20.0,162.0,7.0
2024-12-04 02:00:00,1144.0,741.0,254.0,81.0,232.0,7.0
2024-12-04 03:00:00,1147.0,739.0,251.0,84.0,232.0,3.0
2024-12-04 04:00:00,1148.0,739.0,251.0,43.0,230.0,0.0
2024-12-04 05:00:00,1147.0,739.0,255.0,2.0,180.0,0.0
2024-12-04 06:00:00,1145.0,738.0,255.0,2.0,0.0,0.0
2024-12-04 07:00:00,1141.0,719.0,255.0,49.0,0.0,0.0
2024-12-04 08:00:00,1141.0,717.0,244.0,3.0,0.0,0.0
2024-12-04 09:00:00,1141.0,624.0,240.0,0.0,0.0,0.0
2024-12-04 10:00:00,1139.0,622.0,240.0,0.0,0.0,0.0
2024-12-04 11:00:00,1143.0,622.0,236.0,0.0,0.0,0.0
2024-12-04 12:00:00,1143.0,615.0,230.0,0.0,0.0,0.0
2024-12-04 13:00:00,1135.0,618.0,233.0,0.0,0.0,0.0
2024-12-04 14:00:00,1129.0,620.0,237.0,0.0,0.0,0.0
2024-12-04 15:00:00,1101.0,667.0,243.0,4.0,0.0,0.0
2024-12-04 16:00:00,1103.0,758.0,240.0,197.0,0.0,0.0
2024-12-04 17:00:00,967.0,659.0,180.0,640.0,0.0,0.0
2024-12-04 18:00:00,766.0,583.0,175.0,916.0,0.0,0.0
2024-12-04 19:00:00,557.0,533.0,166.0,993.0,0.0,0.0
2024-12-04 20:00:00,515.0,524.0,158.0,1015.0,0.0,1.0
2024-12-04 21:00:00,513.0,469.0,155.0,925.0,0.0,14.0
2024-12-04 22:00:00,522.0,468.0,171.0,871.0,0.0,22.0
2024-12-04 23:00:00,689.0,522.0,171.0,680.0,0.0,25.0
2024-12-05 00:00:00,929.0,819.0,212.0,308.0,0.0,12.0
2024-12-05 01:00:00,1091.0,974.0,247.0,54.0,215.0,6.0
2024-12-05 02:00:00,1148.0,946.0,254.0,60.0,239.0,7.0
2024-12-05 03:00:00,1092.0,907.0,254.0,136.0,233.0,4.0
2024-12-05 04:00:00,1113.0,907.0,248.0,88.0,232.0,0.0
2024-12-05 05:00:00,1118.0,983.0,248.0,82.0,232.0,0.0
2024-12-05 06:00:00,1094.0,1011.0,250.0,4.0,232.0,0.0
2024-12-05 07:00:00,1106.0,1011.0,255.0,0.0,231.0,0.0
2024-12-05 08:00:00,1112.0,944.0,253.0,0.0,229.0,0.0
2024-12-05 09:00:00,1163.0,916.0,244.0,0.0,0.0,1.0
2024-12-05 10:00:00,1143.0,918.0,231.0,0.0,0.0,1.0
2024-12-05 11:00:00,1085.0,920.0,232.0,0.0,0.0,0.0
2024-12-05 12:00:00,1048.0,921.0,229.0,0.0,0.0,0.0
2024-12-05 13:00:00,1071.0,921.0,235.0,0.0,0.0,0.0
2024-12-05 14:00:00,1024.0,921.0,244.0,0.0,193.0,0.0
2024-12-05 15:00:00,1103.0,886.0,255.0,4.0,234.0,0.0
2024-12-05 16:00:00,1139.0,639.0,240.0,196.0,231.0,0.0
2024-12-05 17:00:00,1067.0,627.0,171.0,697.0,0.0,0.0
2024-12-05 18:00:00,1038.0,625.0,167.0,920.0,0.0,0.0
2024-12-05 19:00:00,909.0,628.0,171.0,984.0,0.0,0.0
2024-12-05 20:00:00,881.0,601.0,168.0,951.0,0.0,0.0
2024-12-05 21:00:00,882.0,653.0,167.0,896.0,0.0,2.0
2024-12-05 22:00:00,885.0,668.0,171.0,848.0,0.0,11.0
2024-12-05 23:00:00,976.0,692.0,173.0,709.0,0.0,16.0
2024-12-06 00:00:00,1089.0,767.0,222.0,391.0,0.0,16.0
2024-12-06 01:00:00,1304.0,1004.0,243.0,131.0,0.0,16.0
2024-12-06 02:00:00,1428.0,1164.0,248.0,117.0,0.0,12.0
2024-12-06 03:00:00,1311.0,1204.0,245.0,115.0,0.0,13.0
2024-12-06 04:00:00,1333.0,1211.0,247.0,29.0,0.0,12.0
2024-12-06 05:00:00,1173.0,1211.0,254.0,3.0,0.0,11.0
2024-12-06 06:00:00,1198.0,1212.0,254.0,0.0,0.0,3.0
2024-12-06 07:00:00,1172.0,1049.0,255.0,0.0,0.0,1.0
2024-12-06 08:00:00,1195.0,831.0,253.0,0.0,0.0,0.0
2024-12-06 09:00:00,1202.0,720.0,246.0,0.0,0.0,0.0
2024-12-06 10:00:00,1210.0,604.0,238.0,0.0,0.0,0.0
2024-12-06 11:00:00,1209.0,603.0,235.0,0.0,0.0,0.0
2024-12-06 12:00:00,1195.0,605.0,234.0,0.0,0.0,0.0
2024-12-06 13:00:00,1166.0,605.0,235.0,0.0,0.0,0.0
2024-12-06 14:00:00,518.0,727.0,240.0,13.0,120.0,0.0
2024-12-06 15:00:00,568.0,820.0,253.0,16.0,0.0,0.0
2024-12-06 16:00:00,582.0,785.0,246.0,232.0,221.0,0.0
2024-12-06 17:00:00,580.0,561.0,168.0,691.0,0.0,0.0
2024-12-06 18:00:00,541.0,525.0,165.0,877.0,0.0,0.0
2024-12-06 19:00:00,441.0,537.0,166.0,939.0,0.0,0.0
2024-12-06 20:00:00,451.0,538.0,166.0,916.0,0.0,4.0
2024-12-06 21:00:00,578.0,534.0,162.0,897.0,0.0,42.0
2024-12-06 22:00:00,553.0,531.0,153.0,854.0,0.0,24.0
2024-12-06 23:00:00,626.0,612.0,165.0,684.0,0.0,24.0
2024-12-07 00:00:00,753.0,781.0,219.0,286.0,0.0,19.0
2024-12-07 01:00:00,928.0,798.0,249.0,125.0,0.0,22.0
2024-12-07 02:00:00,1102.0,786.0,250.0,148.0,0.0,14.0
2024-12-07 03:00:00,1086.0,806.0,252.0,124.0,0.0,8.0
2024-12-07 04:00:00,1056.0,812.0,254.0,60.0,0.0,22.0
2024-12-07 05:00:00,1085.0,818.0,255.0,50.0,0.0,9.0
2024-12-07 06:00:00,1057.0,819.0,256.0,3.0,0.0,7.0
2024-12-07 07:00:00,1131.0,632.0,256.0,0.0,0.0,0.0
2024-12-07 08:00:00,1123.0,622.0,252.0,0.0,0.0,0.0
2024-12-07 09:00:00,1101.0,621.0,244.0,0.0,0.0,0.0
2024-12-07 10:00:00,1009.0,621.0,219.0,0.0,0.0,0.0
2024-12-07 11:00:00,994.0,613.0,218.0,0.0,0.0,0.0
2024-12-07 12:00:00,1033.0,621.0,217.0,0.0,0.0,0.0
2024-12-07 13:00:00,1044.0,600.0,216.0,0.0,0.0,0.0
2024-12-07 14:00:00,1060.0,615.0,216.0,0.0,0.0,0.0
2024-12-07 15:00:00,1088.0,623.0,227.0,4.0,0.0,0.0
2024-12-07 16:00:00,918.0,557.0,208.0,190.0,0.0,0.0
2024-12-07 17:00:00,709.0,371.0,144.0,642.0,0.0,0.0
2024-12-07 18:00:00,486.0,366.0,132.0,959.0,0.0,0.0
2024-12-07 19:00:00,397.0,365.0,130.0,1003.0,0.0,0.0
2024-12-07 20:00:00,392.0,374.0,132.0,942.0,0.0,0.0
2024-12-07 21:00:00,415.0,381.0,141.0,884.0,0.0,0.0
2024-12-07 22:00:00,400.0,363.0,143.0,830.0,0.0,0.0
2024-12-07 23:00:00,555.0,364.0,149.0,663.0,0.0,0.0
2024-12-08 00:00:00,793.0,500.0,199.0,288.0,0.0,0.0
2024-12-08 01:00:00,1029.0,591.0,235.0,81.0,0.0,3.0
2024-12-08 02:00:00,1147.0,676.0,235.0,103.0,0.0,2.0
2024-12-08 03:00:00,1079.0,646.0,244.0,102.0,11.0,5.0
2024-12-08 04:00:00,1009.0,647.0,245.0,99.0,0.0,9.0
2024-12-08 05:00:00,874.0,590.0,244.0,74.0,224.0,2.0
2024-12-08 06:00:00,869.0,599.0,234.0,55.0,235.0,5.0
2024-12-08 07:00:00,747.0,600.0,219.0,3.0,184.0,7.0
2024-12-08 08:00:00,661.0,600.0,225.0,0.0,177.0,39.0
2024-12-08 09:00:00,495.0,598.0,210.0,0.0,0.0,75.0
2024-12-08 10:00:00,399.0,590.0,194.0,0.0,0.0,116.0
2024-12-08 11:00:00,392.0,566.0,196.0,0.0,0.0,132.0
2024-12-08 12:00:00,392.0,514.0,200.0,0.0,0.0,71.0
2024-12-08 13:00:00,392.0,498.0,198.0,0.0,0.0,31.0
2024-12-08 14:00:00,414.0,492.0,162.0,0.0,0.0,15.0
2024-12-08 15:00:00,575.0,557.0,172.0,5.0,0.0,14.0
2024-12-08 16:00:00,474.0,538.0,135.0,132.0,0.0,15.0
2024-12-08 17:00:00,397.0,430.0,106.0,407.0,0.0,14.0
2024-12-08 18:00:00,392.0,365.0,108.0,664.0,0.0,14.0
2024-12-08 19:00:00,391.0,365.0,107.0,696.0,0.0,6.0
2024-12-08 20:00:00,391.0,364.0,115.0,720.0,0.0,3.0
2024-12-08 21:00:00,390.0,365.0,116.0,722.0,0.0,5.0
2024-12-08 22:00:00,394.0,368.0,116.0,410.0,0.0,8.0
2024-12-08 23:00:00,536.0,364.0,123.0,360.0,0.0,9.0
2024-12-09 00:00:00,769.0,501.0,158.0,138.0,0.0,25.0
2024-12-09 01:00:00,1019.0,588.0,186.0,16.0,0.0,21.0
2024-12-09 02:00:00,1161.0,600.0,184.0,109.0,0.0,18.0
2024-12-09 03:00:00,1173.0,600.0,1.0,114.0,0.0,22.0
2024-12-09 04:00:00,1179.0,607.0,0.0,110.0,0.0,22.0
2024-12-09 05:00:00,1184.0,612.0,0.0,26.0,0.0,22.0
2024-12-09 06:00:00,1179.0,600.0,0.0,1.0,0.0,23.0
2024-12-09 07:00:00,1026.0,599.0,0.0,0.0,0.0,23.0
2024-12-09 08:00:00,842.0,600.0,0.0,0.0,0.0,23.0
2024-12-09 09:00:00,613.0,607.0,0.0,0.0,0.0,23.0
2024-12-09 10:00:00,473.0,595.0,0.0,0.0,0.0,39.0
2024-12-09 11:00:00,436.0,538.0,0.0,0.0,0.0,68.0
2024-12-09 12:00:00,431.0,521.0,0.0,0.0,0.0,75.0
2024-12-09 13:00:00,433.0,538.0,0.0,0.0,0.0,139.0
2024-12-09 14:00:00,600.0,552.0,0.0,0.0,0.0,166.0
2024-12-09 15:00:00,789.0,621.0,0.0,3.0,0.0,56.0
2024-12-09 16:00:00,665.0,817.0,0.0,182.0,0.0,8.0
2024-12-09 17:00:00,493.0,616.0,0.0,655.0,0.0,9.0
2024-12-09 18:00:00,441.0,544.0,0.0,883.0,0.0,13.0
2024-12-09 19:00:00,434.0,568.0,0.0,951.0,0.0,68.0
2024-12-09 20:00:00,432.0,574.0,0.0,954.0,0.0,75.0
2024-12-09 21:00:00,431.0,511.0,0.0,952.0,0.0,63.0
2024-12-09 22:00:00,431.0,503.0,0.0,910.0,0.0,66.0
2024-12-09 23:00:00,467.0,528.0,0.0,710.0,0.0,52.0
2024-12-10 00:00:00,668.0,687.0,0.0,378.0,0.0,40.0
2024-12-10 01:00:00,890.0,776.0,0.0,132.0,0.0,34.0
2024-12-10 02:00:00,1106.0,849.0,0.0,114.0,0.0,49.0
2024-12-10 03:00:00,1180.0,783.0,0.0,112.0,0.0,73.0
2024-12-10 04:00:00,1143.0,706.0,0.0,57.0,0.0,37.0
2024-12-10 05:00:00,1177.0,686.0,0.0,5.0,0.0,9.0
2024-12-10 06:00:00,1177.0,726.0,0.0,46.0,0.0,7.0
2024-12-10 07:00:00,1178.0,891.0,0.0,2.0,0.0,2.0
2024-12-10 08:00:00,1131.0,937.0,0.0,0.0,0.0,0.0
2024-12-10 09:00:00,1106.0,940.0,0.0,0.0,0.0,1.0
2024-12-10 10:00:00,1075.0,940.0,0.0,0.0,0.0,1.0
2024-12-10 11:00:00,1016.0,939.0,0.0,0.0,0.0,0.0
2024-12-10 12:00:00,968.0,930.0,0.0,0.0,0.0,0.0
2024-12-10 13:00:00,964.0,931.0,0.0,0.0,0.0,0.0
2024-12-10 14:00:00,1031.0,880.0,0.0,0.0,0.0,1.0
2024-12-10 15:00:00,1124.0,911.0,0.0,6.0,0.0,0.0
2024-12-10 16:00:00,1096.0,868.0,0.0,261.0,0.0,0.0
2024-12-10 17:00:00,944.0,527.0,0.0,658.0,0.0,0.0
2024-12-10 18:00:00,750.0,459.0,0.0,903.0,0.0,0.0
2024-12-10 19:00:00,541.0,508.0,0.0,941.0,0.0,0.0
2024-12-10 20:00:00,423.0,494.0,0.0,929.0,0.0,0.0
2024-12-10 21:00:00,422.0,490.0,0.0,912.0,0.0,0.0
2024-12-10 22:00:00,428.0,456.0,0.0,873.0,0.0,0.0
2024-12-10 23:00:00,595.0,460.0,0.0,727.0,0.0,2.0
2024-12-11 00:00:00,817.0,582.0,0.0,345.0,0.0,0.0
2024-12-11 01:00:00,1031.0,687.0,0.0,86.0,0.0,2.0
2024-12-11 02:00:00,1168.0,719.0,0.0,74.0,0.0,4.0
2024-12-11 03:00:00,1195.0,824.0,0.0,71.0,0.0,1.0
2024-12-11 04:00:00,1193.0,889.0,0.0,19.0,0.0,0.0
2024-12-11 05:00:00,1189.0,749.0,0.0,1.0,0.0,0.0
2024-12-11 06:00:00,1187.0,889.0,0.0,0.0,0.0,0.0
2024-12-11 07:00:00,1174.0,862.0,0.0,0.0,0.0,0.0
2024-12-11 08:00:00,1005.0,883.0,0.0,0.0,0.0,0.0
2024-12-11 09:00:00,1012.0,898.0,0.0,0.0,0.0,0.0
2024-12-11 10:00:00,1022.0,894.0,0.0,0.0,0.0,0.0
2024-12-11 11:00:00,1044.0,877.0,0.0,0.0,0.0,0.0
2024-12-11 12:00:00,976.0,874.0,0.0,0.0,0.0,0.0
2024-12-11 13:00:00,961.0,885.0,0.0,0.0,0.0,1.0
2024-12-11 14:00:00,974.0,855.0,0.0,0.0,0.0,4.0
2024-12-11 15:00:00,1072.0,898.0,0.0,0.0,0.0,4.0
2024-12-11 16:00:00,1086.0,902.0,0.0,107.0,0.0,27.0
2024-12-11 17:00:00,1169.0,756.0,0.0,389.0,0.0,27.0
2024-12-11 18:00:00,1172.0,654.0,0.0,608.0,0.0,49.0
2024-12-11 19:00:00,1138.0,579.0,0.0,657.0,0.0,39.0
2024-12-11 20:00:00,1031.0,562.0,0.0,711.0,0.0,52.0
2024-12-11 21:00:00,1075.0,561.0,0.0,626.0,0.0,47.0
2024-12-11 22:00:00,1154.0,585.0,0.0,588.0,0.0,63.0
2024-12-11 23:00:00,1162.0,677.0,0.0,445.0,0.0,73.0
2024-12-12 00:00:00,1165.0,700.0,0.0,162.0,219.0,46.0
2024-12-12 01:00:00,1172.0,695.0,0.0,121.0,232.0,91.0
2024-12-12 02:00:00,1178.0,694.0,0.0,128.0,234.0,84.0
2024-12-12 03:00:00,1178.0,681.0,0.0,98.0,232.0,42.0
2024-12-12 04:00:00,1178.0,767.0,0.0,85.0,233.0,33.0
2024-12-12 05:00:00,1167.0,884.0,0.0,66.0,224.0,33.0
2024-12-12 06:00:00,1047.0,928.0,0.0,3.0,205.0,68.0
2024-12-12 07:00:00,1028.0,927.0,0.0,0.0,179.0,133.0
2024-12-12 08:00:00,1046.0,930.0,0.0,0.0,0.0,155.0
2024-12-12 09:00:00,1019.0,928.0,0.0,0.0,0.0,143.0
2024-12-12 10:00:00,994.0,927.0,0.0,0.0,0.0,149.0
2024-12-12 11:00:00,947.0,920.0,0.0,0.0,0.0,123.0
2024-12-12 12:00:00,942.0,927.0,0.0,0.0,0.0,87.0
2024-12-12 13:00:00,974.0,927.0,0.0,0.0,0.0,106.0
2024-12-12 14:00:00,949.0,875.0,0.0,0.0,0.0,128.0
2024-12-12 15:00:00,937.0,926.0,0.0,2.0,0.0,83.0
2024-12-12 16:00:00,992.0,973.0,0.0,169.0,0.0,68.0
2024-12-12 17:00:00,1009.0,977.0,0.0,253.0,0.0,56.0
2024-12-12 18:00:00,1004.0,964.0,0.0,461.0,0.0,109.0
2024-12-12 19:00:00,1079.0,1027.0,0.0,508.0,0.0,107.0
2024-12-12 20:00:00,981.0,994.0,0.0,562.0,0.0,64.0
2024-12-12 21:00:00,988.0,924.0,0.0,431.0,0.0,163.0
2024-12-12 22:00:00,913.0,771.0,0.0,397.0,0.0,192.0
2024-12-12 23:00:00,965.0,730.0,0.0,447.0,0.0,192.0
2024-12-13 00:00:00,1044.0,900.0,0.0,248.0,219.0,210.0
2024-12-13 01:00:00,1127.0,974.0,0.0,65.0,232.0,176.0
2024-12-13 02:00:00,1184.0,1072.0,0.0,84.0,233.0,67.0
2024-12-13 03:00:00,1158.0,1076.0,0.0,86.0,233.0,129.0
2024-12-13 04:00:00,1181.0,1074.0,0.0,114.0,232.0,134.0
2024-12-13 05:00:00,1116.0,1028.0,0.0,151.0,231.0,203.0
2024-12-13 06:00:00,1196.0,929.0,0.0,7.0,232.0,229.0
2024-12-13 07:00:00,1075.0,903.0,0.0,0.0,233.0,213.0
2024-12-13 08:00:00,1129.0,875.0,0.0,0.0,230.0,179.0
2024-12-13 09:00:00,1044.0,796.0,0.0,0.0,232.0,164.0
2024-12-13 10:00:00,926.0,836.0,0.0,0.0,233.0,207.0
2024-12-13 11:00:00,866.0,792.0,0.0,0.0,233.0,199.0
2024-12-13 12:00:00,851.0,821.0,0.0,0.0,232.0,166.0
2024-12-13 13:00:00,947.0,844.0,0.0,0.0,232.0,125.0
2024-12-13 14:00:00,1097.0,817.0,0.0,0.0,231.0,67.0
2024-12-13 15:00:00,1132.0,851.0,0.0,1.0,0.0,38.0
2024-12-13 16:00:00,1130.0,822.0,0.0,162.0,0.0,63.0
2024-12-13 17:00:00,1036.0,575.0,0.0,593.0,0.0,47.0
2024-12-13 18:00:00,899.0,517.0,0.0,814.0,0.0,46.0
2024-12-13 19:00:00,724.0,520.0,0.0,900.0,0.0,19.0
2024-12-13 20:00:00,509.0,576.0,0.0,986.0,6.0,0.0
2024-12-13 21:00:00,417.0,705.0,0.0,966.0,54.0,0.0
2024-12-13 22:00:00,397.0,697.0,0.0,885.0,99.0,0.0
2024-12-13 23:00:00,491.0,704.0,0.0,783.0,99.0,0.0
2024-12-14 00:00:00,527.0,1105.0,0.0,424.0,339.0,12.0
2024-12-14 01:00:00,648.0,1286.0,0.0,109.0,338.0,29.0
2024-12-14 02:00:00,871.0,1143.0,0.0,86.0,338.0,48.0
2024-12-14 03:00:00,1011.0,1126.0,0.0,87.0,338.0,112.0
2024-12-14 04:00:00,1032.0,1237.0,0.0,86.0,340.0,218.0
2024-12-14 05:00:00,1084.0,1367.0,0.0,58.0,332.0,221.0
2024-12-14 06:00:00,1031.0,1380.0,0.0,48.0,233.0,206.0
2024-12-14 07:00:00,1008.0,1377.0,0.0,5.0,148.0,144.0
2024-12-14 08:00:00,849.0,1439.0,0.0,0.0,0.0,152.0
2024-12-14 09:00:00,798.0,1374.0,0.0,0.0,0.0,162.0
2024-12-14 10:00:00,749.0,1370.0,0.0,0.0,0.0,181.0
2024-12-14 11:00:00,681.0,1371.0,0.0,0.0,0.0,208.0
2024-12-14 12:00:00,645.0,1370.0,0.0,0.0,0.0,155.0
2024-12-14 13:00:00,622.0,1314.0,0.0,0.0,0.0,104.0
2024-12-14 14:00:00,679.0,1257.0,0.0,0.0,0.0,163.0
2024-12-14 15:00:00,792.0,1180.0,0.0,0.0,0.0,202.0
2024-12-14 16:00:00,747.0,819.0,0.0,49.0,0.0,239.0
2024-12-14 17:00:00,656.0,812.0,0.0,206.0,0.0,209.0
2024-12-14 18:00:00,487.0,616.0,0.0,605.0,0.0,163.0
2024-12-14 19:00:00,436.0,500.0,0.0,791.0,0.0,235.0
2024-12-14 20:00:00,396.0,346.0,0.0,843.0,0.0,266.0
2024-12-14 21:00:00,390.0,343.0,0.0,733.0,0.0,267.0
2024-12-14 22:00:00,392.0,362.0,0.0,605.0,0.0,269.0
2024-12-14 23:00:00,494.0,387.0,0.0,483.0,0.0,272.0
2024-12-15 00:00:00,621.0,783.0,0.0,293.0,0.0,272.0
2024-12-15 01:00:00,660.0,954.0,0.0,23.0,229.0,274.0
2024-12-15 02:00:00,661.0,972.0,0.0,146.0,222.0,183.0
2024-12-15 03:00:00,587.0,1289.0,0.0,46.0,183.0,181.0
2024-12-15 04:00:00,542.0,1367.0,0.0,64.0,182.0,182.0
2024-12-15 05:00:00,637.0,1386.0,0.0,25.0,0.0,210.0
2024-12-15 06:00:00,641.0,1387.0,0.0,31.0,0.0,257.0
2024-12-15 07:00:00,635.0,1368.0,0.0,1.0,0.0,239.0
2024-12-15 08:00:00,515.0,1308.0,0.0,0.0,0.0,209.0
2024-12-15 09:00:00,420.0,1139.0,0.0,0.0,0.0,190.0
2024-12-15 10:00:00,409.0,1161.0,0.0,0.0,0.0,121.0
2024-12-15 11:00:00,404.0,1180.0,0.0,0.0,0.0,99.0
2024-12-15 12:00:00,405.0,1230.0,0.0,0.0,0.0,114.0
2024-12-15 13:00:00,506.0,1279.0,0.0,0.0,0.0,94.0
2024-12-15 14:00:00,613.0,1299.0,0.0,0.0,0.0,65.0
2024-12-15 15:00:00,726.0,1367.0,0.0,1.0,0.0,17.0
2024-12-15 16:00:00,634.0,1019.0,0.0,160.0,0.0,0.0
2024-12-15 17:00:00,495.0,488.0,0.0,686.0,0.0,0.0
2024-12-15 18:00:00,413.0,345.0,0.0,967.0,0.0,0.0
2024-12-15 19:00:00,394.0,345.0,0.0,940.0,0.0,0.0
2024-12-15 20:00:00,394.0,345.0,0.0,1006.0,0.0,0.0
2024-12-15 21:00:00,475.0,354.0,0.0,976.0,0.0,0.0
2024-12-15 22:00:00,409.0,415.0,0.0,861.0,0.0,2.0
2024-12-15 23:00:00,396.0,601.0,0.0,764.0,2.0,4.0
2024-12-16 00:00:00,520.0,718.0,0.0,360.0,224.0,25.0
2024-12-16 01:00:00,648.0,1120.0,0.0,28.0,237.0,33.0
2024-12-16 02:00:00,665.0,1191.0,0.0,75.0,236.0,15.0
2024-12-16 03:00:00,669.0,1201.0,0.0,78.0,236.0,2.0
2024-12-16 04:00:00,669.0,1374.0,0.0,19.0,236.0,0.0
2024-12-16 05:00:00,670.0,1388.0,0.0,0.0,236.0,0.0
2024-12-16 06:00:00,668.0,1389.0,0.0,0.0,235.0,0.0
2024-12-16 07:00:00,576.0,1359.0,0.0,0.0,184.0,0.0
2024-12-16 08:00:00,571.0,1307.0,0.0,144.0,230.0,0.0
2024-12-16 09:00:00,703.0,1230.0,0.0,7.0,233.0,0.0
2024-12-16 10:00:00,716.0,1134.0,0.0,0.0,234.0,0.0
2024-12-16 11:00:00,679.0,1093.0,0.0,0.0,234.0,15.0
2024-12-16 12:00:00,700.0,1017.0,0.0,0.0,234.0,11.0
2024-12-16 13:00:00,762.0,984.0,0.0,0.0,234.0,16.0
2024-12-16 14:00:00,885.0,1028.0,0.0,0.0,235.0,14.0
2024-12-16 15:00:00,974.0,1226.0,0.0,5.0,234.0,7.0
2024-12-16 16:00:00,977.0,1275.0,0.0,117.0,227.0,8.0
2024-12-16 17:00:00,968.0,1056.0,0.0,512.0,0.0,29.0
2024-12-16 18:00:00,965.0,758.0,0.0,888.0,0.0,66.0
2024-12-16 19:00:00,919.0,690.0,0.0,914.0,0.0,78.0
2024-12-16 20:00:00,930.0,688.0,0.0,795.0,0.0,134.0
2024-12-16 21:00:00,924.0,756.0,0.0,747.0,0.0,145.0
2024-12-16 22:00:00,954.0,836.0,0.0,565.0,0.0,152.0
2024-12-16 23:00:00,981.0,1037.0,0.0,330.0,0.0,214.0
2024-12-17 00:00:00,862.0,1108.0,0.0,249.0,0.0,242.0
2024-12-17 01:00:00,845.0,1324.0,0.0,29.0,0.0,221.0
2024-12-17 02:00:00,847.0,1648.0,0.0,76.0,0.0,244.0
2024-12-17 03:00:00,849.0,1660.0,0.0,80.0,0.0,266.0
2024-12-17 04:00:00,850.0,1671.0,0.0,80.0,0.0,211.0
2024-12-17 05:00:00,853.0,1674.0,0.0,80.0,0.0,237.0
2024-12-17 06:00:00,860.0,1677.0,0.0,80.0,0.0,175.0
2024-12-17 07:00:00,863.0,1523.0,0.0,77.0,0.0,140.0
2024-12-17 08:00:00,866.0,1287.0,0.0,4.0,0.0,93.0
2024-12-17 09:00:00,864.0,1175.0,0.0,0.0,0.0,125.0
2024-12-17 10:00:00,834.0,773.0,0.0,0.0,0.0,110.0
2024-12-17 11:00:00,783.0,805.0,0.0,0.0,0.0,131.0
2024-12-17 12:00:00,754.0,805.0,0.0,0.0,0.0,94.0
2024-12-17 13:00:00,744.0,804.0,0.0,0.0,0.0,45.0
2024-12-17 14:00:00,828.0,818.0,0.0,0.0,0.0,39.0
2024-12-17 15:00:00,963.0,821.0,0.0,0.0,0.0,39.0
2024-12-17 16:00:00,925.0,827.0,4.0,109.0,0.0,32.0
2024-12-17 17:00:00,768.0,844.0,16.0,513.0,0.0,17.0
2024-12-17 18:00:00,584.0,792.0,16.0,844.0,0.0,1.0
2024-12-17 19:00:00,439.0,786.0,25.0,956.0,0.0,2.0
2024-12-17 20:00:00,416.0,791.0,41.0,948.0,0.0,1.0
2024-12-17 21:00:00,410.0,799.0,65.0,935.0,0.0,73.0
2024-12-17 22:00:00,453.0,796.0,111.0,905.0,0.0,114.0
2024-12-17 23:00:00,512.0,791.0,102.0,744.0,0.0,94.0
2024-12-18 00:00:00,674.0,847.0,116.0,365.0,0.0,32.0
2024-12-18 01:00:00,753.0,905.0,145.0,103.0,231.0,15.0
2024-12-18 02:00:00,756.0,911.0,182.0,81.0,236.0,6.0
2024-12-18 03:00:00,760.0,896.0,199.0,80.0,235.0,1.0
2024-12-18 04:00:00,760.0,822.0,207.0,81.0,236.0,4.0
2024-12-18 05:00:00,767.0,821.0,207.0,81.0,236.0,0.0
2024-12-18 06:00:00,774.0,821.0,202.0,77.0,235.0,0.0
2024-12-18 07:00:00,776.0,813.0,196.0,3.0,235.0,0.0
2024-12-18 08:00:00,768.0,800.0,197.0,0.0,236.0,0.0
2024-12-18 09:00:00,758.0,533.0,207.0,0.0,207.0,0.0
2024-12-18 10:00:00,766.0,494.0,206.0,0.0,181.0,0.0
2024-12-18 11:00:00,763.0,494.0,199.0,0.0,183.0,0.0
2024-12-18 12:00:00,753.0,493.0,199.0,0.0,182.0,0.0
2024-12-18 13:00:00,748.0,495.0,197.0,3.0,182.0,0.0
2024-12-18 14:00:00,770.0,494.0,203.0,4.0,183.0,0.0
2024-12-18 15:00:00,780.0,589.0,194.0,0.0,184.0,0.0
2024-12-18 16:00:00,790.0,593.0,193.0,146.0,180.0,0.0
2024-12-18 17:00:00,632.0,613.0,141.0,616.0,1.0,1.0
2024-12-18 18:00:00,468.0,610.0,136.0,853.0,0.0,1.0
2024-12-18 19:00:00,438.0,610.0,134.0,1003.0,0.0,0.0
2024-12-18 20:00:00,397.0,595.0,134.0,995.0,0.0,0.0
2024-12-18 21:00:00,392.0,595.0,135.0,967.0,0.0,0.0
2024-12-18 22:00:00,396.0,595.0,128.0,965.0,0.0,0.0
2024-12-18 23:00:00,516.0,617.0,135.0,760.0,0.0,0.0
2024-12-19 00:00:00,635.0,715.0,170.0,382.0,209.0,0.0
2024-12-19 01:00:00,727.0,653.0,146.0,105.0,183.0,0.0
2024-12-19 02:00:00,706.0,709.0,149.0,81.0,182.0,0.0
2024-12-19 03:00:00,679.0,1094.0,196.0,80.0,232.0,0.0
2024-12-19 04:00:00,646.0,929.0,210.0,82.0,229.0,0.0
2024-12-19 05:00:00,594.0,823.0,210.0,82.0,236.0,0.0
2024-12-19 06:00:00,619.0,577.0,184.0,78.0,213.0,0.0
2024-12-19 07:00:00,611.0,554.0,162.0,4.0,200.0,0.0
2024-12-19 08:00:00,589.0,787.0,208.0,0.0,226.0,0.0
2024-12-19 09:00:00,568.0,797.0,243.0,0.0,0.0,0.0
2024-12-19 10:00:00,434.0,785.0,234.0,0.0,0.0,0.0
2024-12-19 11:00:00,397.0,767.0,224.0,0.0,0.0,0.0
2024-12-19 12:00:00,383.0,746.0,222.0,0.0,0.0,0.0
2024-12-19 13:00:00,378.0,743.0,224.0,0.0,0.0,0.0
2024-12-19 14:00:00,468.0,771.0,232.0,0.0,0.0,0.0
2024-12-19 15:00:00,658.0,802.0,228.0,1.0,0.0,0.0
2024-12-19 16:00:00,738.0,776.0,221.0,148.0,0.0,0.0
2024-12-19 17:00:00,585.0,576.0,158.0,554.0,0.0,0.0
2024-12-19 18:00:00,454.0,556.0,161.0,793.0,0.0,0.0
2024-12-19 19:00:00,444.0,607.0,161.0,819.0,0.0,0.0
2024-12-19 20:00:00,522.0,618.0,165.0,846.0,0.0,0.0
2024-12-19 21:00:00,533.0,665.0,167.0,840.0,0.0,0.0
2024-12-19 22:00:00,534.0,767.0,171.0,844.0,0.0,6.0
2024-12-19 23:00:00,539.0,944.0,169.0,700.0,0.0,2.0
2024-12-20 00:00:00,643.0,1061.0,213.0,311.0,218.0,3.0
2024-12-20 01:00:00,770.0,1151.0,241.0,76.0,232.0,3.0
2024-12-20 02:00:00,850.0,1358.0,231.0,82.0,231.0,0.0
2024-12-20 03:00:00,837.0,1365.0,237.0,57.0,233.0,0.0
2024-12-20 04:00:00,840.0,1380.0,244.0,56.0,232.0,0.0
2024-12-20 05:00:00,839.0,1386.0,245.0,56.0,232.0,0.0
2024-12-20 06:00:00,710.0,1390.0,245.0,54.0,230.0,0.0
2024-12-20 07:00:00,649.0,1385.0,248.0,2.0,0.0,0.0
2024-12-20 08:00:00,602.0,1370.0,248.0,0.0,0.0,0.0
2024-12-20 09:00:00,593.0,905.0,243.0,0.0,0.0,0.0
2024-12-20 10:00:00,499.0,882.0,229.0,0.0,0.0,1.0
2024-12-20 11:00:00,420.0,724.0,227.0,0.0,0.0,6.0
2024-12-20 12:00:00,392.0,602.0,226.0,0.0,0.0,1.0
2024-12-20 13:00:00,470.0,603.0,229.0,0.0,0.0,9.0
2024-12-20 14:00:00,614.0,616.0,236.0,0.0,2.0,12.0
2024-12-20 15:00:00,800.0,622.0,223.0,2.0,183.0,6.0
2024-12-20 16:00:00,956.0,607.0,222.0,216.0,39.0,4.0
2024-12-20 17:00:00,867.0,515.0,162.0,682.0,0.0,0.0
2024-12-20 18:00:00,698.0,424.0,142.0,911.0,0.0,0.0
2024-12-20 19:00:00,543.0,408.0,142.0,939.0,0.0,0.0
2024-12-20 20:00:00,454.0,410.0,138.0,1003.0,0.0,0.0
2024-12-20 21:00:00,428.0,456.0,133.0,991.0,0.0,0.0
2024-12-20 22:00:00,433.0,671.0,132.0,958.0,0.0,0.0
2024-12-20 23:00:00,498.0,746.0,150.0,676.0,0.0,0.0
2024-12-21 00:00:00,591.0,862.0,185.0,326.0,223.0,0.0
2024-12-21 01:00:00,754.0,913.0,234.0,50.0,242.0,0.0
2024-12-21 02:00:00,869.0,915.0,235.0,150.0,241.0,0.0
2024-12-21 03:00:00,837.0,918.0,244.0,153.0,242.0,0.0
2024-12-21 04:00:00,823.0,917.0,244.0,113.0,240.0,0.0
2024-12-21 05:00:00,873.0,919.0,244.0,32.0,239.0,0.0
2024-12-21 06:00:00,888.0,848.0,245.0,12.0,238.0,0.0
2024-12-21 07:00:00,908.0,649.0,247.0,0.0,9.0,0.0
2024-12-21 08:00:00,718.0,616.0,247.0,0.0,0.0,0.0
2024-12-21 09:00:00,519.0,605.0,247.0,0.0,0.0,0.0
2024-12-21 10:00:00,403.0,607.0,239.0,0.0,0.0,9.0
2024-12-21 11:00:00,391.0,607.0,233.0,0.0,0.0,21.0
2024-12-21 12:00:00,391.0,591.0,233.0,0.0,0.0,43.0
2024-12-21 13:00:00,395.0,519.0,233.0,0.0,0.0,44.0
2024-12-21 14:00:00,394.0,487.0,231.0,0.0,0.0,36.0
2024-12-21 15:00:00,511.0,492.0,220.0,1.0,0.0,55.0
2024-12-21 16:00:00,645.0,502.0,206.0,178.0,1.0,50.0
2024-12-21 17:00:00,639.0,427.0,158.0,622.0,2.0,58.0
2024-12-21 18:00:00,480.0,408.0,127.0,985.0,3.0,58.0
2024-12-21 19:00:00,398.0,424.0,126.0,980.0,3.0,79.0
2024-12-21 20:00:00,391.0,421.0,121.0,883.0,3.0,113.0
2024-12-21 21:00:00,389.0,407.0,112.0,937.0,2.0,117.0
2024-12-21 22:00:00,391.0,312.0,114.0,932.0,1.0,129.0
2024-12-21 23:00:00,429.0,372.0,128.0,853.0,1.0,136.0
2024-12-22 00:00:00,632.0,504.0,164.0,412.0,210.0,227.0
2024-12-22 01:00:00,841.0,476.0,221.0,119.0,230.0,196.0
2024-12-22 02:00:00,1027.0,551.0,225.0,84.0,239.0,209.0
2024-12-22 03:00:00,1136.0,545.0,228.0,82.0,239.0,228.0
2024-12-22 04:00:00,1120.0,552.0,228.0,79.0,313.0,251.0
2024-12-22 05:00:00,1100.0,557.0,228.0,69.0,238.0,200.0
2024-12-22 06:00:00,1015.0,558.0,239.0,0.0,395.0,194.0
2024-12-22 07:00:00,876.0,532.0,246.0,0.0,181.0,201.0
2024-12-22 08:00:00,989.0,344.0,243.0,0.0,181.0,168.0
2024-12-22 09:00:00,895.0,271.0,242.0,0.0,181.0,181.0
2024-12-22 10:00:00,799.0,291.0,234.0,0.0,88.0,160.0
2024-12-22 11:00:00,691.0,341.0,219.0,0.0,0.0,144.0
2024-12-22 12:00:00,623.0,323.0,159.0,0.0,0.0,150.0
2024-12-22 13:00:00,600.0,296.0,154.0,0.0,0.0,127.0
2024-12-22 14:00:00,637.0,345.0,178.0,0.0,0.0,130.0
2024-12-22 15:00:00,813.0,346.0,212.0,0.0,0.0,108.0
2024-12-22 16:00:00,746.0,331.0,194.0,25.0,0.0,86.0
2024-12-22 17:00:00,666.0,346.0,201.0,90.0,0.0,62.0
2024-12-22 18:00:00,534.0,344.0,203.0,270.0,0.0,33.0
2024-12-22 19:00:00,443.0,341.0,193.0,552.0,0.0,42.0
2024-12-22 20:00:00,577.0,343.0,203.0,419.0,0.0,55.0
2024-12-22 21:00:00,543.0,340.0,209.0,493.0,0.0,48.0
2024-12-22 22:00:00,563.0,312.0,147.0,466.0,0.0,28.0
2024-12-22 23:00:00,658.0,321.0,154.0,229.0,0.0,25.0
2024-12-23 00:00:00,836.0,344.0,196.0,186.0,231.0,19.0
2024-12-23 01:00:00,766.0,345.0,218.0,75.0,253.0,25.0
2024-12-23 02:00:00,683.0,541.0,232.0,56.0,440.0,49.0
2024-12-23 03:00:00,692.0,595.0,238.0,56.0,427.0,35.0
2024-12-23 04:00:00,708.0,604.0,236.0,55.0,441.0,25.0
2024-12-23 05:00:00,712.0,609.0,238.0,29.0,426.0,19.0
2024-12-23 06:00:00,698.0,631.0,239.0,28.0,435.0,23.0
2024-12-23 07:00:00,677.0,520.0,247.0,27.0,238.0,16.0
2024-12-23 08:00:00,692.0,490.0,246.0,1.0,6.0,10.0
2024-12-23 09:00:00,683.0,420.0,240.0,0.0,0.0,214.0
2024-12-23 10:00:00,699.0,346.0,233.0,21.0,0.0,160.0
2024-12-23 11:00:00,701.0,321.0,182.0,1.0,0.0,233.0
2024-12-23 12:00:00,697.0,308.0,160.0,0.0,0.0,308.0
2024-12-23 13:00:00,688.0,312.0,217.0,0.0,0.0,283.0
2024-12-23 14:00:00,686.0,440.0,225.0,3.0,0.0,307.0
2024-12-23 15:00:00,695.0,445.0,237.0,70.0,326.0,295.0
2024-12-23 16:00:00,699.0,408.0,230.0,116.0,434.0,327.0
2024-12-23 17:00:00,705.0,269.0,175.0,488.0,248.0,246.0
2024-12-23 18:00:00,690.0,200.0,167.0,680.0,31.0,146.0
2024-12-23 19:00:00,617.0,177.0,160.0,837.0,18.0,168.0
2024-12-23 20:00:00,498.0,177.0,160.0,822.0,17.0,268.0
2024-12-23 21:00:00,534.0,184.0,162.0,821.0,17.0,214.0
2024-12-23 22:00:00,590.0,208.0,175.0,704.0,17.0,268.0
2024-12-23 23:00:00,687.0,316.0,174.0,487.0,18.0,267.0
2024-12-24 00:00:00,632.0,519.0,200.0,257.0,18.0,144.0
2024-12-24 01:00:00,624.0,881.0,235.0,104.0,147.0,223.0
2024-12-24 02:00:00,681.0,1048.0,237.0,85.0,156.0,99.0
2024-12-24 03:00:00,692.0,1049.0,243.0,81.0,158.0,89.0
2024-12-24 04:00:00,696.0,1048.0,244.0,3.0,159.0,65.0
2024-12-24 05:00:00,685.0,1049.0,244.0,5.0,121.0,15.0
2024-12-24 06:00:00,657.0,1050.0,244.0,106.0,45.0,12.0
2024-12-24 07:00:00,675.0,1005.0,244.0,57.0,4.0,14.0
2024-12-24 08:00:00,688.0,1004.0,243.0,4.0,2.0,15.0
2024-12-24 09:00:00,697.0,809.0,243.0,3.0,4.0,17.0
2024-12-24 10:00:00,701.0,797.0,235.0,0.0,4.0,29.0
2024-12-24 11:00:00,698.0,796.0,230.0,0.0,4.0,10.0
2024-12-24 12:00:00,604.0,798.0,219.0,0.0,3.0,7.0
2024-12-24 13:00:00,593.0,798.0,224.0,0.0,3.0,4.0
2024-12-24 14:00:00,676.0,798.0,230.0,0.0,3.0,8.0
2024-12-24 15:00:00,688.0,582.0,227.0,3.0,136.0,8.0
2024-12-24 16:00:00,702.0,455.0,229.0,106.0,145.0,31.0
2024-12-24 17:00:00,731.0,470.0,236.0,221.0,4.0,45.0
2024-12-24 18:00:00,702.0,469.0,236.0,465.0,2.0,60.0
2024-12-24 19:00:00,697.0,467.0,230.0,607.0,2.0,98.0
2024-12-24 20:00:00,657.0,464.0,226.0,496.0,2.0,83.0
2024-12-24 21:00:00,653.0,447.0,168.0,487.0,2.0,75.0
2024-12-24 22:00:00,651.0,441.0,161.0,571.0,3.0,62.0
2024-12-24 23:00:00,651.0,536.0,164.0,477.0,4.0,84.0
2024-12-25 00:00:00,647.0,684.0,172.0,342.0,4.0,160.0
2024-12-25 01:00:00,807.0,720.0,217.0,28.0,143.0,261.0
2024-12-25 02:00:00,980.0,674.0,222.0,67.0,152.0,228.0
2024-12-25 03:00:00,1079.0,628.0,197.0,3.0,71.0,161.0
2024-12-25 04:00:00,1134.0,603.0,177.0,2.0,5.0,127.0
2024-12-25 05:00:00,1061.0,388.0,182.0,63.0,141.0,208.0
2024-12-25 06:00:00,1057.0,394.0,232.0,36.0,100.0,216.0
2024-12-25 07:00:00,973.0,353.0,201.0,149.0,6.0,323.0
2024-12-25 08:00:00,990.0,187.0,168.0,7.0,16.0,163.0
2024-12-25 09:00:00,826.0,182.0,169.0,0.0,3.0,131.0
2024-12-25 10:00:00,726.0,181.0,167.0,0.0,4.0,167.0
2024-12-25 11:00:00,710.0,174.0,167.0,0.0,3.0,208.0
2024-12-25 12:00:00,668.0,174.0,167.0,0.0,4.0,208.0
2024-12-25 13:00:00,663.0,181.0,167.0,0.0,4.0,229.0
2024-12-25 14:00:00,703.0,182.0,215.0,0.0,4.0,285.0
2024-12-25 15:00:00,794.0,184.0,199.0,0.0,85.0,276.0
2024-12-25 16:00:00,742.0,192.0,173.0,143.0,51.0,371.0
2024-12-25 17:00:00,664.0,150.0,131.0,547.0,9.0,346.0
2024-12-25 18:00:00,489.0,142.0,124.0,797.0,8.0,320.0
2024-12-25 19:00:00,405.0,136.0,123.0,864.0,0.0,322.0
2024-12-25 20:00:00,398.0,163.0,118.0,914.0,0.0,317.0
2024-12-25 21:00:00,395.0,158.0,118.0,857.0,0.0,313.0
2024-12-25 22:00:00,444.0,164.0,125.0,771.0,0.0,315.0
2024-12-25 23:00:00,492.0,150.0,127.0,512.0,8.0,281.0
2024-12-26 00:00:00,580.0,192.0,153.0,177.0,231.0,284.0
2024-12-26 01:00:00,725.0,198.0,212.0,13.0,386.0,259.0
2024-12-26 02:00:00,845.0,200.0,226.0,0.0,396.0,256.0
2024-12-26 03:00:00,920.0,202.0,237.0,0.0,396.0,185.0
2024-12-26 04:00:00,874.0,204.0,241.0,0.0,396.0,192.0
2024-12-26 05:00:00,890.0,204.0,242.0,0.0,347.0,239.0
2024-12-26 06:00:00,822.0,206.0,243.0,0.0,345.0,316.0
2024-12-26 07:00:00,658.0,206.0,242.0,2.0,249.0,341.0
2024-12-26 08:00:00,642.0,206.0,242.0,0.0,246.0,335.0
2024-12-26 09:00:00,641.0,204.0,242.0,0.0,247.0,338.0
2024-12-26 10:00:00,533.0,204.0,240.0,0.0,247.0,330.0
2024-12-26 11:00:00,464.0,206.0,233.0,0.0,247.0,336.0
2024-12-26 12:00:00,459.0,206.0,179.0,0.0,247.0,267.0
2024-12-26 13:00:00,510.0,206.0,211.0,0.0,248.0,213.0
2024-12-26 14:00:00,664.0,206.0,236.0,0.0,247.0,352.0
2024-12-26 15:00:00,868.0,205.0,234.0,0.0,341.0,368.0
2024-12-26 16:00:00,1028.0,204.0,221.0,21.0,254.0,207.0
2024-12-26 17:00:00,928.0,227.0,213.0,225.0,251.0,127.0
2024-12-26 18:00:00,760.0,210.0,208.0,582.0,13.0,225.0
2024-12-26 19:00:00,571.0,183.0,149.0,834.0,12.0,230.0
2024-12-26 20:00:00,415.0,172.0,132.0,857.0,14.0,383.0
2024-12-26 21:00:00,394.0,146.0,132.0,722.0,15.0,536.0
2024-12-26 22:00:00,396.0,150.0,132.0,600.0,16.0,577.0
2024-12-26 23:00:00,460.0,139.0,132.0,526.0,16.0,567.0
2024-12-27 00:00:00,661.0,174.0,147.0,362.0,17.0,528.0
2024-12-27 01:00:00,889.0,212.0,208.0,90.0,110.0,414.0
2024-12-27 02:00:00,1091.0,207.0,222.0,57.0,330.0,367.0
2024-12-27 03:00:00,1131.0,207.0,240.0,57.0,334.0,370.0
2024-12-27 04:00:00,1122.0,207.0,247.0,54.0,347.0,407.0
2024-12-27 05:00:00,1041.0,207.0,250.0,2.0,348.0,352.0
2024-12-27 06:00:00,944.0,207.0,250.0,0.0,344.0,343.0
2024-12-27 07:00:00,852.0,207.0,245.0,0.0,343.0,339.0
2024-12-27 08:00:00,739.0,197.0,240.0,0.0,353.0,339.0
2024-12-27 09:00:00,704.0,205.0,243.0,0.0,255.0,338.0
2024-12-27 10:00:00,725.0,194.0,211.0,0.0,15.0,340.0
2024-12-27 11:00:00,667.0,182.0,162.0,0.0,13.0,389.0
2024-12-27 12:00:00,616.0,177.0,148.0,0.0,13.0,443.0
2024-12-27 13:00:00,566.0,192.0,168.0,0.0,13.0,434.0
2024-12-27 14:00:00,519.0,205.0,226.0,0.0,13.0,461.0
2024-12-27 15:00:00,612.0,216.0,235.0,0.0,106.0,482.0
2024-12-27 16:00:00,738.0,201.0,225.0,32.0,16.0,536.0
2024-12-27 17:00:00,650.0,168.0,216.0,312.0,13.0,596.0
2024-12-27 18:00:00,612.0,184.0,150.0,561.0,3.0,563.0
2024-12-27 19:00:00,497.0,157.0,153.0,719.0,0.0,525.0
2024-12-27 20:00:00,493.0,145.0,139.0,802.0,0.0,538.0
2024-12-27 21:00:00,475.0,141.0,133.0,846.0,0.0,541.0
2024-12-27 22:00:00,439.0,139.0,143.0,700.0,0.0,491.0
2024-12-27 23:00:00,407.0,139.0,147.0,881.0,0.0,467.0
2024-12-28 00:00:00,559.0,282.0,176.0,457.0,92.0,441.0
2024-12-28 01:00:00,722.0,295.0,232.0,151.0,142.0,439.0
2024-12-28 02:00:00,853.0,309.0,239.0,113.0,380.0,369.0
2024-12-28 03:00:00,873.0,308.0,242.0,113.0,376.0,361.0
2024-12-28 04:00:00,815.0,306.0,249.0,110.0,383.0,325.0
2024-12-28 05:00:00,865.0,306.0,250.0,32.0,331.0,303.0
2024-12-28 06:00:00,921.0,208.0,250.0,27.0,283.0,338.0
2024-12-28 07:00:00,862.0,207.0,246.0,1.0,0.0,340.0
2024-12-28 08:00:00,776.0,206.0,242.0,0.0,0.0,333.0
2024-12-28 09:00:00,666.0,184.0,180.0,0.0,0.0,325.0
2024-12-28 10:00:00,536.0,184.0,152.0,0.0,0.0,323.0
2024-12-28 11:00:00,422.0,183.0,150.0,0.0,0.0,351.0
2024-12-28 12:00:00,413.0,185.0,145.0,0.0,0.0,377.0
2024-12-28 13:00:00,412.0,185.0,145.0,0.0,0.0,407.0
2024-12-28 14:00:00,414.0,188.0,153.0,0.0,0.0,449.0
2024-12-28 15:00:00,513.0,194.0,196.0,0.0,91.0,515.0
2024-12-28 16:00:00,525.0,203.0,223.0,43.0,93.0,516.0
2024-12-28 17:00:00,496.0,199.0,206.0,240.0,0.0,544.0
2024-12-28 18:00:00,515.0,168.0,142.0,647.0,0.0,532.0
2024-12-28 19:00:00,465.0,171.0,136.0,680.0,0.0,510.0
2024-12-28 20:00:00,435.0,156.0,134.0,674.0,0.0,485.0
2024-12-28 21:00:00,404.0,140.0,145.0,719.0,0.0,495.0
2024-12-28 22:00:00,445.0,139.0,145.0,498.0,0.0,481.0
2024-12-28 23:00:00,539.0,140.0,147.0,404.0,0.0,465.0
2024-12-29 00:00:00,630.0,168.0,159.0,228.0,0.0,531.0
2024-12-29 01:00:00,732.0,196.0,207.0,108.0,90.0,527.0
2024-12-29 02:00:00,844.0,200.0,216.0,88.0,279.0,540.0
2024-12-29 03:00:00,869.0,191.0,221.0,88.0,277.0,576.0
2024-12-29 04:00:00,858.0,202.0,224.0,88.0,280.0,566.0
2024-12-29 05:00:00,839.0,200.0,239.0,86.0,185.0,545.0
2024-12-29 06:00:00,819.0,186.0,238.0,50.0,181.0,506.0
2024-12-29 07:00:00,704.0,205.0,234.0,2.0,0.0,470.0
2024-12-29 08:00:00,599.0,205.0,237.0,0.0,0.0,456.0
2024-12-29 09:00:00,579.0,205.0,187.0,0.0,0.0,503.0
2024-12-29 10:00:00,579.0,199.0,169.0,0.0,0.0,504.0
2024-12-29 11:00:00,517.0,183.0,162.0,0.0,0.0,507.0
2024-12-29 12:00:00,509.0,185.0,159.0,0.0,0.0,509.0
2024-12-29 13:00:00,491.0,187.0,159.0,0.0,0.0,506.0
2024-12-29 14:00:00,534.0,190.0,164.0,0.0,0.0,516.0
2024-12-29 15:00:00,692.0,196.0,171.0,1.0,91.0,529.0
2024-12-29 16:00:00,631.0,169.0,177.0,171.0,81.0,569.0
2024-12-29 17:00:00,473.0,0.0,115.0,675.0,0.0,562.0
2024-12-29 18:00:00,486.0,0.0,98.0,958.0,0.0,597.0
2024-12-29 19:00:00,555.0,0.0,96.0,1066.0,0.0,602.0
2024-12-29 20:00:00,537.0,0.0,96.0,1068.0,0.0,605.0
2024-12-29 21:00:00,660.0,0.0,96.0,972.0,0.0,594.0
2024-12-29 22:00:00,791.0,0.0,96.0,910.0,0.0,547.0
2024-12-29 23:00:00,805.0,21.0,106.0,701.0,0.0,537.0
2024-12-30 00:00:00,832.0,47.0,129.0,321.0,2.0,509.0
2024-12-30 01:00:00,839.0,182.0,169.0,70.0,99.0,548.0
2024-12-30 02:00:00,842.0,211.0,202.0,57.0,338.0,592.0
2024-12-30 03:00:00,859.0,309.0,159.0,57.0,341.0,597.0
2024-12-30 04:00:00,864.0,293.0,150.0,59.0,336.0,582.0
2024-12-30 05:00:00,922.0,293.0,150.0,107.0,245.0,498.0
2024-12-30 06:00:00,921.0,293.0,150.0,26.0,242.0,375.0
2024-12-30 07:00:00,767.0,294.0,147.0,1.0,243.0,334.0
2024-12-30 08:00:00,596.0,293.0,148.0,0.0,241.0,389.0
2024-12-30 09:00:00,438.0,293.0,171.0,0.0,241.0,421.0
2024-12-30 10:00:00,395.0,293.0,163.0,0.0,10.0,351.0
2024-12-30 11:00:00,435.0,293.0,155.0,0.0,3.0,329.0
2024-12-30 12:00:00,421.0,293.0,155.0,0.0,3.0,335.0
2024-12-30 13:00:00,444.0,293.0,157.0,0.0,3.0,340.0
2024-12-30 14:00:00,580.0,301.0,164.0,0.0,3.0,352.0
2024-12-30 15:00:00,732.0,294.0,169.0,0.0,145.0,333.0
2024-12-30 16:00:00,763.0,215.0,167.0,134.0,139.0,336.0
2024-12-30 17:00:00,698.0,176.0,166.0,621.0,4.0,338.0
2024-12-30 18:00:00,650.0,251.0,157.0,921.0,3.0,371.0
2024-12-30 19:00:00,556.0,244.0,153.0,988.0,3.0,420.0
2024-12-30 20:00:00,416.0,230.0,146.0,960.0,3.0,414.0
2024-12-30 21:00:00,392.0,243.0,145.0,863.0,3.0,417.0
2024-12-30 22:00:00,391.0,325.0,145.0,941.0,3.0,428.0
2024-12-30 23:00:00,394.0,304.0,146.0,802.0,4.0,376.0
2024-12-31 00:00:00,505.0,399.0,155.0,532.0,219.0,388.0
